hbs_category,category,country,year,mean_expenditure_pps_hh,household_count,household_share,group_consumption_share,group_consumption_share_pm,source
age,Less than 30 years,AT,1994,21015,545,0.0825257419745609,0.0708957033545758,70.8957033545758,Eurostat hbs_exp_t135 PPS_HH x hbs_car_t314 NR
age,From 30 to 44 years,AT,1994,27134,2134,0.323137492428831,0.358428268810388,358.428268810388,Eurostat hbs_exp_t135 PPS_HH x hbs_car_t314 NR
age,From 45 to 59 years,AT,1994,28706,1978,0.299515445184737,0.351473824128417,351.473824128417,Eurostat hbs_exp_t135 PPS_HH x hbs_car_t314 NR
age,60 years or over,AT,1994,18188,1947,0.294821320411872,0.219202203706619,219.202203706619,Eurostat hbs_exp_t135 PPS_HH x hbs_car_t314 NR
age,Less than 30 years,AT,1999,20755,648,0.0912933220625528,0.0700866061971463,70.0866061971463,Eurostat hbs_exp_t135 PPS_HH x hbs_car_t314 NR
age,From 30 to 44 years,AT,1999,31436,2543,0.358269935193012,0.416592001539679,416.592001539679,Eurostat hbs_exp_t135 PPS_HH x hbs_car_t314 NR
age,From 45 to 59 years,AT,1999,29788,2053,0.28923640462102,0.318689372897459,318.689372897459,Eurostat hbs_exp_t135 PPS_HH x hbs_car_t314 NR
age,60 years or over,AT,1999,20145,1854,0.261200338123415,0.194632019365716,194.632019365716,Eurostat hbs_exp_t135 PPS_HH x hbs_car_t314 NR
age,Less than 30 years,AT,2005,26197,788,0.0938095238095238,0.0799012055705045,79.9012055705045,Eurostat hbs_exp_t135 PPS_HH x hbs_car_t314 NR
age,From 30 to 44 years,AT,2005,33404,3075,0.366071428571429,0.397575075097101,397.575075097101,Eurostat hbs_exp_t135 PPS_HH x hbs_car_t314 NR
age,From 45 to 59 years,AT,2005,35516,2343,0.278928571428571,0.322086031547065,322.086031547065,Eurostat hbs_exp_t135 PPS_HH x hbs_car_t314 NR
age,60 years or over,AT,2005,23603,2194,0.261190476190476,0.20043768778533,200.43768778533,Eurostat hbs_exp_t135 PPS_HH x hbs_car_t314 NR
age,Less than 30 years,AT,2010,27197,627,0.095959595959596,0.0783990328910208,78.3990328910208,Eurostat hbs_exp_t135 PPS_HH x hbs_car_t314 NR
age,From 30 to 44 years,AT,2010,35919,1860,0.284664830119376,0.307156241496484,307.156241496484,Eurostat hbs_exp_t135 PPS_HH x hbs_car_t314 NR
age,From 45 to 59 years,AT,2010,38135,2128,0.32568105295378,0.373093375229105,373.093375229105,Eurostat hbs_exp_t135 PPS_HH x hbs_car_t314 NR
age,60 years or over,AT,2010,27356,1919,0.293694520967248,0.24135135038339,241.35135038339,Eurostat hbs_exp_t135 PPS_HH x hbs_car_t314 NR
age,Less than 30 years,AT,2015,28140,652,0.0910360234571349,0.0739236768923439,73.9236768923439,Eurostat hbs_exp_t135 PPS_HH x hbs_car_t314 NR
age,From 30 to 44 years,AT,2015,36800,1834,0.256073722423904,0.271931188812541,271.931188812541,Eurostat hbs_exp_t135 PPS_HH x hbs_car_t314 NR
age,From 45 to 59 years,AT,2015,39235,2336,0.326165875453784,0.369282193396892,369.282193396892,Eurostat hbs_exp_t135 PPS_HH x hbs_car_t314 NR
age,60 years or over,AT,2015,30214,2340,0.326724378665177,0.284862940898223,284.862940898223,Eurostat hbs_exp_t135 PPS_HH x hbs_car_t314 NR
age,Less than 30 years,AT,2020,30111,652,0.0913293178316291,0.0791546922868843,79.1546922868843,Eurostat hbs_exp_t135 PPS_HH x hbs_car_t314 NR
age,From 30 to 44 years,AT,2020,37213,1746,0.244572068917215,0.261964723512238,261.964723512238,Eurostat hbs_exp_t135 PPS_HH x hbs_car_t314 NR
age,From 45 to 59 years,AT,2020,38913,2200,0.308166409861325,0.345160655580027,345.160655580027,Eurostat hbs_exp_t135 PPS_HH x hbs_car_t314 NR
age,60 years or over,AT,2020,30622,2541,0.355932203389831,0.313719928620851,313.719928620851,Eurostat hbs_exp_t135 PPS_HH x hbs_car_t314 NR
age,Less than 30 years,BE,1988,16551,309,0.0932689405372774,0.0885677087577096,88.5677087577096,Eurostat hbs_exp_t135 PPS_HH x hbs_car_t314 NR
age,From 30 to 44 years,BE,1988,20441,1141,0.344400845155448,0.403906157688014,403.906157688014,Eurostat hbs_exp_t135 PPS_HH x hbs_car_t314 NR
age,From 45 to 59 years,BE,1988,18053,878,0.265016601267733,0.274496359876607,274.496359876607,Eurostat hbs_exp_t135 PPS_HH x hbs_car_t314 NR
age,60 years or over,BE,1988,13661,985,0.297313613039541,0.23302977367767,233.02977367767,Eurostat hbs_exp_t135 PPS_HH x hbs_car_t314 NR
age,Less than 30 years,BE,1994,21555,229,0.0840675477239354,0.0803442227934973,80.3442227934973,Eurostat hbs_exp_t135 PPS_HH x hbs_car_t314 NR
age,From 30 to 44 years,BE,1994,25652,1002,0.36784140969163,0.418369578199972,418.369578199972,Eurostat hbs_exp_t135 PPS_HH x hbs_car_t314 NR
age,From 45 to 59 years,BE,1994,24798,608,0.223201174743025,0.245409504961828,245.409504961828,Eurostat hbs_exp_t135 PPS_HH x hbs_car_t314 NR
age,60 years or over,BE,1994,17763,885,0.32488986784141,0.255876694044703,255.876694044703,Eurostat hbs_exp_t135 PPS_HH x hbs_car_t314 NR
age,Less than 30 years,BE,1999,23763,411,0.109746328437917,0.0937384546665369,93.7384546665369,Eurostat hbs_exp_t135 PPS_HH x hbs_car_t314 NR
age,From 30 to 44 years,BE,1999,31543,1433,0.382643524699599,0.43383430068789,433.83430068789,Eurostat hbs_exp_t135 PPS_HH x hbs_car_t314 NR
age,From 45 to 59 years,BE,1999,31439,928,0.247797062750334,0.280021514193378,280.021514193378,Eurostat hbs_exp_t135 PPS_HH x hbs_car_t314 NR
age,60 years or over,BE,1999,20603,973,0.25981308411215,0.192405730452196,192.405730452196,Eurostat hbs_exp_t135 PPS_HH x hbs_car_t314 NR
age,Less than 30 years,BE,2005,27820,392,0.110422535211268,0.102002471381347,102.002471381347,Eurostat hbs_exp_t135 PPS_HH x hbs_car_t314 NR
age,From 30 to 44 years,BE,2005,33971,1137,0.320281690140845,0.361273658941891,361.273658941891,Eurostat hbs_exp_t135 PPS_HH x hbs_car_t314 NR
age,From 45 to 59 years,BE,2005,32513,1047,0.294929577464789,0.318398657052513,318.398657052513,Eurostat hbs_exp_t135 PPS_HH x hbs_car_t314 NR
age,60 years or over,BE,2005,23965,974,0.274366197183099,0.218325212624248,218.325212624248,Eurostat hbs_exp_t135 PPS_HH x hbs_car_t314 NR
age,Less than 30 years,BE,2010,26365,669,0.0932144350006967,0.0784005451976647,78.4005451976647,Eurostat hbs_exp_t135 PPS_HH x hbs_car_t314 NR
age,From 30 to 44 years,BE,2010,34300,2159,0.300822070502996,0.329163712360671,329.163712360671,Eurostat hbs_exp_t135 PPS_HH x hbs_car_t314 NR
age,From 45 to 59 years,BE,2010,34260,2276,0.317124146579351,0.346597005088803,346.597005088803,Eurostat hbs_exp_t135 PPS_HH x hbs_car_t314 NR
age,60 years or over,BE,2010,26680,2073,0.288839347916957,0.245838737352861,245.838737352861,Eurostat hbs_exp_t135 PPS_HH x hbs_car_t314 NR
age,Less than 30 years,BE,2015,28315,453,0.073838630806846,0.0594475236509743,59.4475236509743,Eurostat hbs_exp_t135 PPS_HH x hbs_car_t314 NR
age,From 30 to 44 years,BE,2015,36039,1958,0.319152404237979,0.327042669909194,327.042669909194,Eurostat hbs_exp_t135 PPS_HH x hbs_car_t314 NR
age,From 45 to 59 years,BE,2015,38961,2081,0.33920130399348,0.375769196228447,375.769196228447,Eurostat hbs_exp_t135 PPS_HH x hbs_car_t314 NR
age,60 years or over,BE,2015,31221,1643,0.267807660961695,0.237740610211385,237.740610211385,Eurostat hbs_exp_t135 PPS_HH x hbs_car_t314 NR
age,Less than 30 years,BE,2020,26529,294,0.0481651376146789,0.041677977403435,41.677977403435,Eurostat hbs_exp_t135 PPS_HH x hbs_car_t314 NR
age,From 30 to 44 years,BE,2020,33446,1597,0.261631716906946,0.285422053427318,285.422053427318,Eurostat hbs_exp_t135 PPS_HH x hbs_car_t314 NR
age,From 45 to 59 years,BE,2020,33717,1708,0.279816513761468,0.307733812273034,307.733812273034,Eurostat hbs_exp_t135 PPS_HH x hbs_car_t314 NR
age,60 years or over,BE,2020,27280,2505,0.410386631716907,0.365166156896214,365.166156896214,Eurostat hbs_exp_t135 PPS_HH x hbs_car_t314 NR
age,Less than 30 years,BG,2005,8435,157,0.0547038327526132,0.0650041803986451,65.0041803986451,Eurostat hbs_exp_t135 PPS_HH x hbs_car_t314 NR
age,From 30 to 44 years,BG,2005,8922,662,0.230662020905923,0.289919051990729,289.919051990729,Eurostat hbs_exp_t135 PPS_HH x hbs_car_t314 NR
age,From 45 to 59 years,BG,2005,8145,836,0.291289198606272,0.334236529817044,334.236529817044,Eurostat hbs_exp_t135 PPS_HH x hbs_car_t314 NR
age,60 years or over,BG,2005,5212,1215,0.423344947735192,0.310840237793582,310.840237793582,Eurostat hbs_exp_t135 PPS_HH x hbs_car_t314 NR
age,Less than 30 years,BG,2010,10763,52,0.0174379610999329,0.0201015514882538,20.1015514882538,Eurostat hbs_exp_t135 PPS_HH x hbs_car_t314 NR
age,From 30 to 44 years,BG,2010,11836,426,0.142857142857143,0.181095413086818,181.095413086818,Eurostat hbs_exp_t135 PPS_HH x hbs_car_t314 NR
age,From 45 to 59 years,BG,2010,10386,816,0.27364185110664,0.304390694662118,304.390694662118,Eurostat hbs_exp_t135 PPS_HH x hbs_car_t314 NR
age,60 years or over,BG,2010,8155,1688,0.566063044936284,0.49441234076281,494.41234076281,Eurostat hbs_exp_t135 PPS_HH x hbs_car_t314 NR
age,Less than 30 years,BG,2015,16112,79,0.0266351989211059,0.0345996166894124,34.5996166894124,Eurostat hbs_exp_t135 PPS_HH x hbs_car_t314 NR
age,From 30 to 44 years,BG,2015,16926,511,0.172285906945381,0.235109392696875,235.109392696875,Eurostat hbs_exp_t135 PPS_HH x hbs_car_t314 NR
age,From 45 to 59 years,BG,2015,14179,772,0.260283209710047,0.297548418200952,297.548418200952,Eurostat hbs_exp_t135 PPS_HH x hbs_car_t314 NR
age,60 years or over,BG,2015,9925,1604,0.540795684423466,0.432742572412761,432.742572412761,Eurostat hbs_exp_t135 PPS_HH x hbs_car_t314 NR
age,Less than 30 years,BG,2020,16471,43,0.0145663956639566,0.0183780863247689,18.3780863247689,Eurostat hbs_exp_t135 PPS_HH x hbs_car_t314 NR
age,From 30 to 44 years,BG,2020,17910,372,0.126016260162602,0.172882243633982,172.882243633982,Eurostat hbs_exp_t135 PPS_HH x hbs_car_t314 NR
age,From 45 to 59 years,BG,2020,16141,718,0.243224932249322,0.300723069866688,300.723069866688,Eurostat hbs_exp_t135 PPS_HH x hbs_car_t314 NR
age,60 years or over,BG,2020,10763,1819,0.616192411924119,0.508016600174561,508.016600174561,Eurostat hbs_exp_t135 PPS_HH x hbs_car_t314 NR
age,Less than 30 years,CY,2005,38327,221,0.0739130434782609,0.0828359373021156,82.8359373021156,Eurostat hbs_exp_t135 PPS_HH x hbs_car_t314 NR
age,From 30 to 44 years,CY,2005,38559,949,0.317391304347826,0.357860418119551,357.860418119551,Eurostat hbs_exp_t135 PPS_HH x hbs_car_t314 NR
age,From 45 to 59 years,CY,2005,43721,909,0.304013377926421,0.388665203049714,388.665203049714,Eurostat hbs_exp_t135 PPS_HH x hbs_car_t314 NR
age,60 years or over,CY,2005,19153,911,0.304682274247492,0.17063844152862,170.63844152862,Eurostat hbs_exp_t135 PPS_HH x hbs_car_t314 NR
age,Less than 30 years,CY,2010,36046,105,0.0387883265607684,0.0322035475421778,32.2035475421778,Eurostat hbs_exp_t135 PPS_HH x hbs_car_t314 NR
age,From 30 to 44 years,CY,2010,53345,628,0.231991134096786,0.285043211188966,285.043211188966,Eurostat hbs_exp_t135 PPS_HH x hbs_car_t314 NR
age,From 45 to 59 years,CY,2010,55011,885,0.326930181012191,0.414238203076711,414.238203076711,Eurostat hbs_exp_t135 PPS_HH x hbs_car_t314 NR
age,60 years or over,CY,2010,28979,1089,0.402290358330255,0.268515038192145,268.515038192145,Eurostat hbs_exp_t135 PPS_HH x hbs_car_t314 NR
age,Less than 30 years,CY,2015,27294,141,0.0490264255910987,0.0381430509859802,38.1430509859802,Eurostat hbs_exp_t135 PPS_HH x hbs_car_t314 NR
age,From 30 to 44 years,CY,2015,37440,728,0.253129346314325,0.270144635599176,270.144635599176,Eurostat hbs_exp_t135 PPS_HH x hbs_car_t314 NR
age,From 45 to 59 years,CY,2015,46609,841,0.292420027816412,0.388503476649082,388.503476649082,Eurostat hbs_exp_t135 PPS_HH x hbs_car_t314 NR
age,60 years or over,CY,2015,26237,1166,0.405424200278164,0.303208836765762,303.208836765762,Eurostat hbs_exp_t135 PPS_HH x hbs_car_t314 NR
age,Less than 30 years,CY,2020,26218,141,0.0490264255910987,0.038142425698587,38.142425698587,Eurostat hbs_exp_t135 PPS_HH x hbs_car_t314 NR
age,From 30 to 44 years,CY,2020,35964,728,0.253129346314325,0.270140068356443,270.140068356443,Eurostat hbs_exp_t135 PPS_HH x hbs_car_t314 NR
age,From 45 to 59 years,CY,2020,44773,841,0.292420027816412,0.388509665683688,388.509665683688,Eurostat hbs_exp_t135 PPS_HH x hbs_car_t314 NR
age,60 years or over,CY,2020,25203,1166,0.405424200278164,0.303207840261283,303.207840261283,Eurostat hbs_exp_t135 PPS_HH x hbs_car_t314 NR
age,Less than 30 years,CZ,2005,11962,213,0.0718381112984823,0.0707736234084896,70.7736234084896,Eurostat hbs_exp_t135 PPS_HH x hbs_car_t314 NR
age,From 30 to 44 years,CZ,2005,14551,890,0.300168634064081,0.35972521154747,359.72521154747,Eurostat hbs_exp_t135 PPS_HH x hbs_car_t314 NR
age,From 45 to 59 years,CZ,2005,13812,917,0.309274873524452,0.35181466181918,351.81466181918,Eurostat hbs_exp_t135 PPS_HH x hbs_car_t314 NR
age,60 years or over,CZ,2005,8293,945,0.318718381112985,0.21768650322486,217.68650322486,Eurostat hbs_exp_t135 PPS_HH x hbs_car_t314 NR
age,Less than 30 years,CZ,2010,10678,148,0.0504774897680764,0.0395858676550759,39.5858676550759,Eurostat hbs_exp_t135 PPS_HH x hbs_car_t314 NR
age,From 30 to 44 years,CZ,2010,15756,966,0.329467939972715,0.381251564929586,381.251564929586,Eurostat hbs_exp_t135 PPS_HH x hbs_car_t314 NR
age,From 45 to 59 years,CZ,2010,14798,988,0.336971350613915,0.366225435427411,366.225435427411,Eurostat hbs_exp_t135 PPS_HH x hbs_car_t314 NR
age,60 years or over,CZ,2010,10242,830,0.283083219645293,0.212937131987927,212.937131987927,Eurostat hbs_exp_t135 PPS_HH x hbs_car_t314 NR
age,Less than 30 years,CZ,2015,13187,156,0.0532604984636395,0.0449518369429678,44.9518369429678,Eurostat hbs_exp_t135 PPS_HH x hbs_car_t314 NR
age,From 30 to 44 years,CZ,2015,18075,936,0.319562990781837,0.369684288804493,369.684288804493,Eurostat hbs_exp_t135 PPS_HH x hbs_car_t314 NR
age,From 45 to 59 years,CZ,2015,17046,980,0.334585182656197,0.36502734447058,365.02734447058,Eurostat hbs_exp_t135 PPS_HH x hbs_car_t314 NR
age,60 years or over,CZ,2015,11766,857,0.292591328098327,0.220336529781959,220.336529781959,Eurostat hbs_exp_t135 PPS_HH x hbs_car_t314 NR
age,Less than 30 years,CZ,2020,19763,81,0.0220949263502455,0.0265625756809223,26.5625756809223,Eurostat hbs_exp_t135 PPS_HH x hbs_car_t314 NR
age,From 30 to 44 years,CZ,2020,21626,766,0.208947081287507,0.27487627924456,274.87627924456,Eurostat hbs_exp_t135 PPS_HH x hbs_car_t314 NR
age,From 45 to 59 years,CZ,2020,19778,881,0.240316421167485,0.289128282381421,289.128282381421,Eurostat hbs_exp_t135 PPS_HH x hbs_car_t314 NR
age,60 years or over,CZ,2020,12732,1938,0.528641571194763,0.409432862693097,409.432862693097,Eurostat hbs_exp_t135 PPS_HH x hbs_car_t314 NR
age,Less than 30 years,DE,1988,12521,3660,0.0836456714507725,0.0597988155111208,59.7988155111208,Eurostat hbs_exp_t135 PPS_HH x hbs_car_t314 NR
age,From 30 to 44 years,DE,1988,19071,14526,0.331977328823476,0.361486419915272,361.486419915272,Eurostat hbs_exp_t135 PPS_HH x hbs_car_t314 NR
age,From 45 to 59 years,DE,1988,20546,13593,0.310654538806107,0.364430805825225,364.430805825225,Eurostat hbs_exp_t135 PPS_HH x hbs_car_t314 NR
age,60 years or over,DE,1988,13711,11977,0.273722460919645,0.214283958748381,214.283958748381,Eurostat hbs_exp_t135 PPS_HH x hbs_car_t314 NR
age,Less than 30 years,DE,1994,16022,3698,0.0924292034292284,0.0700529846690563,70.0529846690563,Eurostat hbs_exp_t135 PPS_HH x hbs_car_t314 NR
age,From 30 to 44 years,DE,1994,22719,14239,0.355894923642181,0.382482624622561,382.482624622561,Eurostat hbs_exp_t135 PPS_HH x hbs_car_t314 NR
age,From 45 to 59 years,DE,1994,24597,11472,0.286735484515984,0.333629380267283,333.629380267283,Eurostat hbs_exp_t135 PPS_HH x hbs_car_t314 NR
age,60 years or over,DE,1994,17062,10600,0.264940388412607,0.2138350104411,213.8350104411,Eurostat hbs_exp_t135 PPS_HH x hbs_car_t314 NR
age,Less than 30 years,DE,1999,18191,4102,0.0677154695676577,0.0511211007495941,51.1211007495941,Eurostat hbs_exp_t135 PPS_HH x hbs_car_t314 NR
age,From 30 to 44 years,DE,1999,24791,23558,0.388893474420985,0.400110943012959,400.110943012959,Eurostat hbs_exp_t135 PPS_HH x hbs_car_t314 NR
age,From 45 to 59 years,DE,1999,27816,17314,0.285818049754857,0.329943865044997,329.943865044997,Eurostat hbs_exp_t135 PPS_HH x hbs_car_t314 NR
age,60 years or over,DE,1999,20471,15603,0.2575730062565,0.21882409119245,218.82409119245,Eurostat hbs_exp_t135 PPS_HH x hbs_car_t314 NR
age,Less than 30 years,DE,2005,19121,3431,0.0657065706570657,0.042806054491011,42.806054491011,Eurostat hbs_exp_t135 PPS_HH x hbs_car_t314 NR
age,From 30 to 44 years,DE,2005,30218,17562,0.336327249746251,0.346268966023961,346.268966023961,Eurostat hbs_exp_t135 PPS_HH x hbs_car_t314 NR
age,From 45 to 59 years,DE,2005,34207,16213,0.3104927514028,0.361869725346445,361.869725346445,Eurostat hbs_exp_t135 PPS_HH x hbs_car_t314 NR
age,60 years or over,DE,2005,25428,15011,0.287473428193883,0.249055254138583,249.055254138583,Eurostat hbs_exp_t135 PPS_HH x hbs_car_t314 NR
age,Less than 30 years,DE,2010,19945,3758,0.069597747981332,0.0481085862108596,48.1085862108596,Eurostat hbs_exp_t135 PPS_HH x hbs_car_t314 NR
age,From 30 to 44 years,DE,2010,30626,15210,0.281687532409808,0.298986287160347,298.986287160347,Eurostat hbs_exp_t135 PPS_HH x hbs_car_t314 NR
age,From 45 to 59 years,DE,2010,31349,18572,0.343951403807689,0.373692296121083,373.692296121083,Eurostat hbs_exp_t135 PPS_HH x hbs_car_t314 NR
age,60 years or over,DE,2010,26435,16456,0.30476331580117,0.279212830507711,279.212830507711,Eurostat hbs_exp_t135 PPS_HH x hbs_car_t314 NR
age,Less than 30 years,DE,2015,21943,4521,0.0862588720140426,0.0609849008537517,60.9849008537517,Eurostat hbs_exp_t135 PPS_HH x hbs_car_t314 NR
age,From 30 to 44 years,DE,2015,33187,12013,0.229203235900176,0.245081925855189,245.081925855189,Eurostat hbs_exp_t135 PPS_HH x hbs_car_t314 NR
age,From 45 to 59 years,DE,2015,34552,17762,0.338891856826681,0.377273993118381,377.273993118381,Eurostat hbs_exp_t135 PPS_HH x hbs_car_t314 NR
age,60 years or over,DE,2015,28434,18116,0.345646035259101,0.316659180172678,316.659180172678,Eurostat hbs_exp_t135 PPS_HH x hbs_car_t314 NR
age,Less than 30 years,DE,2020,22984,4349,0.0840646383422894,0.0596450193385865,59.6450193385865,Eurostat hbs_exp_t135 PPS_HH x hbs_car_t314 NR
age,From 30 to 44 years,DE,2020,35096,12365,0.239011095217845,0.258947012676002,258.947012676002,Eurostat hbs_exp_t135 PPS_HH x hbs_car_t314 NR
age,From 45 to 59 years,DE,2020,35873,16239,0.313894150848572,0.347605102165176,347.605102165176,Eurostat hbs_exp_t135 PPS_HH x hbs_car_t314 NR
age,60 years or over,DE,2020,29786,18781,0.363030115591294,0.333802865820235,333.802865820235,Eurostat hbs_exp_t135 PPS_HH x hbs_car_t314 NR
age,Less than 30 years,DK,1994,16576,641,0.21839863713799,0.185221348696392,185.221348696392,Eurostat hbs_exp_t135 PPS_HH x hbs_car_t314 NR
age,From 30 to 44 years,DK,1994,22635,866,0.295059625212947,0.341705261071898,341.705261071898,Eurostat hbs_exp_t135 PPS_HH x hbs_car_t314 NR
age,From 45 to 59 years,DK,1994,23369,762,0.259625212947189,0.310419056481932,310.419056481932,Eurostat hbs_exp_t135 PPS_HH x hbs_car_t314 NR
age,60 years or over,DK,1994,14010,666,0.226916524701874,0.162654333749778,162.654333749778,Eurostat hbs_exp_t135 PPS_HH x hbs_car_t314 NR
age,Less than 30 years,DK,1999,18708,523,0.191926605504587,0.152213190850324,152.213190850324,Eurostat hbs_exp_t135 PPS_HH x hbs_car_t314 NR
age,From 30 to 44 years,DK,1999,28530,821,0.301284403669725,0.364391442133317,364.391442133317,Eurostat hbs_exp_t135 PPS_HH x hbs_car_t314 NR
age,From 45 to 59 years,DK,1999,27208,726,0.266422018348624,0.307295697525948,307.295697525948,Eurostat hbs_exp_t135 PPS_HH x hbs_car_t314 NR
age,60 years or over,DK,1999,17282,655,0.240366972477064,0.176099669490411,176.099669490411,Eurostat hbs_exp_t135 PPS_HH x hbs_car_t314 NR
age,Less than 30 years,DK,2005,18549,478,0.19518170681911,0.150160455390292,150.160455390292,Eurostat hbs_exp_t135 PPS_HH x hbs_car_t314 NR
age,From 30 to 44 years,DK,2005,27912,738,0.301347488770927,0.348862667440161,348.862667440161,Eurostat hbs_exp_t135 PPS_HH x hbs_car_t314 NR
age,From 45 to 59 years,DK,2005,28828,645,0.263372805226623,0.314906341831509,314.906341831509,Eurostat hbs_exp_t135 PPS_HH x hbs_car_t314 NR
age,60 years or over,DK,2005,18685,588,0.24009799918334,0.186070535338038,186.070535338038,Eurostat hbs_exp_t135 PPS_HH x hbs_car_t314 NR
age,Less than 30 years,DK,2010,19869,257,0.103462157809984,0.0716651852476858,71.6651852476858,Eurostat hbs_exp_t135 PPS_HH x hbs_car_t314 NR
age,From 30 to 44 years,DK,2010,33325,606,0.243961352657005,0.283427428806103,283.427428806103,Eurostat hbs_exp_t135 PPS_HH x hbs_car_t314 NR
age,From 45 to 59 years,DK,2010,33744,690,0.277777777777778,0.326771933516392,326.771933516392,Eurostat hbs_exp_t135 PPS_HH x hbs_car_t314 NR
age,60 years or over,DK,2010,24348,931,0.374798711755234,0.31813545242982,318.13545242982,Eurostat hbs_exp_t135 PPS_HH x hbs_car_t314 NR
age,Less than 30 years,DK,2015,22110,292,0.132426303854875,0.0965766849277876,96.5766849277876,Eurostat hbs_exp_t135 PPS_HH x hbs_car_t314 NR
age,From 30 to 44 years,DK,2015,34761,509,0.230839002267574,0.264673672684273,264.673672684273,Eurostat hbs_exp_t135 PPS_HH x hbs_car_t314 NR
age,From 45 to 59 years,DK,2015,34839,654,0.296598639455782,0.34083495544294,340.83495544294,Eurostat hbs_exp_t135 PPS_HH x hbs_car_t314 NR
age,60 years or over,DK,2015,26554,750,0.340136054421769,0.297914686945,297.914686945,Eurostat hbs_exp_t135 PPS_HH x hbs_car_t314 NR
age,Less than 30 years,DK,2020,19684,263,0.117831541218638,0.0761407245844879,76.1407245844879,Eurostat hbs_exp_t135 PPS_HH x hbs_car_t314 NR
age,From 30 to 44 years,DK,2020,32539,481,0.215501792114695,0.230195685156169,230.195685156169,Eurostat hbs_exp_t135 PPS_HH x hbs_car_t314 NR
age,From 45 to 59 years,DK,2020,36485,610,0.273297491039427,0.327334730035642,327.334730035642,Eurostat hbs_exp_t135 PPS_HH x hbs_car_t314 NR
age,60 years or over,DK,2020,28368,878,0.39336917562724,0.366328860223701,366.328860223701,Eurostat hbs_exp_t135 PPS_HH x hbs_car_t314 NR
age,Less than 30 years,EE,2005,10422,264,0.0769230769230769,0.0744130436052569,74.4130436052569,Eurostat hbs_exp_t135 PPS_HH x hbs_car_t314 NR
age,From 30 to 44 years,EE,2005,14039,840,0.244755244755245,0.318940398554605,318.940398554605,Eurostat hbs_exp_t135 PPS_HH x hbs_car_t314 NR
age,From 45 to 59 years,EE,2005,11630,1167,0.340034965034965,0.36706640910752,367.06640910752,Eurostat hbs_exp_t135 PPS_HH x hbs_car_t314 NR
age,60 years or over,EE,2005,7630,1161,0.338286713286713,0.239580148732618,239.580148732618,Eurostat hbs_exp_t135 PPS_HH x hbs_car_t314 NR
age,Less than 30 years,EE,2010,11203,306,0.0842511013215859,0.0913603603759664,91.3603603759664,Eurostat hbs_exp_t135 PPS_HH x hbs_car_t314 NR
age,From 30 to 44 years,EE,2010,13932,907,0.249724669603524,0.336761778464882,336.761778464882,Eurostat hbs_exp_t135 PPS_HH x hbs_car_t314 NR
age,From 45 to 59 years,EE,2010,11182,1102,0.3034140969163,0.328399981504694,328.399981504694,Eurostat hbs_exp_t135 PPS_HH x hbs_car_t314 NR
age,60 years or over,EE,2010,6937,1317,0.36261013215859,0.243477879654458,243.477879654458,Eurostat hbs_exp_t135 PPS_HH x hbs_car_t314 NR
age,Less than 30 years,EE,2015,19282,275,0.0810014727540501,0.0959519966956272,95.9519966956272,Eurostat hbs_exp_t135 PPS_HH x hbs_car_t314 NR
age,From 30 to 44 years,EE,2015,23189,865,0.254786450662739,0.362967192471412,362.967192471412,Eurostat hbs_exp_t135 PPS_HH x hbs_car_t314 NR
age,From 45 to 59 years,EE,2015,16690,977,0.287776141384389,0.295066662620525,295.066662620525,Eurostat hbs_exp_t135 PPS_HH x hbs_car_t314 NR
age,60 years or over,EE,2015,10638,1278,0.376435935198822,0.246014148212435,246.014148212435,Eurostat hbs_exp_t135 PPS_HH x hbs_car_t314 NR
age,Less than 30 years,EE,2020,17734,456,0.0908185620394344,0.0911111740548962,91.1111740548963,Eurostat hbs_exp_t135 PPS_HH x hbs_car_t314 NR
age,From 30 to 44 years,EE,2020,22888,1291,0.257120095598486,0.332915628460382,332.915628460383,Eurostat hbs_exp_t135 PPS_HH x hbs_car_t314 NR
age,From 45 to 59 years,EE,2020,20250,1383,0.275443138816969,0.315534828873162,315.534828873162,Eurostat hbs_exp_t135 PPS_HH x hbs_car_t314 NR
age,60 years or over,EE,2020,12224,1891,0.376618203545111,0.26043836861156,260.43836861156,Eurostat hbs_exp_t135 PPS_HH x hbs_car_t314 NR
age,Less than 30 years,EL,1988,14626,465,0.0716597318539066,0.0677717240976181,67.7717240976181,Eurostat hbs_exp_t135 PPS_HH x hbs_car_t314 NR
age,From 30 to 44 years,EL,1988,18640,1796,0.276776082601325,0.333597089168731,333.597089168731,Eurostat hbs_exp_t135 PPS_HH x hbs_car_t314 NR
age,From 45 to 59 years,EL,1988,17752,2000,0.30821390044691,0.353791420546094,353.791420546094,Eurostat hbs_exp_t135 PPS_HH x hbs_car_t314 NR
age,60 years or over,EL,1988,11028,2228,0.343350285097858,0.244839766187557,244.839766187557,Eurostat hbs_exp_t135 PPS_HH x hbs_car_t314 NR
age,Less than 30 years,EL,1994,16345,428,0.063360473723168,0.0585003447013518,58.5003447013518,Eurostat hbs_exp_t135 PPS_HH x hbs_car_t314 NR
age,From 30 to 44 years,EL,1994,20731,1873,0.277276091783864,0.324704090817017,324.704090817017,Eurostat hbs_exp_t135 PPS_HH x hbs_car_t314 NR
age,From 45 to 59 years,EL,1994,21058,1898,0.280977054034049,0.334228177334602,334.228177334602,Eurostat hbs_exp_t135 PPS_HH x hbs_car_t314 NR
age,60 years or over,EL,1994,13220,2556,0.378386380458919,0.282567387147029,282.567387147029,Eurostat hbs_exp_t135 PPS_HH x hbs_car_t314 NR
age,Less than 30 years,EL,1999,19510,325,0.0519335250878875,0.0432978594185646,43.2978594185646,Eurostat hbs_exp_t135 PPS_HH x hbs_car_t314 NR
age,From 30 to 44 years,EL,1999,27718,1638,0.261744966442953,0.310028474603456,310.028474603456,Eurostat hbs_exp_t135 PPS_HH x hbs_car_t314 NR
age,From 45 to 59 years,EL,1999,29189,1750,0.279642058165548,0.348805288411441,348.805288411441,Eurostat hbs_exp_t135 PPS_HH x hbs_car_t314 NR
age,60 years or over,EL,1999,17140,2545,0.406679450303611,0.297868377566539,297.868377566539,Eurostat hbs_exp_t135 PPS_HH x hbs_car_t314 NR
age,Less than 30 years,EL,2005,25747,490,0.0747520976353928,0.0626759459303412,62.6759459303412,Eurostat hbs_exp_t135 PPS_HH x hbs_car_t314 NR
age,From 30 to 44 years,EL,2005,37247,1623,0.247597254004577,0.300322591571471,300.322591571471,Eurostat hbs_exp_t135 PPS_HH x hbs_car_t314 NR
age,From 45 to 59 years,EL,2005,39564,1805,0.27536231884058,0.35477710343447,354.77710343447,Eurostat hbs_exp_t135 PPS_HH x hbs_car_t314 NR
age,60 years or over,EL,2005,21543,2637,0.402288329519451,0.282224359063719,282.224359063719,Eurostat hbs_exp_t135 PPS_HH x hbs_car_t314 NR
age,Less than 30 years,EL,2010,21806,208,0.0592255125284738,0.0442938094987907,44.2938094987907,Eurostat hbs_exp_t135 PPS_HH x hbs_car_t314 NR
age,From 30 to 44 years,EL,2010,34159,693,0.197323462414579,0.231175642686062,231.175642686062,Eurostat hbs_exp_t135 PPS_HH x hbs_car_t314 NR
age,From 45 to 59 years,EL,2010,37359,895,0.254840546697039,0.326529158350353,326.529158350353,Eurostat hbs_exp_t135 PPS_HH x hbs_car_t314 NR
age,60 years or over,EL,2010,23750,1716,0.488610478359909,0.398001389464794,398.001389464794,Eurostat hbs_exp_t135 PPS_HH x hbs_car_t314 NR
age,Less than 30 years,EL,2015,19399,247,0.0401626016260163,0.0327330238981564,32.7330238981564,Eurostat hbs_exp_t135 PPS_HH x hbs_car_t314 NR
age,From 30 to 44 years,EL,2015,28507,1190,0.19349593495935,0.231743898396834,231.743898396834,Eurostat hbs_exp_t135 PPS_HH x hbs_car_t314 NR
age,From 45 to 59 years,EL,2015,28635,1767,0.287317073170732,0.345655576842204,345.655576842204,Eurostat hbs_exp_t135 PPS_HH x hbs_car_t314 NR
age,60 years or over,EL,2015,19372,2946,0.479024390243902,0.389867500862806,389.867500862806,Eurostat hbs_exp_t135 PPS_HH x hbs_car_t314 NR
age,Less than 30 years,EL,2020,18238,178,0.0284526854219949,0.0238284058593279,23.8284058593279,Eurostat hbs_exp_t135 PPS_HH x hbs_car_t314 NR
age,From 30 to 44 years,EL,2020,26410,890,0.142263427109974,0.172526647314631,172.526647314631,Eurostat hbs_exp_t135 PPS_HH x hbs_car_t314 NR
age,From 45 to 59 years,EL,2020,27033,1721,0.275095907928389,0.341485989161831,341.485989161831,Eurostat hbs_exp_t135 PPS_HH x hbs_car_t314 NR
age,60 years or over,EL,2020,18161,3467,0.554187979539642,0.46215895766421,462.15895766421,Eurostat hbs_exp_t135 PPS_HH x hbs_car_t314 NR
age,Less than 30 years,ES,1988,14767,203,0.0633385335413417,0.0608336119789311,60.8336119789311,Eurostat hbs_exp_t135 PPS_HH x hbs_car_t314 NR
age,From 30 to 44 years,ES,1988,17125,925,0.288611544461778,0.321460490807374,321.460490807374,Eurostat hbs_exp_t135 PPS_HH x hbs_car_t314 NR
age,From 45 to 59 years,ES,1988,16450,1052,0.328237129485179,0.351185788289157,351.185788289157,Eurostat hbs_exp_t135 PPS_HH x hbs_car_t314 NR
age,60 years or over,ES,1988,12813,1025,0.3198127925117,0.266520108924538,266.520108924538,Eurostat hbs_exp_t135 PPS_HH x hbs_car_t314 NR
age,Less than 30 years,ES,1994,17624,144,0.0500695410292072,0.0450262029047629,45.0262029047629,Eurostat hbs_exp_t135 PPS_HH x hbs_car_t314 NR
age,From 30 to 44 years,ES,1994,21802,815,0.283379694019472,0.315247965101116,315.247965101116,Eurostat hbs_exp_t135 PPS_HH x hbs_car_t314 NR
age,From 45 to 59 years,ES,1994,23586,818,0.28442280945758,0.342299248562646,342.299248562646,Eurostat hbs_exp_t135 PPS_HH x hbs_car_t314 NR
age,60 years or over,ES,1994,15254,1099,0.382127955493741,0.297426583431475,297.426583431475,Eurostat hbs_exp_t135 PPS_HH x hbs_car_t314 NR
age,Less than 30 years,ES,1999,17057,305,0.0308361136386614,0.0260160089930917,26.0160089930917,Eurostat hbs_exp_t135 PPS_HH x hbs_car_t314 NR
age,From 30 to 44 years,ES,1999,22227,2821,0.285208775654636,0.313561057814856,313.561057814856,Eurostat hbs_exp_t135 PPS_HH x hbs_car_t314 NR
age,From 45 to 59 years,ES,1999,24860,3053,0.308664442422404,0.379547481363625,379.547481363624,Eurostat hbs_exp_t135 PPS_HH x hbs_car_t314 NR
age,60 years or over,ES,1999,15131,3712,0.375290668284299,0.280875451828428,280.875451828428,Eurostat hbs_exp_t135 PPS_HH x hbs_car_t314 NR
age,Less than 30 years,ES,2005,23095,218,0.0245467852719288,0.0218533951445739,21.8533951445739,Eurostat hbs_exp_t135 PPS_HH x hbs_car_t314 NR
age,From 30 to 44 years,ES,2005,27928,2233,0.251435649138611,0.270690501848483,270.690501848483,Eurostat hbs_exp_t135 PPS_HH x hbs_car_t314 NR
age,From 45 to 59 years,ES,2005,31830,2763,0.311113613331832,0.381735000996937,381.735000996937,Eurostat hbs_exp_t135 PPS_HH x hbs_car_t314 NR
age,60 years or over,ES,2005,20464,3667,0.412903952257629,0.325721102010007,325.721102010007,Eurostat hbs_exp_t135 PPS_HH x hbs_car_t314 NR
age,Less than 30 years,ES,2010,25018,800,0.0360311669594199,0.0288731266625249,28.8731266625249,Eurostat hbs_exp_t135 PPS_HH x hbs_car_t314 NR
age,From 30 to 44 years,ES,2010,31166,6292,0.283385128135838,0.282892231299977,282.892231299977,Eurostat hbs_exp_t135 PPS_HH x hbs_car_t314 NR
age,From 45 to 59 years,ES,2010,37084,7200,0.324280502634779,0.385185836692687,385.185836692687,Eurostat hbs_exp_t135 PPS_HH x hbs_car_t314 NR
age,60 years or over,ES,2010,26554,7911,0.356303202269964,0.303048805344811,303.048805344811,Eurostat hbs_exp_t135 PPS_HH x hbs_car_t314 NR
age,Less than 30 years,ES,2015,24614,514,0.0232263895164935,0.0187176885052886,18.7176885052886,Eurostat hbs_exp_t135 PPS_HH x hbs_car_t314 NR
age,From 30 to 44 years,ES,2015,29535,5342,0.24139177586986,0.233425210548911,233.425210548911,Eurostat hbs_exp_t135 PPS_HH x hbs_car_t314 NR
age,From 45 to 59 years,ES,2015,34851,7802,0.352553095345685,0.402279674808391,402.279674808391,Eurostat hbs_exp_t135 PPS_HH x hbs_car_t314 NR
age,60 years or over,ES,2015,27571,8472,0.382828739267962,0.345577426137409,345.577426137409,Eurostat hbs_exp_t135 PPS_HH x hbs_car_t314 NR
age,Less than 30 years,ES,2020,23285,284,0.0148148148148148,0.0123777230879893,12.3777230879893,Eurostat hbs_exp_t135 PPS_HH x hbs_car_t314 NR
age,From 30 to 44 years,ES,2020,26939,4100,0.213875847678665,0.206733809364081,206.733809364081,Eurostat hbs_exp_t135 PPS_HH x hbs_car_t314 NR
age,From 45 to 59 years,ES,2020,31336,7023,0.366353677621283,0.411919552635044,411.919552635044,Eurostat hbs_exp_t135 PPS_HH x hbs_car_t314 NR
age,60 years or over,ES,2020,25393,7763,0.404955659885237,0.368968914912886,368.968914912886,Eurostat hbs_exp_t135 PPS_HH x hbs_car_t314 NR
age,Less than 30 years,EU15,1994,18667,14055,0.0974829898945061,0.0856541111052635,85.6541111052635,Eurostat hbs_exp_t135 PPS_HH x hbs_car_t314 NR
age,From 30 to 44 years,EU15,1994,23434,47584,0.330034193606559,0.364040923540701,364.040923540701,Eurostat hbs_exp_t135 PPS_HH x hbs_car_t314 NR
age,From 45 to 59 years,EU15,1994,25146,40221,0.27896573009939,0.330190527713453,330.190527713453,Eurostat hbs_exp_t135 PPS_HH x hbs_car_t314 NR
age,60 years or over,EU15,1994,15932,42319,0.293517086399545,0.220114437640583,220.114437640583,Eurostat hbs_exp_t135 PPS_HH x hbs_car_t314 NR
age,Less than 30 years,EU15,1999,21595,12004,0.0764099299809039,0.0654241191123356,65.4241191123356,Eurostat hbs_exp_t135 PPS_HH x hbs_car_t314 NR
age,From 30 to 44 years,EU15,1999,27632,52559,0.334557606619987,0.366537237723192,366.537237723192,Eurostat hbs_exp_t135 PPS_HH x hbs_car_t314 NR
age,From 45 to 59 years,EU15,1999,29587,44858,0.285537873965627,0.334965074401074,334.965074401074,Eurostat hbs_exp_t135 PPS_HH x hbs_car_t314 NR
age,60 years or over,EU15,1999,19369,47679,0.303494589433482,0.233073568763398,233.073568763398,Eurostat hbs_exp_t135 PPS_HH x hbs_car_t314 NR
age,Less than 30 years,EU15,2005,23665,301668.6,0.0759796061297871,0.0625446112198127,62.5446112198127,Eurostat hbs_exp_t135 PPS_HH x hbs_car_t314 NR
age,From 30 to 44 years,EU15,2005,31700,1309187,0.329737707571281,0.363591923028481,363.591923028481,Eurostat hbs_exp_t135 PPS_HH x hbs_car_t314 NR
age,From 45 to 59 years,EU15,2005,33983,1021773.5,0.257348454840358,0.30420729970581,304.20729970581,Eurostat hbs_exp_t135 PPS_HH x hbs_car_t314 NR
age,60 years or over,EU15,2005,23008,1337760,0.336934231458574,0.269656166045896,269.656166045896,Eurostat hbs_exp_t135 PPS_HH x hbs_car_t314 NR
age,Less than 30 years,EU15,2010,22831,11205,0.0678971574692933,0.0546549469152058,54.6549469152059,Eurostat hbs_exp_t135 PPS_HH x hbs_car_t314 NR
age,From 30 to 44 years,EU15,2010,30830,45296,0.274472971417145,0.298350011314638,298.350011314638,Eurostat hbs_exp_t135 PPS_HH x hbs_car_t314 NR
age,From 45 to 59 years,EU15,2010,32355,52063,0.315477885704937,0.359884610562813,359.884610562813,Eurostat hbs_exp_t135 PPS_HH x hbs_car_t314 NR
age,60 years or over,EU15,2010,23800,56465,0.342151985408625,0.287110431207344,287.110431207344,Eurostat hbs_exp_t135 PPS_HH x hbs_car_t314 NR
age,Less than 30 years,EU25,2005,21787,308642.57,0.0762837210772633,0.0639548833510842,63.9548833510842,Eurostat hbs_exp_t135 PPS_HH x hbs_car_t314 NR
age,From 30 to 44 years,EU25,2005,28802,1331290.12,0.329040041971515,0.364683241311765,364.683241311765,Eurostat hbs_exp_t135 PPS_HH x hbs_car_t314 NR
age,From 45 to 59 years,EU25,2005,30571,1047513.92,0.258902262568092,0.30457194663105,304.57194663105,Eurostat hbs_exp_t135 PPS_HH x hbs_car_t314 NR
age,60 years or over,EU25,2005,20648,1358535.49,0.335773974383129,0.2667899287061,266.7899287061,Eurostat hbs_exp_t135 PPS_HH x hbs_car_t314 NR
age,Less than 30 years,EU25,2010,21598,17865,0.0728146436300943,0.0597699053575669,59.7699053575669,Eurostat hbs_exp_t135 PPS_HH x hbs_car_t314 NR
age,From 30 to 44 years,EU25,2010,28845,66655,0.271674227325157,0.297830579712592,297.830579712592,Eurostat hbs_exp_t135 PPS_HH x hbs_car_t314 NR
age,From 45 to 59 years,EU25,2010,29875,78717,0.320836848733844,0.364285981497193,364.285981497193,Eurostat hbs_exp_t135 PPS_HH x hbs_car_t314 NR
age,60 years or over,EU25,2010,21865,82112,0.334674280310904,0.278113533432648,278.113533432648,Eurostat hbs_exp_t135 PPS_HH x hbs_car_t314 NR
age,Less than 30 years,EU27_2007,2005,20891,320670.57,0.0785587956799035,0.0663408539161791,66.3408539161791,Eurostat hbs_exp_t135 PPS_HH x hbs_car_t314 NR
age,From 30 to 44 years,EU27_2007,2005,27479,1341076.12,0.328540673072299,0.364936311173998,364.936311173998,Eurostat hbs_exp_t135 PPS_HH x hbs_car_t314 NR
age,From 45 to 59 years,EU27_2007,2005,29031,1057150.92,0.258983863492999,0.30392170176696,303.92170176696,Eurostat hbs_exp_t135 PPS_HH x hbs_car_t314 NR
age,60 years or over,EU27_2007,2005,19618,1363020.49,0.333916667754799,0.264801133142863,264.801133142863,Eurostat hbs_exp_t135 PPS_HH x hbs_car_t314 NR
age,Less than 30 years,EU27_2007,2010,20982,19878,0.071077388465568,0.0589803483748465,58.9803483748465,Eurostat hbs_exp_t135 PPS_HH x hbs_car_t314 NR
age,From 30 to 44 years,EU27_2007,2010,27864,73889,0.264203499161503,0.291146125411401,291.146125411401,Eurostat hbs_exp_t135 PPS_HH x hbs_car_t314 NR
age,From 45 to 59 years,EU27_2007,2010,28795,87740,0.313730257770849,0.357274876205698,357.274876205698,Eurostat hbs_exp_t135 PPS_HH x hbs_car_t314 NR
age,60 years or over,EU27_2007,2010,21079,98160,0.35098885460208,0.292598650008055,292.598650008055,Eurostat hbs_exp_t135 PPS_HH x hbs_car_t314 NR
age,Less than 30 years,EU27_2020,2015,21969,18636,0.0667461775671813,0.0541968932944136,54.1968932944136,Eurostat hbs_exp_t135 PPS_HH x hbs_car_t314 NR
age,From 30 to 44 years,EU27_2020,2015,29107,67153,0.240513310912692,0.258746370637036,258.746370637036,Eurostat hbs_exp_t135 PPS_HH x hbs_car_t314 NR
age,From 45 to 59 years,EU27_2020,2015,30527,86837,0.311012976035701,0.350913712828677,350.913712828677,Eurostat hbs_exp_t135 PPS_HH x hbs_car_t314 NR
age,60 years or over,EU27_2020,2015,23825,106581,0.381727535484426,0.336143023239874,336.143023239874,Eurostat hbs_exp_t135 PPS_HH x hbs_car_t314 NR
age,Less than 30 years,EU27_2020,2020,22328,14749,0.0552983124435263,0.0464626443787803,46.4626443787803,Eurostat hbs_exp_t135 PPS_HH x hbs_car_t314 NR
age,From 30 to 44 years,EU27_2020,2020,28963,57952,0.217278988590904,0.236811886459363,236.811886459363,Eurostat hbs_exp_t135 PPS_HH x hbs_car_t314 NR
age,From 45 to 59 years,EU27_2020,2020,30044,78920,0.295894149979191,0.334530988961111,334.530988961111,Eurostat hbs_exp_t135 PPS_HH x hbs_car_t314 NR
age,60 years or over,EU27_2020,2020,23536,115096,0.431528548986379,0.382194480200746,382.194480200746,Eurostat hbs_exp_t135 PPS_HH x hbs_car_t314 NR
age,Less than 30 years,FI,1994,13660,593,0.131983084798576,0.109434606554707,109.434606554707,Eurostat hbs_exp_t135 PPS_HH x hbs_car_t314 NR
age,From 30 to 44 years,FI,1994,19015,1457,0.32428221678166,0.374287367577841,374.287367577841,Eurostat hbs_exp_t135 PPS_HH x hbs_car_t314 NR
age,From 45 to 59 years,FI,1994,19001,1383,0.307812152236813,0.35501599980481,355.01599980481,Eurostat hbs_exp_t135 PPS_HH x hbs_car_t314 NR
age,60 years or over,FI,1994,11261,1060,0.235922546182951,0.161262026062642,161.262026062642,Eurostat hbs_exp_t135 PPS_HH x hbs_car_t314 NR
age,Less than 30 years,FI,1999,15786,526,0.12066987841248,0.102522421666543,102.522421666543,Eurostat hbs_exp_t135 PPS_HH x hbs_car_t314 NR
age,From 30 to 44 years,FI,1999,21976,1252,0.28722183987153,0.339714425288162,339.714425288162,Eurostat hbs_exp_t135 PPS_HH x hbs_car_t314 NR
age,From 45 to 59 years,FI,1999,21103,1463,0.335627437485662,0.38119705650284,381.19705650284,Eurostat hbs_exp_t135 PPS_HH x hbs_car_t314 NR
age,60 years or over,FI,1999,12791,1118,0.256480844230328,0.176566096542455,176.566096542455,Eurostat hbs_exp_t135 PPS_HH x hbs_car_t314 NR
age,Less than 30 years,FI,2005,19735,486,0.121287746443724,0.0974261451633422,97.4261451633422,Eurostat hbs_exp_t135 PPS_HH x hbs_car_t314 NR
age,From 30 to 44 years,FI,2005,30868,959,0.23933117045171,0.300697085007738,300.697085007738,Eurostat hbs_exp_t135 PPS_HH x hbs_car_t314 NR
age,From 45 to 59 years,FI,2005,28184,1308,0.326428749688046,0.374466087769009,374.466087769009,Eurostat hbs_exp_t135 PPS_HH x hbs_car_t314 NR
age,60 years or over,FI,2005,17853,1254,0.312952333416521,0.227410682059911,227.410682059911,Eurostat hbs_exp_t135 PPS_HH x hbs_car_t314 NR
age,Less than 30 years,FI,2010,20977,377,0.10616727682343,0.0817294349243064,81.7294349243064,Eurostat hbs_exp_t135 PPS_HH x hbs_car_t314 NR
age,From 30 to 44 years,FI,2010,32503,758,0.213460996902281,0.254616428084278,254.616428084278,Eurostat hbs_exp_t135 PPS_HH x hbs_car_t314 NR
age,From 45 to 59 years,FI,2010,33345,1052,0.296254576175725,0.362526893347969,362.526893347969,Eurostat hbs_exp_t135 PPS_HH x hbs_car_t314 NR
age,60 years or over,FI,2010,21362,1364,0.384117150098564,0.301127243643447,301.127243643447,Eurostat hbs_exp_t135 PPS_HH x hbs_car_t314 NR
age,Less than 30 years,FI,2015,23663,398,0.108358290225973,0.0830422480488029,83.0422480488029,Eurostat hbs_exp_t135 PPS_HH x hbs_car_t314 NR
age,From 30 to 44 years,FI,2015,37467,798,0.217261094473183,0.263631944778653,263.631944778653,Eurostat hbs_exp_t135 PPS_HH x hbs_car_t314 NR
age,From 45 to 59 years,FI,2015,36878,983,0.267628641437517,0.319644399483738,319.644399483738,Eurostat hbs_exp_t135 PPS_HH x hbs_car_t314 NR
age,60 years or over,FI,2015,25330,1494,0.406751973863327,0.333681407688806,333.681407688806,Eurostat hbs_exp_t135 PPS_HH x hbs_car_t314 NR
age,Less than 30 years,FI,2020,20858,259,0.0825366475462078,0.0596699319166662,59.6699319166662,Eurostat hbs_exp_t135 PPS_HH x hbs_car_t314 NR
age,From 30 to 44 years,FI,2020,31903,633,0.201720841300191,0.223058279984491,223.058279984491,Eurostat hbs_exp_t135 PPS_HH x hbs_car_t314 NR
age,From 45 to 59 years,FI,2020,36533,741,0.236137667304015,0.299010651992693,299.010651992693,Eurostat hbs_exp_t135 PPS_HH x hbs_car_t314 NR
age,60 years or over,FI,2020,25161,1505,0.479604843849586,0.41826113610615,418.26113610615,Eurostat hbs_exp_t135 PPS_HH x hbs_car_t314 NR
age,Less than 30 years,FR,1988,14695,1086,0.120159327284798,0.105329305378101,105.329305378101,Eurostat hbs_exp_t135 PPS_HH x hbs_car_t314 NR
age,From 30 to 44 years,FR,1988,19271,3042,0.336578889134764,0.386912949786838,386.912949786838,Eurostat hbs_exp_t135 PPS_HH x hbs_car_t314 NR
age,From 45 to 59 years,FR,1988,19791,2159,0.238880283248506,0.282013686420153,282.013686420153,Eurostat hbs_exp_t135 PPS_HH x hbs_car_t314 NR
age,60 years or over,FR,1988,12433,2751,0.304381500331932,0.225744058414908,225.744058414908,Eurostat hbs_exp_t135 PPS_HH x hbs_car_t314 NR
age,Less than 30 years,FR,1994,18314,1148,0.119161303716006,0.0967443291513487,96.7443291513487,Eurostat hbs_exp_t135 PPS_HH x hbs_car_t314 NR
age,From 30 to 44 years,FR,1994,24975,3141,0.326032800498235,0.360972280215315,360.972280215315,Eurostat hbs_exp_t135 PPS_HH x hbs_car_t314 NR
age,From 45 to 59 years,FR,1994,27303,2440,0.253269669919037,0.306549502024071,306.549502024071,Eurostat hbs_exp_t135 PPS_HH x hbs_car_t314 NR
age,60 years or over,FR,1994,17635,2905,0.301536225866722,0.235733888609265,235.733888609265,Eurostat hbs_exp_t135 PPS_HH x hbs_car_t314 NR
age,Less than 30 years,FR,1999,21297,1204,0.116836487142164,0.100687736721048,100.687736721048,Eurostat hbs_exp_t135 PPS_HH x hbs_car_t314 NR
age,From 30 to 44 years,FR,1999,27621,3083,0.299175157690442,0.334383303168347,334.383303168347,Eurostat hbs_exp_t135 PPS_HH x hbs_car_t314 NR
age,From 45 to 59 years,FR,1999,28960,2912,0.282581271227559,0.33114758271,331.14758271,Eurostat hbs_exp_t135 PPS_HH x hbs_car_t314 NR
age,60 years or over,FR,1999,19168,3106,0.301407083939835,0.233781377400605,233.781377400605,Eurostat hbs_exp_t135 PPS_HH x hbs_car_t314 NR
age,Less than 30 years,FR,2005,23632,1105,0.10791015625,0.0903761072387073,90.3761072387073,Eurostat hbs_exp_t135 PPS_HH x hbs_car_t314 NR
age,From 30 to 44 years,FR,2005,31728,3102,0.3029296875,0.340624094743726,340.624094743726,Eurostat hbs_exp_t135 PPS_HH x hbs_car_t314 NR
age,From 45 to 59 years,FR,2005,32181,3100,0.302734375,0.345264641235421,345.264641235421,Eurostat hbs_exp_t135 PPS_HH x hbs_car_t314 NR
age,60 years or over,FR,2005,22041,2933,0.28642578125,0.223735156782145,223.735156782145,Eurostat hbs_exp_t135 PPS_HH x hbs_car_t314 NR
age,Less than 30 years,FR,2010,21504,1619,0.102487814141926,0.0783656741516828,78.3656741516828,Eurostat hbs_exp_t135 PPS_HH x hbs_car_t314 NR
age,From 30 to 44 years,FR,2010,32237,4528,0.286636703171488,0.328564631151223,328.564631151223,Eurostat hbs_exp_t135 PPS_HH x hbs_car_t314 NR
age,From 45 to 59 years,FR,2010,30727,4889,0.309489143508261,0.338142665344984,338.142665344984,Eurostat hbs_exp_t135 PPS_HH x hbs_car_t314 NR
age,60 years or over,FR,2010,23788,4761,0.301386339178325,0.25492702935211,254.92702935211,Eurostat hbs_exp_t135 PPS_HH x hbs_car_t314 NR
age,Less than 30 years,FR,2015,23781,1427,0.0840499469902226,0.0664618712061803,66.4618712061803,Eurostat hbs_exp_t135 PPS_HH x hbs_car_t314 NR
age,From 30 to 44 years,FR,2015,33450,4453,0.262280598421487,0.291720732709494,291.720732709494,Eurostat hbs_exp_t135 PPS_HH x hbs_car_t314 NR
age,From 45 to 59 years,FR,2015,33175,5315,0.313052185180822,0.34532870408383,345.32870408383,Eurostat hbs_exp_t135 PPS_HH x hbs_car_t314 NR
age,60 years or over,FR,2015,26178,5783,0.340617269407469,0.296488692000496,296.488692000496,Eurostat hbs_exp_t135 PPS_HH x hbs_car_t314 NR
age,Under 25 years,FR,2017,19579,,,0.12461810682825,124.61810682825,Insee Les depenses des menages en 2017 TF101/TF102/TF106
age,25-34 years,FR,2017,29152,,,0.185549162380977,185.549162380977,Insee Les depenses des menages en 2017 TF101/TF102/TF106
age,35-44 years,FR,2017,31957,,,0.203402668160293,203.402668160293,Insee Les depenses des menages en 2017 TF101/TF102/TF106
age,45-54 years,FR,2017,31868,,,0.202836193288864,202.836193288864,Insee Les depenses des menages en 2017 TF101/TF102/TF106
age,55-64 years,FR,2017,27583,,,0.175562655939712,175.562655939712,Insee Les depenses des menages en 2017 TF101/TF102/TF106
age,65 years or over,FR,2017,16973,,,0.108031213401904,108.031213401904,Insee Les depenses des menages en 2017 TF101/TF102/TF106
age,Less than 30 years,FR,2020,23215,1427,0.0840499469902226,0.0664633559739617,66.4633559739616,Eurostat hbs_exp_t135 PPS_HH x hbs_car_t314 NR
age,From 30 to 44 years,FR,2020,32653,4453,0.262280598421487,0.291719451908659,291.719451908659,Eurostat hbs_exp_t135 PPS_HH x hbs_car_t314 NR
age,From 45 to 59 years,FR,2020,32384,5315,0.313052185180822,0.345321298379413,345.321298379413,Eurostat hbs_exp_t135 PPS_HH x hbs_car_t314 NR
age,60 years or over,FR,2020,25555,5783,0.340617269407469,0.296495893737966,296.495893737966,Eurostat hbs_exp_t135 PPS_HH x hbs_car_t314 NR
age,Less than 30 years,HR,2005,13988,71,0.026035936927026,0.021433946536294,21.433946536294,Eurostat hbs_exp_t135 PPS_HH x hbs_car_t314 NR
age,From 30 to 44 years,HR,2005,21215,536,0.196552988632197,0.24541211401661,245.41211401661,Eurostat hbs_exp_t135 PPS_HH x hbs_car_t314 NR
age,From 45 to 59 years,HR,2005,20691,914,0.335166850018335,0.408146284373697,408.146284373697,Eurostat hbs_exp_t135 PPS_HH x hbs_car_t314 NR
age,60 years or over,HR,2005,12487,1206,0.442244224422442,0.325007655073399,325.007655073399,Eurostat hbs_exp_t135 PPS_HH x hbs_car_t314 NR
age,Less than 30 years,HR,2010,17118,83,0.0239815082346143,0.0237812835754293,23.7812835754293,Eurostat hbs_exp_t135 PPS_HH x hbs_car_t314 NR
age,From 30 to 44 years,HR,2010,20990,536,0.154868535105461,0.188313478410711,188.313478410711,Eurostat hbs_exp_t135 PPS_HH x hbs_car_t314 NR
age,From 45 to 59 years,HR,2010,20178,1142,0.32996243860156,0.385698898688258,385.698898688258,Eurostat hbs_exp_t135 PPS_HH x hbs_car_t314 NR
age,60 years or over,HR,2010,14135,1700,0.491187518058365,0.402206339325602,402.206339325602,Eurostat hbs_exp_t135 PPS_HH x hbs_car_t314 NR
age,Less than 30 years,HR,2015,21636,40,0.019714144898965,0.0212371701912425,21.2371701912425,Eurostat hbs_exp_t135 PPS_HH x hbs_car_t314 NR
age,From 30 to 44 years,HR,2015,24088,404,0.199112863479547,0.238804106638157,238.804106638157,Eurostat hbs_exp_t135 PPS_HH x hbs_car_t314 NR
age,From 45 to 59 years,HR,2015,22728,697,0.343518974864465,0.388735033812017,388.735033812017,Eurostat hbs_exp_t135 PPS_HH x hbs_car_t314 NR
age,60 years or over,HR,2015,16118,888,0.437654016757023,0.351223689358584,351.223689358584,Eurostat hbs_exp_t135 PPS_HH x hbs_car_t314 NR
age,Less than 30 years,HU,2005,11827,795,0.0877677191432987,0.0906583381852558,90.6583381852558,Eurostat hbs_exp_t135 PPS_HH x hbs_car_t314 NR
age,From 30 to 44 years,HU,2005,12905,2906,0.320821373371605,0.36159269431365,361.59269431365,Eurostat hbs_exp_t135 PPS_HH x hbs_car_t314 NR
age,From 45 to 59 years,HU,2005,12680,3392,0.374475601678075,0.414706770407253,414.706770407253,Eurostat hbs_exp_t135 PPS_HH x hbs_car_t314 NR
age,60 years or over,HU,2005,7022,1965,0.216935305807021,0.133042197093841,133.042197093841,Eurostat hbs_exp_t135 PPS_HH x hbs_car_t314 NR
age,Less than 30 years,HU,2010,12978,696,0.0700412599376069,0.0665340879024549,66.5340879024549,Eurostat hbs_exp_t135 PPS_HH x hbs_car_t314 NR
age,From 30 to 44 years,HU,2010,15333,2648,0.266478816544229,0.299069630839955,299.069630839955,Eurostat hbs_exp_t135 PPS_HH x hbs_car_t314 NR
age,From 45 to 59 years,HU,2010,15016,3322,0.334306128610245,0.367435476573476,367.435476573476,Eurostat hbs_exp_t135 PPS_HH x hbs_car_t314 NR
age,60 years or over,HU,2010,11080,3271,0.32917379490792,0.266960804684114,266.960804684114,Eurostat hbs_exp_t135 PPS_HH x hbs_car_t314 NR
age,Less than 30 years,HU,2015,15819,363,0.0506346770818803,0.051385972290702,51.385972290702,Eurostat hbs_exp_t135 PPS_HH x hbs_car_t314 NR
age,From 30 to 44 years,HU,2015,18727,1578,0.220114381364207,0.264444255090398,264.444255090398,Eurostat hbs_exp_t135 PPS_HH x hbs_car_t314 NR
age,From 45 to 59 years,HU,2015,16953,1895,0.264332542893012,0.287484678295618,287.484678295618,Eurostat hbs_exp_t135 PPS_HH x hbs_car_t314 NR
age,60 years or over,HU,2015,13300,3333,0.464918398660901,0.396685094323282,396.685094323282,Eurostat hbs_exp_t135 PPS_HH x hbs_car_t314 NR
age,Less than 30 years,HU,2020,21448,267,0.0489908256880734,0.0494876479466201,49.4876479466201,Eurostat hbs_exp_t135 PPS_HH x hbs_car_t314 NR
age,From 30 to 44 years,HU,2020,23936,960,0.176146788990826,0.198573623165982,198.573623165983,Eurostat hbs_exp_t135 PPS_HH x hbs_car_t314 NR
age,From 45 to 59 years,HU,2020,24252,1467,0.269174311926606,0.307451364042586,307.451364042586,Eurostat hbs_exp_t135 PPS_HH x hbs_car_t314 NR
age,60 years or over,HU,2020,18663,2756,0.505688073394495,0.444487364844812,444.487364844812,Eurostat hbs_exp_t135 PPS_HH x hbs_car_t314 NR
age,Less than 30 years,IE,1994,22959,963,0.122254665481782,0.126913497400653,126.913497400653,Eurostat hbs_exp_t135 PPS_HH x hbs_car_t314 NR
age,From 30 to 44 years,IE,1994,25002,2721,0.345436079725784,0.390509721398812,390.509721398812,Eurostat hbs_exp_t135 PPS_HH x hbs_car_t314 NR
age,From 45 to 59 years,IE,1994,26928,1913,0.242858956455503,0.295697481621293,295.697481621293,Eurostat hbs_exp_t135 PPS_HH x hbs_car_t314 NR
age,60 years or over,IE,1994,14279,2280,0.28945029833693,0.186879299579242,186.879299579242,Eurostat hbs_exp_t135 PPS_HH x hbs_car_t314 NR
age,Less than 30 years,IE,1999,30907,770,0.100732600732601,0.10493151382066,104.93151382066,Eurostat hbs_exp_t135 PPS_HH x hbs_car_t314 NR
age,From 30 to 44 years,IE,1999,32297,2551,0.333725798011512,0.363271228972204,363.271228972204,Eurostat hbs_exp_t135 PPS_HH x hbs_car_t314 NR
age,From 45 to 59 years,IE,1999,36193,2212,0.289377289377289,0.352994603866945,352.994603866945,Eurostat hbs_exp_t135 PPS_HH x hbs_car_t314 NR
age,60 years or over,IE,1999,19210,2111,0.276164311878598,0.178802653340192,178.802653340192,Eurostat hbs_exp_t135 PPS_HH x hbs_car_t314 NR
age,Less than 30 years,IE,2005,38889,656,0.0952934340499709,0.0998035838480416,99.8035838480416,Eurostat hbs_exp_t135 PPS_HH x hbs_car_t314 NR
age,From 30 to 44 years,IE,2005,42513,2349,0.341226031377106,0.390679201190724,390.679201190724,Eurostat hbs_exp_t135 PPS_HH x hbs_car_t314 NR
age,From 45 to 59 years,IE,2005,43039,2080,0.302149912841371,0.350220068425307,350.220068425307,Eurostat hbs_exp_t135 PPS_HH x hbs_car_t314 NR
age,60 years or over,IE,2005,22634,1799,0.261330621731551,0.159297146535928,159.297146535928,Eurostat hbs_exp_t135 PPS_HH x hbs_car_t314 NR
age,Less than 30 years,IE,2010,29459,789,0.133933118316075,0.118665793648525,118.665793648525,Eurostat hbs_exp_t135 PPS_HH x hbs_car_t314 NR
age,From 30 to 44 years,IE,2010,34546,2240,0.380241045662876,0.395072073340467,395.072073340467,Eurostat hbs_exp_t135 PPS_HH x hbs_car_t314 NR
age,From 45 to 59 years,IE,2010,39185,1532,0.260057715158717,0.306484955423984,306.484955423984,Eurostat hbs_exp_t135 PPS_HH x hbs_car_t314 NR
age,60 years or over,IE,2010,26476,1330,0.225768120862332,0.179777177587023,179.777177587023,Eurostat hbs_exp_t135 PPS_HH x hbs_car_t314 NR
age,Less than 30 years,IE,2015,33786,561,0.0820295364819418,0.0827745930484324,82.7745930484324,Eurostat hbs_exp_t135 PPS_HH x hbs_car_t314 NR
age,From 30 to 44 years,IE,2015,35412,2134,0.312033923088171,0.330021539535479,330.021539535479,Eurostat hbs_exp_t135 PPS_HH x hbs_car_t314 NR
age,From 45 to 59 years,IE,2015,38206,1876,0.274309109518936,0.313012600509032,313.012600509032,Eurostat hbs_exp_t135 PPS_HH x hbs_car_t314 NR
age,60 years or over,IE,2015,27683,2268,0.331627430910952,0.274191266907056,274.191266907056,Eurostat hbs_exp_t135 PPS_HH x hbs_car_t314 NR
age,Less than 30 years,IE,2020,28830,101,0.0581462291306851,0.0501951173296624,50.1951173296624,Eurostat hbs_exp_t135 PPS_HH x hbs_car_t314 NR
age,From 30 to 44 years,IE,2020,33977,434,0.249856073690271,0.25419688088086,254.19688088086,Eurostat hbs_exp_t135 PPS_HH x hbs_car_t314 NR
age,From 45 to 59 years,IE,2020,37724,541,0.311456534254462,0.351811846132502,351.811846132502,Eurostat hbs_exp_t135 PPS_HH x hbs_car_t314 NR
age,60 years or over,IE,2020,30172,661,0.380541162924583,0.343796155656975,343.796155656975,Eurostat hbs_exp_t135 PPS_HH x hbs_car_t314 NR
age,Less than 30 years,IT,1988,16032,2164,0.0628229692852581,0.0581647292927344,58.1647292927344,Eurostat hbs_exp_t135 PPS_HH x hbs_car_t314 NR
age,From 30 to 44 years,IT,1988,20009,9987,0.289932067584045,0.335023433069564,335.023433069564,Eurostat hbs_exp_t135 PPS_HH x hbs_car_t314 NR
age,From 45 to 59 years,IT,1988,20505,10550,0.306276490739128,0.362682819932464,362.682819932464,Eurostat hbs_exp_t135 PPS_HH x hbs_car_t314 NR
age,60 years or over,IT,1988,12398,11745,0.340968472391569,0.244129017705237,244.129017705237,Eurostat hbs_exp_t135 PPS_HH x hbs_car_t314 NR
age,Less than 30 years,IT,1994,23665,3116,0.0918442538391252,0.0948348851456102,94.8348851456102,Eurostat hbs_exp_t135 PPS_HH x hbs_car_t314 NR
age,From 30 to 44 years,IT,1994,25309,11222,0.330769004038082,0.365266139793905,365.266139793905,Eurostat hbs_exp_t135 PPS_HH x hbs_car_t314 NR
age,From 45 to 59 years,IT,1994,27241,9783,0.288354407993633,0.342735637475859,342.735637475859,Eurostat hbs_exp_t135 PPS_HH x hbs_car_t314 NR
age,60 years or over,IT,1994,15634,9806,0.28903233412916,0.197163337584626,197.163337584626,Eurostat hbs_exp_t135 PPS_HH x hbs_car_t314 NR
age,Less than 30 years,IT,1999,26753,636,0.0303884562090879,0.0293262048846301,29.3262048846301,Eurostat hbs_exp_t135 PPS_HH x hbs_car_t314 NR
age,From 30 to 44 years,IT,1999,30795,5597,0.267427970758278,0.297072037258501,297.072037258501,Eurostat hbs_exp_t135 PPS_HH x hbs_car_t314 NR
age,From 45 to 59 years,IT,1999,32976,6505,0.310812747861819,0.369718799799125,369.718799799125,Eurostat hbs_exp_t135 PPS_HH x hbs_car_t314 NR
age,60 years or over,IT,1999,21525,8191,0.391370825170816,0.303882958057744,303.882958057744,Eurostat hbs_exp_t135 PPS_HH x hbs_car_t314 NR
age,Less than 30 years,IT,2005,24955,604,0.0250549632886713,0.0217385402160117,21.7385402160117,Eurostat hbs_exp_t135 PPS_HH x hbs_car_t314 NR
age,From 30 to 44 years,IT,2005,31594,5925,0.245779234247314,0.269978284059598,269.978284059598,Eurostat hbs_exp_t135 PPS_HH x hbs_car_t314 NR
age,From 45 to 59 years,IT,2005,34558,7145,0.296386941552246,0.356112073125555,356.112073125555,Eurostat hbs_exp_t135 PPS_HH x hbs_car_t314 NR
age,60 years or over,IT,2005,23405,10433,0.432778860911768,0.352171102598835,352.171102598835,Eurostat hbs_exp_t135 PPS_HH x hbs_car_t314 NR
age,Less than 30 years,IT,2010,24855,495,0.0222581950627276,0.0195988545156132,19.5988545156132,Eurostat hbs_exp_t135 PPS_HH x hbs_car_t314 NR
age,From 30 to 44 years,IT,2010,30578,5026,0.225999370475291,0.244817964801907,244.817964801907,Eurostat hbs_exp_t135 PPS_HH x hbs_car_t314 NR
age,From 45 to 59 years,IT,2010,33344,6465,0.290705517334413,0.343398148462866,343.398148462866,Eurostat hbs_exp_t135 PPS_HH x hbs_car_t314 NR
age,60 years or over,IT,2010,24012,10253,0.461036917127569,0.392185032219614,392.185032219614,Eurostat hbs_exp_t135 PPS_HH x hbs_car_t314 NR
age,Less than 30 years,IT,2015,23927,363,0.0241790448278159,0.0195337334459809,19.5337334459809,Eurostat hbs_exp_t135 PPS_HH x hbs_car_t314 NR
age,From 30 to 44 years,IT,2015,29518,2975,0.198161593285819,0.197498718033529,197.498718033529,Eurostat hbs_exp_t135 PPS_HH x hbs_car_t314 NR
age,From 45 to 59 years,IT,2015,34035,4548,0.302937454206355,0.348126106934862,348.126106934862,Eurostat hbs_exp_t135 PPS_HH x hbs_car_t314 NR
age,60 years or over,IT,2015,27129,7127,0.474721907680011,0.434841441585629,434.841441585629,Eurostat hbs_exp_t135 PPS_HH x hbs_car_t314 NR
age,Less than 30 years,IT,2020,24277,621,0.0241935483870968,0.0216022043130369,21.6022043130369,Eurostat hbs_exp_t135 PPS_HH x hbs_car_t314 NR
age,From 30 to 44 years,IT,2020,27930,4483,0.174653264765467,0.179411850388214,179.411850388214,Eurostat hbs_exp_t135 PPS_HH x hbs_car_t314 NR
age,From 45 to 59 years,IT,2020,30603,7799,0.303841358890447,0.341990760872581,341.990760872581,Eurostat hbs_exp_t135 PPS_HH x hbs_car_t314 NR
age,60 years or over,IT,2020,24985,12765,0.497311827956989,0.456995184426168,456.995184426168,Eurostat hbs_exp_t135 PPS_HH x hbs_car_t314 NR
age,Less than 30 years,LT,2005,10537,586,0.0772475612971263,0.0875847878594282,87.5847878594282,Eurostat hbs_exp_t135 PPS_HH x hbs_car_t314 NR
age,From 30 to 44 years,LT,2005,11608,2068,0.27260743474822,0.340503844851054,340.503844851054,Eurostat hbs_exp_t135 PPS_HH x hbs_car_t314 NR
age,From 45 to 59 years,LT,2005,10256,2406,0.317163195359873,0.350015858272997,350.015858272997,Eurostat hbs_exp_t135 PPS_HH x hbs_car_t314 NR
age,60 years or over,LT,2005,6193,2526,0.33298180859478,0.22189550901652,221.89550901652,Eurostat hbs_exp_t135 PPS_HH x hbs_car_t314 NR
age,Less than 30 years,LT,2010,16921,358,0.0586596755693921,0.0692564154542105,69.2564154542104,Eurostat hbs_exp_t135 PPS_HH x hbs_car_t314 NR
age,From 30 to 44 years,LT,2010,16668,1404,0.230050794691136,0.267547906594241,267.547906594241,Eurostat hbs_exp_t135 PPS_HH x hbs_car_t314 NR
age,From 45 to 59 years,LT,2010,16397,2044,0.334917253809602,0.38317418802762,383.17418802762,Eurostat hbs_exp_t135 PPS_HH x hbs_car_t314 NR
age,60 years or over,LT,2010,10663,2297,0.376372275929871,0.280021489923929,280.021489923929,Eurostat hbs_exp_t135 PPS_HH x hbs_car_t314 NR
age,Less than 30 years,LT,2015,16262,163,0.0473424339239036,0.0481496687476679,48.1496687476679,Eurostat hbs_exp_t135 PPS_HH x hbs_car_t314 NR
age,From 30 to 44 years,LT,2015,20872,642,0.186465291896602,0.243405751855185,243.405751855185,Eurostat hbs_exp_t135 PPS_HH x hbs_car_t314 NR
age,From 45 to 59 years,LT,2015,17791,1215,0.352889921580017,0.392652511964004,392.652511964004,Eurostat hbs_exp_t135 PPS_HH x hbs_car_t314 NR
age,60 years or over,LT,2015,12217,1423,0.413302352599477,0.315792067433143,315.792067433143,Eurostat hbs_exp_t135 PPS_HH x hbs_car_t314 NR
age,Less than 30 years,LT,2020,17221,139,0.0320719889247808,0.033984203923254,33.984203923254,Eurostat hbs_exp_t135 PPS_HH x hbs_car_t314 NR
age,From 30 to 44 years,LT,2020,23511,661,0.152514997692663,0.220636060785996,220.636060785996,Eurostat hbs_exp_t135 PPS_HH x hbs_car_t314 NR
age,From 45 to 59 years,LT,2020,18776,1164,0.26857406552838,0.310284435463207,310.284435463207,Eurostat hbs_exp_t135 PPS_HH x hbs_car_t314 NR
age,60 years or over,LT,2020,12931,2370,0.546838947854176,0.435095299827543,435.095299827543,Eurostat hbs_exp_t135 PPS_HH x hbs_car_t314 NR
age,Less than 30 years,LU,1988,24039,312,0.11287988422576,0.101775342883627,101.775342883627,Eurostat hbs_exp_t135 PPS_HH x hbs_car_t314 NR
age,From 30 to 44 years,LU,1988,28943,1155,0.417872648335745,0.453625136155396,453.625136155396,Eurostat hbs_exp_t135 PPS_HH x hbs_car_t314 NR
age,From 45 to 59 years,LU,1988,28427,750,0.271345875542692,0.289310286664866,289.310286664866,Eurostat hbs_exp_t135 PPS_HH x hbs_car_t314 NR
age,60 years or over,LU,1988,20921,547,0.197901591895803,0.155289234296111,155.289234296111,Eurostat hbs_exp_t135 PPS_HH x hbs_car_t314 NR
age,Less than 30 years,LU,1994,32037,308,0.102257636122178,0.0824735584936892,82.4735584936892,Eurostat hbs_exp_t135 PPS_HH x hbs_car_t314 NR
age,From 30 to 44 years,LU,1994,42021,1276,0.423638778220452,0.448156018899737,448.156018899737,Eurostat hbs_exp_t135 PPS_HH x hbs_car_t314 NR
age,From 45 to 59 years,LU,1994,43639,922,0.306108897742364,0.33629304598861,336.29304598861,Eurostat hbs_exp_t135 PPS_HH x hbs_car_t314 NR
age,60 years or over,LU,1994,31466,506,0.167994687915007,0.133077376617964,133.077376617964,Eurostat hbs_exp_t135 PPS_HH x hbs_car_t314 NR
age,Less than 30 years,LU,1999,39058,251,0.0839464882943144,0.0742994999177204,74.2994999177204,Eurostat hbs_exp_t135 PPS_HH x hbs_car_t314 NR
age,From 30 to 44 years,LU,1999,46192,1196,0.4,0.418697255653347,418.697255653347,Eurostat hbs_exp_t135 PPS_HH x hbs_car_t314 NR
age,From 45 to 59 years,LU,1999,50307,789,0.263879598662207,0.300820612222893,300.820612222893,Eurostat hbs_exp_t135 PPS_HH x hbs_car_t314 NR
age,60 years or over,LU,1999,36081,754,0.252173913043478,0.20618263220604,206.18263220604,Eurostat hbs_exp_t135 PPS_HH x hbs_car_t314 NR
age,Less than 30 years,LU,2005,44541,273,0.0852592129918801,0.0724531578954989,72.4531578954989,Eurostat hbs_exp_t135 PPS_HH x hbs_car_t314 NR
age,From 30 to 44 years,LU,2005,53941,1168,0.364772017489069,0.375401968024029,375.401968024029,Eurostat hbs_exp_t135 PPS_HH x hbs_car_t314 NR
age,From 45 to 59 years,LU,2005,59954,962,0.300437226733292,0.343659175982897,343.659175982897,Eurostat hbs_exp_t135 PPS_HH x hbs_car_t314 NR
age,60 years or over,LU,2005,43792,799,0.249531542785759,0.208485698097575,208.485698097575,Eurostat hbs_exp_t135 PPS_HH x hbs_car_t314 NR
age,Less than 30 years,LU,2010,33157,262,0.075028636884307,0.0542653591600809,54.2653591600809,Eurostat hbs_exp_t135 PPS_HH x hbs_car_t314 NR
age,From 30 to 44 years,LU,2010,46894,1253,0.358820160366552,0.367040942366424,367.040942366424,Eurostat hbs_exp_t135 PPS_HH x hbs_car_t314 NR
age,From 45 to 59 years,LU,2010,50039,1169,0.334765177548683,0.365400632118279,365.400632118279,Eurostat hbs_exp_t135 PPS_HH x hbs_car_t314 NR
age,60 years or over,LU,2010,42259,808,0.231386025200458,0.213293066355216,213.293066355216,Eurostat hbs_exp_t135 PPS_HH x hbs_car_t314 NR
age,Less than 30 years,LU,2015,32374,219,0.0691506157246606,0.0443506527952166,44.3506527952166,Eurostat hbs_exp_t135 PPS_HH x hbs_car_t314 NR
age,From 30 to 44 years,LU,2015,48340,1027,0.324281654562678,0.310553643607691,310.553643607691,Eurostat hbs_exp_t135 PPS_HH x hbs_car_t314 NR
age,From 45 to 59 years,LU,2015,54758,1260,0.397852857593937,0.431596249323784,431.596249323784,Eurostat hbs_exp_t135 PPS_HH x hbs_car_t314 NR
age,60 years or over,LU,2015,51634,661,0.208714872118724,0.213499454273308,213.499454273308,Eurostat hbs_exp_t135 PPS_HH x hbs_car_t314 NR
age,Less than 30 years,LU,2020,43456,77,0.0546486870120653,0.0473160139987929,47.3160139987929,Eurostat hbs_exp_t135 PPS_HH x hbs_car_t314 NR
age,From 30 to 44 years,LU,2020,47491,373,0.26472675656494,0.250488518664235,250.488518664235,Eurostat hbs_exp_t135 PPS_HH x hbs_car_t314 NR
age,From 45 to 59 years,LU,2020,53654,573,0.40667139815472,0.434734798729773,434.734798729773,Eurostat hbs_exp_t135 PPS_HH x hbs_car_t314 NR
age,60 years or over,LU,2020,49001,386,0.273953158268275,0.267460668607199,267.460668607199,Eurostat hbs_exp_t135 PPS_HH x hbs_car_t314 NR
age,Less than 30 years,LV,2005,13206,327,0.0866454689984102,0.111308681635476,111.308681635476,Eurostat hbs_exp_t135 PPS_HH x hbs_car_t314 NR
age,From 30 to 44 years,LV,2005,12902,1040,0.275569687334393,0.345860026296856,345.860026296856,Eurostat hbs_exp_t135 PPS_HH x hbs_car_t314 NR
age,From 45 to 59 years,LV,2005,11723,1084,0.287228404875464,0.327550329383444,327.550329383444,Eurostat hbs_exp_t135 PPS_HH x hbs_car_t314 NR
age,60 years or over,LV,2005,6313,1323,0.350556438791733,0.215280962684225,215.280962684225,Eurostat hbs_exp_t135 PPS_HH x hbs_car_t314 NR
age,Less than 30 years,LV,2010,12176,298,0.0784623486045287,0.0853488893135943,85.3488893135943,Eurostat hbs_exp_t135 PPS_HH x hbs_car_t314 NR
age,From 30 to 44 years,LV,2010,14611,834,0.219589257503949,0.28663086987842,286.63086987842,Eurostat hbs_exp_t135 PPS_HH x hbs_car_t314 NR
age,From 45 to 59 years,LV,2010,11982,1173,0.308846761453397,0.330601102600667,330.601102600667,Eurostat hbs_exp_t135 PPS_HH x hbs_car_t314 NR
age,60 years or over,LV,2010,8469,1493,0.393101632438125,0.297419138207318,297.419138207318,Eurostat hbs_exp_t135 PPS_HH x hbs_car_t314 NR
age,Less than 30 years,LV,2015,16834,284,0.0738813735691988,0.0890332599989542,89.0332599989541,Eurostat hbs_exp_t135 PPS_HH x hbs_car_t314 NR
age,From 30 to 44 years,LV,2015,19160,840,0.218522372528616,0.299723919676135,299.723919676135,Eurostat hbs_exp_t135 PPS_HH x hbs_car_t314 NR
age,From 45 to 59 years,LV,2015,15640,1080,0.280957336108221,0.314562622529174,314.562622529174,Eurostat hbs_exp_t135 PPS_HH x hbs_car_t314 NR
age,60 years or over,LV,2015,9714,1640,0.426638917793965,0.296680197795738,296.680197795738,Eurostat hbs_exp_t135 PPS_HH x hbs_car_t314 NR
age,Less than 30 years,LV,2020,19444,141,0.0532678503966755,0.06663874986121,66.63874986121,Eurostat hbs_exp_t135 PPS_HH x hbs_car_t314 NR
age,From 30 to 44 years,LV,2020,22694,502,0.189648658859086,0.276908880441468,276.908880441468,Eurostat hbs_exp_t135 PPS_HH x hbs_car_t314 NR
age,From 45 to 59 years,LV,2020,17988,711,0.268605969021534,0.310866981121252,310.866981121252,Eurostat hbs_exp_t135 PPS_HH x hbs_car_t314 NR
age,60 years or over,LV,2020,10996,1293,0.488477521722705,0.34558538857607,345.58538857607,Eurostat hbs_exp_t135 PPS_HH x hbs_car_t314 NR
age,Less than 30 years,ME,2010,15514,22,0.0176,0.0229997834176055,22.9997834176055,Eurostat hbs_exp_t135 PPS_HH x hbs_car_t314 NR
age,From 30 to 44 years,ME,2010,14887,176,0.1408,0.176561957322621,176.561957322621,Eurostat hbs_exp_t135 PPS_HH x hbs_car_t314 NR
age,From 45 to 59 years,ME,2010,14327,383,0.3064,0.369769693532542,369.769693532542,Eurostat hbs_exp_t135 PPS_HH x hbs_car_t314 NR
age,60 years or over,ME,2010,9553,669,0.5352,0.430668565727231,430.668565727231,Eurostat hbs_exp_t135 PPS_HH x hbs_car_t314 NR
age,Less than 30 years,ME,2015,15958,24,0.0182094081942337,0.017598060000805,17.598060000805,Eurostat hbs_exp_t135 PPS_HH x hbs_car_t314 NR
age,From 30 to 44 years,ME,2015,19269,218,0.165402124430956,0.193014867041352,193.014867041352,Eurostat hbs_exp_t135 PPS_HH x hbs_car_t314 NR
age,From 45 to 59 years,ME,2015,18409,406,0.30804248861912,0.343424538218179,343.424538218179,Eurostat hbs_exp_t135 PPS_HH x hbs_car_t314 NR
age,60 years or over,ME,2015,14486,670,0.508345978755691,0.445962534739664,445.962534739664,Eurostat hbs_exp_t135 PPS_HH x hbs_car_t314 NR
age,Less than 30 years,MK,2005,11029,102,0.0241992882562278,0.0211394641684262,21.1394641684262,Eurostat hbs_exp_t135 PPS_HH x hbs_car_t314 NR
age,From 30 to 44 years,MK,2005,13215,1049,0.248873072360617,0.260495557981768,260.495557981768,Eurostat hbs_exp_t135 PPS_HH x hbs_car_t314 NR
age,From 45 to 59 years,MK,2005,12930,1675,0.397390272835113,0.406978065042189,406.978065042189,Eurostat hbs_exp_t135 PPS_HH x hbs_car_t314 NR
age,60 years or over,MK,2005,11930,1389,0.329537366548043,0.311386912807617,311.386912807617,Eurostat hbs_exp_t135 PPS_HH x hbs_car_t314 NR
age,Less than 30 years,MK,2010,11811,65,0.019276393831554,0.0192694358407466,19.2694358407466,Eurostat hbs_exp_t135 PPS_HH x hbs_car_t314 NR
age,From 30 to 44 years,MK,2010,12634,661,0.196026097271649,0.20960966588425,209.60966588425,Eurostat hbs_exp_t135 PPS_HH x hbs_car_t314 NR
age,From 45 to 59 years,MK,2010,12739,1451,0.430308422301305,0.463950581853054,463.950581853054,Eurostat hbs_exp_t135 PPS_HH x hbs_car_t314 NR
age,60 years or over,MK,2010,10241,1195,0.354389086595492,0.30717031642195,307.17031642195,Eurostat hbs_exp_t135 PPS_HH x hbs_car_t314 NR
age,Less than 30 years,MK,2015,10764,28,0.00974251913709116,0.00898206644390312,8.98206644390312,Eurostat hbs_exp_t135 PPS_HH x hbs_car_t314 NR
age,From 30 to 44 years,MK,2015,11637,312,0.108559498956159,0.108203216571119,108.203216571119,Eurostat hbs_exp_t135 PPS_HH x hbs_car_t314 NR
age,From 45 to 59 years,MK,2015,12380,1183,0.411621433542102,0.436465511316959,436.465511316959,Eurostat hbs_exp_t135 PPS_HH x hbs_car_t314 NR
age,60 years or over,MK,2015,11086,1351,0.470076548364649,0.446349205668019,446.349205668019,Eurostat hbs_exp_t135 PPS_HH x hbs_car_t314 NR
age,Less than 30 years,MT,2005,33060,151,0.0583913379737046,0.0659730339257888,65.9730339257888,Eurostat hbs_exp_t135 PPS_HH x hbs_car_t314 NR
age,From 30 to 44 years,MT,2005,31315,815,0.315158546017015,0.337284734011541,337.284734011541,Eurostat hbs_exp_t135 PPS_HH x hbs_car_t314 NR
age,From 45 to 59 years,MT,2005,34051,933,0.360788863109049,0.419853883380241,419.853883380241,Eurostat hbs_exp_t135 PPS_HH x hbs_car_t314 NR
age,60 years or over,MT,2005,19483,687,0.265661252900232,0.17688834868243,176.88834868243,Eurostat hbs_exp_t135 PPS_HH x hbs_car_t314 NR
age,Less than 30 years,MT,2010,27118,120,0.0321543408360129,0.0329527601561864,32.9527601561864,Eurostat hbs_exp_t135 PPS_HH x hbs_car_t314 NR
age,From 30 to 44 years,MT,2010,29839,948,0.254019292604502,0.286447803723487,286.447803723487,Eurostat hbs_exp_t135 PPS_HH x hbs_car_t314 NR
age,From 45 to 59 years,MT,2010,31946,1307,0.35021436227224,0.422809726892973,422.809726892973,Eurostat hbs_exp_t135 PPS_HH x hbs_car_t314 NR
age,60 years or over,MT,2010,18760,1357,0.363612004287245,0.257789709227354,257.789709227354,Eurostat hbs_exp_t135 PPS_HH x hbs_car_t314 NR
age,Less than 30 years,MT,2015,30356,61,0.0165266865348144,0.0181348751986732,18.1348751986732,Eurostat hbs_exp_t135 PPS_HH x hbs_car_t314 NR
age,From 30 to 44 years,MT,2015,32131,830,0.224871308588458,0.261181569018744,261.181569018744,Eurostat hbs_exp_t135 PPS_HH x hbs_car_t314 NR
age,From 45 to 59 years,MT,2015,34055,1183,0.320509347060417,0.394553428223245,394.553428223245,Eurostat hbs_exp_t135 PPS_HH x hbs_car_t314 NR
age,60 years or over,MT,2015,20594,1617,0.43809265781631,0.326130127559338,326.130127559338,Eurostat hbs_exp_t135 PPS_HH x hbs_car_t314 NR
age,Less than 30 years,MT,2020,28898,61,0.0165266865348144,0.0181359548970004,18.1359548970004,Eurostat hbs_exp_t135 PPS_HH x hbs_car_t314 NR
age,From 30 to 44 years,MT,2020,30581,830,0.224871308588458,0.261139507337448,261.139507337448,Eurostat hbs_exp_t135 PPS_HH x hbs_car_t314 NR
age,From 45 to 59 years,MT,2020,32419,1183,0.320509347060417,0.394572818753313,394.572818753313,Eurostat hbs_exp_t135 PPS_HH x hbs_car_t314 NR
age,60 years or over,MT,2020,19605,1617,0.43809265781631,0.326151719012239,326.151719012239,Eurostat hbs_exp_t135 PPS_HH x hbs_car_t314 NR
age,Less than 30 years,NL,1988,12447,216,0.110769230769231,0.0821708705389889,82.1708705389889,Eurostat hbs_exp_t135 PPS_HH x hbs_car_t314 NR
age,From 30 to 44 years,NL,1988,18835,808,0.414358974358974,0.465132228818449,465.132228818449,Eurostat hbs_exp_t135 PPS_HH x hbs_car_t314 NR
age,From 45 to 59 years,NL,1988,19234,405,0.207692307692308,0.23808064050779,238.08064050779,Eurostat hbs_exp_t135 PPS_HH x hbs_car_t314 NR
age,60 years or over,NL,1988,13478,521,0.267179487179487,0.214616260134772,214.616260134772,Eurostat hbs_exp_t135 PPS_HH x hbs_car_t314 NR
age,Less than 30 years,NL,1994,15993,304,0.148292682926829,0.114212598042304,114.212598042304,Eurostat hbs_exp_t135 PPS_HH x hbs_car_t314 NR
age,From 30 to 44 years,NL,1994,23202,816,0.398048780487805,0.444760357948229,444.760357948229,Eurostat hbs_exp_t135 PPS_HH x hbs_car_t314 NR
age,From 45 to 59 years,NL,1994,24749,465,0.226829268292683,0.270346716010063,270.346716010063,Eurostat hbs_exp_t135 PPS_HH x hbs_car_t314 NR
age,60 years or over,NL,1994,15625,465,0.226829268292683,0.170680327999404,170.680327999404,Eurostat hbs_exp_t135 PPS_HH x hbs_car_t314 NR
age,Less than 30 years,NL,1999,21430,223,0.120475418692599,0.0996450831088105,99.6450831088105,Eurostat hbs_exp_t135 PPS_HH x hbs_car_t314 NR
age,From 30 to 44 years,NL,1999,28042,653,0.35278227984873,0.381813259064518,381.813259064518,Eurostat hbs_exp_t135 PPS_HH x hbs_car_t314 NR
age,From 45 to 59 years,NL,1999,30389,499,0.269584008643976,0.316188299137713,316.188299137713,Eurostat hbs_exp_t135 PPS_HH x hbs_car_t314 NR
age,60 years or over,NL,1999,20388,476,0.257158292814695,0.202353358688958,202.353358688958,Eurostat hbs_exp_t135 PPS_HH x hbs_car_t314 NR
age,Less than 30 years,NL,2005,22177,137,0.0872611464968153,0.0650203791580153,65.0203791580153,Eurostat hbs_exp_t135 PPS_HH x hbs_car_t314 NR
age,From 30 to 44 years,NL,2005,33447,554,0.352866242038217,0.396545539361905,396.545539361905,Eurostat hbs_exp_t135 PPS_HH x hbs_car_t314 NR
age,From 45 to 59 years,NL,2005,33445,479,0.305095541401274,0.342841074668394,342.841074668394,Eurostat hbs_exp_t135 PPS_HH x hbs_car_t314 NR
age,60 years or over,NL,2005,22849,400,0.254777070063694,0.195593006811685,195.593006811685,Eurostat hbs_exp_t135 PPS_HH x hbs_car_t314 NR
age,Less than 30 years,NL,2010,23412,74,0.0551005212211467,0.0423665727992981,42.3665727992981,Eurostat hbs_exp_t135 PPS_HH x hbs_car_t314 NR
age,From 30 to 44 years,NL,2010,33481,297,0.22114668652271,0.243168865525366,243.168865525366,Eurostat hbs_exp_t135 PPS_HH x hbs_car_t314 NR
age,From 45 to 59 years,NL,2010,34111,435,0.323901712583768,0.362858087137823,362.858087137823,Eurostat hbs_exp_t135 PPS_HH x hbs_car_t314 NR
age,60 years or over,NL,2010,26775,537,0.399851079672375,0.351606474537513,351.606474537513,Eurostat hbs_exp_t135 PPS_HH x hbs_car_t314 NR
age,Less than 30 years,NL,2015,24205,1251,0.0868267629094947,0.0632395065713485,63.2395065713485,Eurostat hbs_exp_t135 PPS_HH x hbs_car_t314 NR
age,From 30 to 44 years,NL,2015,32721,3411,0.236743475846752,0.233095754347531,233.095754347531,Eurostat hbs_exp_t135 PPS_HH x hbs_car_t314 NR
age,From 45 to 59 years,NL,2015,38350,4933,0.342379233759023,0.395095933495594,395.095933495594,Eurostat hbs_exp_t135 PPS_HH x hbs_car_t314 NR
age,60 years or over,NL,2015,30698,4813,0.334050527484731,0.308568805585527,308.568805585527,Eurostat hbs_exp_t135 PPS_HH x hbs_car_t314 NR
age,Less than 30 years,NL,2020,26013,969,0.0930567559781043,0.0724933780035274,72.4933780035274,Eurostat hbs_exp_t135 PPS_HH x hbs_car_t314 NR
age,From 30 to 44 years,NL,2020,34293,2245,0.215595889753193,0.221414441610634,221.414441610635,Eurostat hbs_exp_t135 PPS_HH x hbs_car_t314 NR
age,From 45 to 59 years,NL,2020,39144,3108,0.298473062518006,0.349889034639455,349.889034639455,Eurostat hbs_exp_t135 PPS_HH x hbs_car_t314 NR
age,60 years or over,NL,2020,30275,4091,0.392874291750696,0.356203145746383,356.203145746383,Eurostat hbs_exp_t135 PPS_HH x hbs_car_t314 NR
age,Less than 30 years,NO,2005,20637,343,0.101599526066351,0.0690234293227463,69.0234293227463,Eurostat hbs_exp_t135 PPS_HH x hbs_car_t314 NR
age,From 30 to 44 years,NO,2005,33500,1402,0.415284360189574,0.457982274047029,457.982274047029,Eurostat hbs_exp_t135 PPS_HH x hbs_car_t314 NR
age,From 45 to 59 years,NO,2005,32373,1081,0.320201421800948,0.341243580183962,341.243580183962,Eurostat hbs_exp_t135 PPS_HH x hbs_car_t314 NR
age,60 years or over,NO,2005,24566,550,0.162914691943128,0.131750716446263,131.750716446263,Eurostat hbs_exp_t135 PPS_HH x hbs_car_t314 NR
age,Less than 30 years,NO,2010,24043,288,0.0842105263157895,0.0563931375996226,56.3931375996226,Eurostat hbs_exp_t135 PPS_HH x hbs_car_t314 NR
age,From 30 to 44 years,NO,2010,39366,1324,0.387134502923977,0.424477219242128,424.477219242128,Eurostat hbs_exp_t135 PPS_HH x hbs_car_t314 NR
age,From 45 to 59 years,NO,2010,38624,1157,0.338304093567251,0.363944970191071,363.944970191071,Eurostat hbs_exp_t135 PPS_HH x hbs_car_t314 NR
age,60 years or over,NO,2010,29270,651,0.190350877192982,0.155184672967178,155.184672967178,Eurostat hbs_exp_t135 PPS_HH x hbs_car_t314 NR
age,Less than 30 years,NO,2015,24889,309,0.0918822479928635,0.0592130476353496,59.2130476353496,Eurostat hbs_exp_t135 PPS_HH x hbs_car_t314 NR
age,From 30 to 44 years,NO,2015,41159,1259,0.374368123699078,0.398971645494709,398.971645494709,Eurostat hbs_exp_t135 PPS_HH x hbs_car_t314 NR
age,From 45 to 59 years,NO,2015,43048,1064,0.31638418079096,0.352651791323229,352.651791323229,Eurostat hbs_exp_t135 PPS_HH x hbs_car_t314 NR
age,60 years or over,NO,2015,33610,731,0.217365447517098,0.189163515546713,189.163515546713,Eurostat hbs_exp_t135 PPS_HH x hbs_car_t314 NR
age,Less than 30 years,NO,2020,24687,453,0.129170230966638,0.0898596911149277,89.8596911149277,Eurostat hbs_exp_t135 PPS_HH x hbs_car_t314 NR
age,From 30 to 44 years,NO,2020,36347,1312,0.374108925007129,0.383178213587852,383.178213587852,Eurostat hbs_exp_t135 PPS_HH x hbs_car_t314 NR
age,From 45 to 59 years,NO,2020,40042,1084,0.309096093527231,0.34877347291045,348.77347291045,Eurostat hbs_exp_t135 PPS_HH x hbs_car_t314 NR
age,60 years or over,NO,2020,33702,658,0.187624750499002,0.178188622386771,178.188622386771,Eurostat hbs_exp_t135 PPS_HH x hbs_car_t314 NR
age,Less than 30 years,PL,2005,10627,3612,0.103891621365088,0.103035363923844,103.035363923844,Eurostat hbs_exp_t135 PPS_HH x hbs_car_t314 NR
age,From 30 to 44 years,PL,2005,12424,9865,0.283746081053873,0.32899281964645,328.99281964645,Eurostat hbs_exp_t135 PPS_HH x hbs_car_t314 NR
age,From 45 to 59 years,PL,2005,11152,12326,0.354531596053729,0.368979987067996,368.979987067996,Eurostat hbs_exp_t135 PPS_HH x hbs_car_t314 NR
age,60 years or over,PL,2005,8270,8964,0.25783070152731,0.19899182936171,198.99182936171,Eurostat hbs_exp_t135 PPS_HH x hbs_car_t314 NR
age,Less than 30 years,PL,2010,15682,3868,0.103389286859831,0.10600651338613,106.00651338613,Eurostat hbs_exp_t135 PPS_HH x hbs_car_t314 NR
age,From 30 to 44 years,PL,2010,18499,10253,0.274056452475142,0.331469707752136,331.469707752136,Eurostat hbs_exp_t135 PPS_HH x hbs_car_t314 NR
age,From 45 to 59 years,PL,2010,16083,12218,0.326579707045868,0.343409115035648,343.409115035648,Eurostat hbs_exp_t135 PPS_HH x hbs_car_t314 NR
age,60 years or over,PL,2010,11323,11073,0.29597455361916,0.219114663826087,219.114663826087,Eurostat hbs_exp_t135 PPS_HH x hbs_car_t314 NR
age,Less than 30 years,PL,2015,17651,3091,0.0832077097017336,0.0800250959023765,80.0250959023765,Eurostat hbs_exp_t135 PPS_HH x hbs_car_t314 NR
age,From 30 to 44 years,PL,2015,22072,10099,0.271858511898353,0.326947441320371,326.947441320371,Eurostat hbs_exp_t135 PPS_HH x hbs_car_t314 NR
age,From 45 to 59 years,PL,2015,19777,10681,0.287525573382147,0.309834811882085,309.834811882085,Eurostat hbs_exp_t135 PPS_HH x hbs_car_t314 NR
age,60 years or over,PL,2015,14542,13277,0.357408205017767,0.283192650895167,283.192650895167,Eurostat hbs_exp_t135 PPS_HH x hbs_car_t314 NR
age,Less than 30 years,PL,2020,16660,1900,0.0566673625816457,0.0557773249787356,55.7773249787356,Eurostat hbs_exp_t135 PPS_HH x hbs_car_t314 NR
age,From 30 to 44 years,PL,2020,20605,9096,0.27128754212771,0.330257093627206,330.257093627206,Eurostat hbs_exp_t135 PPS_HH x hbs_car_t314 NR
age,From 45 to 59 years,PL,2020,18903,9048,0.269855945599332,0.301378599475986,301.378599475986,Eurostat hbs_exp_t135 PPS_HH x hbs_car_t314 NR
age,60 years or over,PL,2020,13155,13485,0.402189149691312,0.312586981918073,312.586981918073,Eurostat hbs_exp_t135 PPS_HH x hbs_car_t314 NR
age,Less than 30 years,PT,1988,12675,709,0.0571635894541643,0.0608391516499452,60.8391516499452,Eurostat hbs_exp_t135 PPS_HH x hbs_car_t314 NR
age,From 30 to 44 years,PT,1988,15807,3293,0.265500282189793,0.352395318588043,352.395318588043,Eurostat hbs_exp_t135 PPS_HH x hbs_car_t314 NR
age,From 45 to 59 years,PT,1988,13655,3793,0.305813109731517,0.350641643746761,350.641643746761,Eurostat hbs_exp_t135 PPS_HH x hbs_car_t314 NR
age,60 years or over,PT,1988,7569,4608,0.371523018624526,0.236123886015251,236.123886015251,Eurostat hbs_exp_t135 PPS_HH x hbs_car_t314 NR
age,Less than 30 years,PT,1994,16255,252,0.0238772029562251,0.0239613183576722,23.9613183576722,Eurostat hbs_exp_t135 PPS_HH x hbs_car_t314 NR
age,From 30 to 44 years,PT,1994,20281,2423,0.229581201440212,0.287452423116148,287.452423116148,Eurostat hbs_exp_t135 PPS_HH x hbs_car_t314 NR
age,From 45 to 59 years,PT,1994,20732,3165,0.299886299033542,0.383829287004569,383.829287004569,Eurostat hbs_exp_t135 PPS_HH x hbs_car_t314 NR
age,60 years or over,PT,1994,11052,4714,0.446655296570021,0.304756971521611,304.756971521611,Eurostat hbs_exp_t135 PPS_HH x hbs_car_t314 NR
age,Less than 30 years,PT,1999,20421,901,0.0899201596806387,0.100952186533868,100.952186533868,Eurostat hbs_exp_t135 PPS_HH x hbs_car_t314 NR
age,From 30 to 44 years,PT,1999,22799,2544,0.253892215568862,0.318234191555152,318.234191555152,Eurostat hbs_exp_t135 PPS_HH x hbs_car_t314 NR
age,From 45 to 59 years,PT,1999,23647,2409,0.240419161676647,0.312555240441428,312.555240441428,Eurostat hbs_exp_t135 PPS_HH x hbs_car_t314 NR
age,60 years or over,PT,1999,11736,4166,0.415768463073852,0.268258381469551,268.258381469551,Eurostat hbs_exp_t135 PPS_HH x hbs_car_t314 NR
age,Less than 30 years,PT,2005,20688,291806.6,0.0762003947759674,0.0755375507970721,75.5375507970721,Eurostat hbs_exp_t135 PPS_HH x hbs_car_t314 NR
age,From 30 to 44 years,PT,2005,23750,1265990,0.330592035212456,0.376221118753091,376.221118753091,Eurostat hbs_exp_t135 PPS_HH x hbs_car_t314 NR
age,From 45 to 59 years,PT,2005,25159,979360.5,0.255743553188958,0.308308316884096,308.308316884096,Eurostat hbs_exp_t135 PPS_HH x hbs_car_t314 NR
age,60 years or over,PT,2005,14838,1292306,0.337464016822619,0.239933013565741,239.933013565741,Eurostat hbs_exp_t135 PPS_HH x hbs_car_t314 NR
age,Less than 30 years,PT,2010,23930,630,0.0663926651912741,0.0693938434723286,69.3938434723286,Eurostat hbs_exp_t135 PPS_HH x hbs_car_t314 NR
age,From 30 to 44 years,PT,2010,27557,2271,0.239329750237117,0.288062525906351,288.062525906351,Eurostat hbs_exp_t135 PPS_HH x hbs_car_t314 NR
age,From 45 to 59 years,PT,2010,27142,2695,0.284013067762673,0.336696273537395,336.696273537395,Eurostat hbs_exp_t135 PPS_HH x hbs_car_t314 NR
age,60 years or over,PT,2010,17068,3893,0.410264516808937,0.305847357083925,305.847357083925,Eurostat hbs_exp_t135 PPS_HH x hbs_car_t314 NR
age,Less than 30 years,PT,2015,25118,437,0.0383400596595894,0.038823698353721,38.823698353721,Eurostat hbs_exp_t135 PPS_HH x hbs_car_t314 NR
age,From 30 to 44 years,PT,2015,27260,2768,0.242849622740832,0.266883883301471,266.883883301471,Eurostat hbs_exp_t135 PPS_HH x hbs_car_t314 NR
age,From 45 to 59 years,PT,2015,28790,3422,0.300228110194771,0.348459316977241,348.459316977241,Eurostat hbs_exp_t135 PPS_HH x hbs_car_t314 NR
age,60 years or over,PT,2015,20494,4771,0.418582207404808,0.345833101367566,345.833101367566,Eurostat hbs_exp_t135 PPS_HH x hbs_car_t314 NR
age,Less than 30 years,PT,2020,24999,446,0.038116400307666,0.0392192648091668,39.2192648091668,Eurostat hbs_exp_t135 PPS_HH x hbs_car_t314 NR
age,From 30 to 44 years,PT,2020,26663,1969,0.168276215708059,0.184670141444924,184.670141444924,Eurostat hbs_exp_t135 PPS_HH x hbs_car_t314 NR
age,From 45 to 59 years,PT,2020,28134,3646,0.311597299376122,0.360819583162739,360.819583162739,Eurostat hbs_exp_t135 PPS_HH x hbs_car_t314 NR
age,60 years or over,PT,2020,20933,5640,0.482010084608153,0.41529101058317,415.29101058317,Eurostat hbs_exp_t135 PPS_HH x hbs_car_t314 NR
age,Less than 30 years,RO,2005,6261,11871,0.359009254218835,0.437070717861288,437.070717861288,Eurostat hbs_exp_t135 PPS_HH x hbs_car_t314 NR
age,From 30 to 44 years,RO,2005,5919,9124,0.275932982519809,0.317580859045839,317.580859045839,Eurostat hbs_exp_t135 PPS_HH x hbs_car_t314 NR
age,From 45 to 59 years,RO,2005,3685,8801,0.266164640416137,0.190717355322057,190.717355322057,Eurostat hbs_exp_t135 PPS_HH x hbs_car_t314 NR
age,60 years or over,RO,2005,2841,3270,0.0988931228452187,0.0546310677708167,54.6310677708167,Eurostat hbs_exp_t135 PPS_HH x hbs_car_t314 NR
age,Less than 30 years,RO,2010,10394,1961,0.0625797804442175,0.0705345302901278,70.5345302901278,Eurostat hbs_exp_t135 PPS_HH x hbs_car_t314 NR
age,From 30 to 44 years,RO,2010,10953,6808,0.217258105693133,0.2580442030948,258.0442030948,Eurostat hbs_exp_t135 PPS_HH x hbs_car_t314 NR
age,From 45 to 59 years,RO,2010,10443,8207,0.261903242277253,0.296586366767962,296.586366767962,Eurostat hbs_exp_t135 PPS_HH x hbs_car_t314 NR
age,60 years or over,RO,2010,7543,14360,0.458258871585397,0.37483489984711,374.83489984711,Eurostat hbs_exp_t135 PPS_HH x hbs_car_t314 NR
age,Less than 30 years,RO,2015,11888,1676,0.0547265306122449,0.0592511481015312,59.2511481015312,Eurostat hbs_exp_t135 PPS_HH x hbs_car_t314 NR
age,From 30 to 44 years,RO,2015,13501,6468,0.2112,0.259686819742589,259.686819742589,Eurostat hbs_exp_t135 PPS_HH x hbs_car_t314 NR
age,From 45 to 59 years,RO,2015,12406,8250,0.269387755102041,0.304368486473277,304.368486473277,Eurostat hbs_exp_t135 PPS_HH x hbs_car_t314 NR
age,60 years or over,RO,2015,8901,14231,0.464685714285714,0.376693545682604,376.693545682604,Eurostat hbs_exp_t135 PPS_HH x hbs_car_t314 NR
age,Less than 30 years,RO,2020,14980,1001,0.0346163156620673,0.0380426682874413,38.0426682874413,Eurostat hbs_exp_t135 PPS_HH x hbs_car_t314 NR
age,From 30 to 44 years,RO,2020,17290,4912,0.16986547705502,0.215465842088258,215.465842088258,Eurostat hbs_exp_t135 PPS_HH x hbs_car_t314 NR
age,From 45 to 59 years,RO,2020,16565,7380,0.255213196389667,0.31015078281793,310.15078281793,Eurostat hbs_exp_t135 PPS_HH x hbs_car_t314 NR
age,60 years or over,RO,2020,11008,15624,0.540305010893246,0.43634070680637,436.34070680637,Eurostat hbs_exp_t135 PPS_HH x hbs_car_t314 NR
age,Less than 30 years,RS,2015,12521,112,0.0171489817792069,0.0149769500970999,14.9769500970999,Eurostat hbs_exp_t135 PPS_HH x hbs_car_t314 NR
age,From 30 to 44 years,RS,2015,16820,1024,0.156790690552748,0.183946823513937,183.946823513937,Eurostat hbs_exp_t135 PPS_HH x hbs_car_t314 NR
age,From 45 to 59 years,RS,2015,16505,1885,0.288623487980401,0.332271603812533,332.271603812533,Eurostat hbs_exp_t135 PPS_HH x hbs_car_t314 NR
age,60 years or over,RS,2015,12506,3510,0.537436839687644,0.46880462257643,468.80462257643,Eurostat hbs_exp_t135 PPS_HH x hbs_car_t314 NR
age,Less than 30 years,RS,2020,13343,88,0.014407334643091,0.0134133631497428,13.4133631497428,Eurostat hbs_exp_t135 PPS_HH x hbs_car_t314 NR
age,From 30 to 44 years,RS,2020,19494,619,0.101342501637197,0.137845672116322,137.845672116322,Eurostat hbs_exp_t135 PPS_HH x hbs_car_t314 NR
age,From 45 to 59 years,RS,2020,17488,1522,0.249181401440733,0.304057920929626,304.057920929626,Eurostat hbs_exp_t135 PPS_HH x hbs_car_t314 NR
age,60 years or over,RS,2020,12292,3879,0.635068762278978,0.544683043804309,544.683043804309,Eurostat hbs_exp_t135 PPS_HH x hbs_car_t314 NR
age,Less than 30 years,SE,1994,13984,539,0.141804788213628,0.105693165763966,105.693165763966,Eurostat hbs_exp_t135 PPS_HH x hbs_car_t314 NR
age,From 30 to 44 years,SE,1994,19899,1505,0.395948434622468,0.419946994794132,419.946994794132,Eurostat hbs_exp_t135 PPS_HH x hbs_car_t314 NR
age,From 45 to 59 years,SE,1994,21439,1080,0.284135753749013,0.324679602460956,324.679602460956,Eurostat hbs_exp_t135 PPS_HH x hbs_car_t314 NR
age,60 years or over,SE,1994,15767,677,0.178111023414891,0.149680236980947,149.680236980947,Eurostat hbs_exp_t135 PPS_HH x hbs_car_t314 NR
age,Less than 30 years,SE,1999,15500,196,0.121588089330025,0.0847307161340838,84.7307161340838,Eurostat hbs_exp_t135 PPS_HH x hbs_car_t314 NR
age,From 30 to 44 years,SE,1999,23020,627,0.388957816377171,0.402555688133622,402.555688133622,Eurostat hbs_exp_t135 PPS_HH x hbs_car_t314 NR
age,From 45 to 59 years,SE,1999,24954,525,0.325682382133995,0.365386570923375,365.386570923375,Eurostat hbs_exp_t135 PPS_HH x hbs_car_t314 NR
age,60 years or over,SE,1999,20009,264,0.163771712158809,0.147327024808919,147.327024808919,Eurostat hbs_exp_t135 PPS_HH x hbs_car_t314 NR
age,Less than 30 years,SE,2005,18665,192,0.0923520923520923,0.065031403046242,65.031403046242,Eurostat hbs_exp_t135 PPS_HH x hbs_car_t314 NR
age,From 30 to 44 years,SE,2005,28669,762,0.366522366522367,0.39642534879697,396.42534879697,Eurostat hbs_exp_t135 PPS_HH x hbs_car_t314 NR
age,From 45 to 59 years,SE,2005,28677,671,0.322751322751323,0.349180624609452,349.180624609452,Eurostat hbs_exp_t135 PPS_HH x hbs_car_t314 NR
age,60 years or over,SE,2005,22985,454,0.218374218374218,0.189362623547335,189.362623547335,Eurostat hbs_exp_t135 PPS_HH x hbs_car_t314 NR
age,Less than 30 years,SE,2010,19287,196,0.0952380952380952,0.0674855100595086,67.4855100595086,Eurostat hbs_exp_t135 PPS_HH x hbs_car_t314 NR
age,From 30 to 44 years,SE,2010,30460,704,0.342079689018465,0.382817992037169,382.817992037169,Eurostat hbs_exp_t135 PPS_HH x hbs_car_t314 NR
age,From 45 to 59 years,SE,2010,30115,610,0.296404275996113,0.327946111163934,327.946111163934,Eurostat hbs_exp_t135 PPS_HH x hbs_car_t314 NR
age,60 years or over,SE,2010,22667,548,0.266277939747328,0.221750386739389,221.750386739389,Eurostat hbs_exp_t135 PPS_HH x hbs_car_t314 NR
age,Less than 30 years,SE,2015,20599,301,0.104841518634622,0.0735473070060194,73.5473070060194,Eurostat hbs_exp_t135 PPS_HH x hbs_car_t314 NR
age,From 30 to 44 years,SE,2015,31725,820,0.285614768373389,0.308581314886281,308.581314886281,Eurostat hbs_exp_t135 PPS_HH x hbs_car_t314 NR
age,From 45 to 59 years,SE,2015,33104,955,0.332636711947057,0.375005801950283,375.005801950283,Eurostat hbs_exp_t135 PPS_HH x hbs_car_t314 NR
age,60 years or over,SE,2015,25754,795,0.276907001044932,0.242865576157417,242.865576157417,Eurostat hbs_exp_t135 PPS_HH x hbs_car_t314 NR
age,Less than 30 years,SI,2005,25230,346.97,0.0931463087248322,0.0987195237041609,98.7195237041609,Eurostat hbs_exp_t135 PPS_HH x hbs_car_t314 NR
age,From 30 to 44 years,SI,2005,27486,1235.12,0.331575838926175,0.382837587747456,382.837587747456,Eurostat hbs_exp_t135 PPS_HH x hbs_car_t314 NR
age,From 45 to 59 years,SI,2005,26912,1038.42,0.278770469798658,0.315146793647481,315.146793647481,Eurostat hbs_exp_t135 PPS_HH x hbs_car_t314 NR
age,60 years or over,SI,2005,16322,1104.49,0.296507382550336,0.203296094900902,203.296094900902,Eurostat hbs_exp_t135 PPS_HH x hbs_car_t314 NR
age,Less than 30 years,SI,2010,22970,196,0.0499490316004078,0.0446723425092596,44.6723425092596,Eurostat hbs_exp_t135 PPS_HH x hbs_car_t314 NR
age,From 30 to 44 years,SI,2010,30576,939,0.239296636085627,0.284883910323308,284.883910323308,Eurostat hbs_exp_t135 PPS_HH x hbs_car_t314 NR
age,From 45 to 59 years,SI,2010,28329,1517,0.386595310907238,0.426420902566632,426.420902566632,Eurostat hbs_exp_t135 PPS_HH x hbs_car_t314 NR
age,60 years or over,SI,2010,19334,1272,0.324159021406728,0.244022844600801,244.022844600801,Eurostat hbs_exp_t135 PPS_HH x hbs_car_t314 NR
age,Less than 30 years,SI,2015,28892,315,0.084,0.0944795776042484,94.4795776042485,Eurostat hbs_exp_t135 PPS_HH x hbs_car_t314 NR
age,From 30 to 44 years,SI,2015,29708,868,0.231466666666667,0.267696642009253,267.696642009253,Eurostat hbs_exp_t135 PPS_HH x hbs_car_t314 NR
age,From 45 to 59 years,SI,2015,28630,1192,0.317866666666667,0.354280612166721,354.280612166721,Eurostat hbs_exp_t135 PPS_HH x hbs_car_t314 NR
age,60 years or over,SI,2015,19864,1375,0.366666666666667,0.283543168219778,283.543168219778,Eurostat hbs_exp_t135 PPS_HH x hbs_car_t314 NR
age,Less than 30 years,SI,2020,30671,344,0.0973952434881087,0.11416646486209,114.16646486209,Eurostat hbs_exp_t135 PPS_HH x hbs_car_t314 NR
age,From 30 to 44 years,SI,2020,30759,824,0.233295583238958,0.274253133705866,274.253133705866,Eurostat hbs_exp_t135 PPS_HH x hbs_car_t314 NR
age,From 45 to 59 years,SI,2020,29845,1049,0.296998867497169,0.338765555453842,338.765555453842,Eurostat hbs_exp_t135 PPS_HH x hbs_car_t314 NR
age,60 years or over,SI,2020,19173,1315,0.372310305775764,0.272814845978203,272.814845978203,Eurostat hbs_exp_t135 PPS_HH x hbs_car_t314 NR
age,Less than 30 years,SK,2005,12393,458,0.09723991507431,0.101053850703246,101.053850703246,Eurostat hbs_exp_t135 PPS_HH x hbs_car_t314 NR
age,From 30 to 44 years,SK,2005,13629,1495,0.317409766454352,0.362757268981547,362.757268981547,Eurostat hbs_exp_t135 PPS_HH x hbs_car_t314 NR
age,From 45 to 59 years,SK,2005,13074,1568,0.332908704883227,0.364976984320239,364.976984320239,Eurostat hbs_exp_t135 PPS_HH x hbs_car_t314 NR
age,60 years or over,SK,2005,8088,1189,0.25244161358811,0.171211895994968,171.211895994968,Eurostat hbs_exp_t135 PPS_HH x hbs_car_t314 NR
age,Less than 30 years,SK,2010,14994,565,0.0919746052417386,0.0905183478196426,90.5183478196426,Eurostat hbs_exp_t135 PPS_HH x hbs_car_t314 NR
age,From 30 to 44 years,SK,2010,17460,1832,0.298225622659938,0.341775063602965,341.775063602965,Eurostat hbs_exp_t135 PPS_HH x hbs_car_t314 NR
age,From 45 to 59 years,SK,2010,16711,2098,0.341526941233925,0.374609327819467,374.609327819467,Eurostat hbs_exp_t135 PPS_HH x hbs_car_t314 NR
age,60 years or over,SK,2010,10966,1648,0.268272830864399,0.193097260757926,193.097260757926,Eurostat hbs_exp_t135 PPS_HH x hbs_car_t314 NR
age,Less than 30 years,SK,2015,19147,349,0.0729362591431557,0.074872683553512,74.872683553512,Eurostat hbs_exp_t135 PPS_HH x hbs_car_t314 NR
age,From 30 to 44 years,SK,2015,21657,1147,0.239707419017764,0.278329314123142,278.329314123142,Eurostat hbs_exp_t135 PPS_HH x hbs_car_t314 NR
age,From 45 to 59 years,SK,2015,22294,1379,0.288192267502612,0.344468487323729,344.468487323729,Eurostat hbs_exp_t135 PPS_HH x hbs_car_t314 NR
age,60 years or over,SK,2015,14127,1910,0.399164054336468,0.302329514999617,302.329514999617,Eurostat hbs_exp_t135 PPS_HH x hbs_car_t314 NR
age,Less than 30 years,SK,2020,17225,255,0.0550399309302828,0.0640148953091669,64.0148953091669,Eurostat hbs_exp_t135 PPS_HH x hbs_car_t314 NR
age,From 30 to 44 years,SK,2020,17786,1025,0.221238938053097,0.265695244865947,265.695244865947,Eurostat hbs_exp_t135 PPS_HH x hbs_car_t314 NR
age,From 45 to 59 years,SK,2020,16803,1287,0.277789769048133,0.315171546584131,315.171546584131,Eurostat hbs_exp_t135 PPS_HH x hbs_car_t314 NR
age,60 years or over,SK,2020,11794,2066,0.445931361968487,0.355118313240756,355.118313240756,Eurostat hbs_exp_t135 PPS_HH x hbs_car_t314 NR
age,Less than 30 years,TR,2005,9935,3270,0.127336448598131,0.12288333716972,122.88333716972,Eurostat hbs_exp_t135 PPS_HH x hbs_car_t314 NR
age,From 30 to 44 years,TR,2005,10355,10645,0.41452492211838,0.416939596699576,416.939596699576,Eurostat hbs_exp_t135 PPS_HH x hbs_car_t314 NR
age,From 45 to 59 years,TR,2005,11540,7541,0.293652647975078,0.329163841858556,329.163841858556,Eurostat hbs_exp_t135 PPS_HH x hbs_car_t314 NR
age,60 years or over,TR,2005,8200,4224,0.164485981308411,0.131013224272147,131.013224272147,Eurostat hbs_exp_t135 PPS_HH x hbs_car_t314 NR
age,Less than 30 years,TR,2010,13791,2142,0.0746940056491265,0.0646057376683748,64.6057376683748,Eurostat hbs_exp_t135 PPS_HH x hbs_car_t314 NR
age,From 30 to 44 years,TR,2010,16225,10473,0.365205565435715,0.371630777247433,371.630777247433,Eurostat hbs_exp_t135 PPS_HH x hbs_car_t314 NR
age,From 45 to 59 years,TR,2010,17939,9697,0.338145552184678,0.380444657811644,380.444657811644,Eurostat hbs_exp_t135 PPS_HH x hbs_car_t314 NR
age,60 years or over,TR,2010,13169,6365,0.221954876730481,0.183318827272549,183.318827272549,Eurostat hbs_exp_t135 PPS_HH x hbs_car_t314 NR
age,Less than 30 years,TR,2015,20499,2109,0.0625648936485805,0.0594136872832528,59.4136872832528,Eurostat hbs_exp_t135 PPS_HH x hbs_car_t314 NR
age,From 30 to 44 years,TR,2015,23131,11269,0.334302411818802,0.358225946101056,358.225946101056,Eurostat hbs_exp_t135 PPS_HH x hbs_car_t314 NR
age,From 45 to 59 years,TR,2015,23871,11241,0.333471773116972,0.36876764636141,368.76764636141,Eurostat hbs_exp_t135 PPS_HH x hbs_car_t314 NR
age,60 years or over,TR,2015,17098,9090,0.269660921415646,0.213592720254282,213.592720254282,Eurostat hbs_exp_t135 PPS_HH x hbs_car_t314 NR
age,Less than 30 years,TR,2020,17975,2077,0.0584823314092637,0.0556577084462417,55.6577084462417,Eurostat hbs_exp_t135 PPS_HH x hbs_car_t314 NR
age,From 30 to 44 years,TR,2020,20589,11072,0.311755596226946,0.339845291023248,339.845291023248,Eurostat hbs_exp_t135 PPS_HH x hbs_car_t314 NR
age,From 45 to 59 years,TR,2020,20962,12033,0.338814585386456,0.376033519260576,376.033519260576,Eurostat hbs_exp_t135 PPS_HH x hbs_car_t314 NR
age,60 years or over,TR,2020,14831,10333,0.290947486977334,0.228463481269935,228.463481269935,Eurostat hbs_exp_t135 PPS_HH x hbs_car_t314 NR
age,Less than 30 years,UK,1988,16797,1019,0.140280837004405,0.135497561317597,135.497561317597,Eurostat hbs_exp_t135 PPS_HH x hbs_car_t314 NR
age,From 30 to 44 years,UK,1988,21314,2104,0.289647577092511,0.355006471149868,355.006471149869,Eurostat hbs_exp_t135 PPS_HH x hbs_car_t314 NR
age,From 45 to 59 years,UK,1988,21534,1640,0.225770925110132,0.279572293598945,279.572293598945,Eurostat hbs_exp_t135 PPS_HH x hbs_car_t314 NR
age,60 years or over,UK,1988,11613,2501,0.344300660792952,0.22992367393359,229.92367393359,Eurostat hbs_exp_t135 PPS_HH x hbs_car_t314 NR
age,Less than 30 years,UK,1994,20952,1147,0.165560046189376,0.169534726337038,169.534726337038,Eurostat hbs_exp_t135 PPS_HH x hbs_car_t314 NR
age,From 30 to 44 years,UK,1994,23169,2094,0.302251732101617,0.342258098471306,342.258098471306,Eurostat hbs_exp_t135 PPS_HH x hbs_car_t314 NR
age,From 45 to 59 years,UK,1994,24955,1534,0.221420323325635,0.270055296935876,270.055296935876,Eurostat hbs_exp_t135 PPS_HH x hbs_car_t314 NR
age,60 years or over,UK,1994,14363,2153,0.310767898383372,0.21815187825578,218.15187825578,Eurostat hbs_exp_t135 PPS_HH x hbs_car_t314 NR
age,Less than 30 years,UK,1999,25829,983,0.138528748590755,0.12945478675333,129.45478675333,Eurostat hbs_exp_t135 PPS_HH x hbs_car_t314 NR
age,From 30 to 44 years,UK,1999,31588,2242,0.315952649379932,0.361089401252542,361.089401252542,Eurostat hbs_exp_t135 PPS_HH x hbs_car_t314 NR
age,From 45 to 59 years,UK,1999,33605,1720,0.2423900789177,0.294706252654432,294.706252654432,Eurostat hbs_exp_t135 PPS_HH x hbs_car_t314 NR
age,60 years or over,UK,1999,19581,2151,0.303128523111612,0.214749559339696,214.749559339696,Eurostat hbs_exp_t135 PPS_HH x hbs_car_t314 NR
age,Less than 30 years,UK,2005,28918,612,0.0901989683124539,0.0817383859875247,81.7383859875247,Eurostat hbs_exp_t135 PPS_HH x hbs_car_t314 NR
age,From 30 to 44 years,UK,2005,35742,2010,0.296241709653648,0.331803750126676,331.803750126675,Eurostat hbs_exp_t135 PPS_HH x hbs_car_t314 NR
age,From 45 to 59 years,UK,2005,38198,1852,0.272955047899779,0.326729229835259,326.729229835259,Eurostat hbs_exp_t135 PPS_HH x hbs_car_t314 NR
age,60 years or over,UK,2005,24334,2311,0.340604274134119,0.259728634050541,259.728634050541,Eurostat hbs_exp_t135 PPS_HH x hbs_car_t314 NR
age,Less than 30 years,UK,2010,23468,444,0.0843625308759263,0.0838118937853994,83.8118937853994,Eurostat hbs_exp_t135 PPS_HH x hbs_car_t314 NR
age,From 30 to 44 years,UK,2010,26894,1399,0.265817974539236,0.302635394543277,302.635394543277,Eurostat hbs_exp_t135 PPS_HH x hbs_car_t314 NR
age,From 45 to 59 years,UK,2010,28809,1455,0.276458293748813,0.337161347744033,337.161347744033,Eurostat hbs_exp_t135 PPS_HH x hbs_car_t314 NR
age,60 years or over,UK,2010,17487,1965,0.373361200836025,0.276391363927291,276.391363927291,Eurostat hbs_exp_t135 PPS_HH x hbs_car_t314 NR
age,Less than 30 years,UK,2015,24218,365,0.0743078175895766,0.0712026250044031,71.2026250044031,Eurostat hbs_exp_t135 PPS_HH x hbs_car_t314 NR
age,From 30 to 44 years,UK,2015,27747,1244,0.253257328990228,0.278036158951225,278.036158951225,Eurostat hbs_exp_t135 PPS_HH x hbs_car_t314 NR
age,From 45 to 59 years,UK,2015,29519,1427,0.290513029315961,0.339305172114661,339.305172114661,Eurostat hbs_exp_t135 PPS_HH x hbs_car_t314 NR
age,60 years or over,UK,2015,20611,1876,0.381921824104235,0.31145604392971,311.45604392971,Eurostat hbs_exp_t135 PPS_HH x hbs_car_t314 NR
age,Less than 30 years,XK,2015,12179,27,0.011518771331058,0.00933930826243901,9.33930826243901,Eurostat hbs_exp_t135 PPS_HH x hbs_car_t314 NR
age,From 30 to 44 years,XK,2015,13952,488,0.208191126279863,0.193372897769518,193.372897769518,Eurostat hbs_exp_t135 PPS_HH x hbs_car_t314 NR
age,From 45 to 59 years,XK,2015,15354,970,0.41382252559727,0.422992421349572,422.992421349572,Eurostat hbs_exp_t135 PPS_HH x hbs_car_t314 NR
age,60 years or over,XK,2015,15342,859,0.366467576791809,0.37429537261847,374.29537261847,Eurostat hbs_exp_t135 PPS_HH x hbs_car_t314 NR
income,First quintile,AT,1994,21697,,0.2,0.178416071178942,178.416071178942,Eurostat hbs_exp_t133 PPS_HH; equal household income quintiles
income,Second quintile,AT,1994,19987,,0.2,0.164354611911947,164.354611911947,Eurostat hbs_exp_t133 PPS_HH; equal household income quintiles
income,Third quintile,AT,1994,22706,,0.2,0.186713154454029,186.713154454029,Eurostat hbs_exp_t133 PPS_HH; equal household income quintiles
income,Fourth quintile,AT,1994,25606,,0.2,0.210560073678757,210.560073678757,Eurostat hbs_exp_t133 PPS_HH; equal household income quintiles
income,Fifth quintile,AT,1994,31613,,0.2,0.259956088776324,259.956088776324,Eurostat hbs_exp_t133 PPS_HH; equal household income quintiles
income,First quintile,AT,1999,17124,,0.2,0.129491833030853,129.491833030853,Eurostat hbs_exp_t133 PPS_HH; equal household income quintiles
income,Second quintile,AT,1999,23066,,0.2,0.174425287356322,174.425287356322,Eurostat hbs_exp_t133 PPS_HH; equal household income quintiles
income,Third quintile,AT,1999,25811,,0.2,0.195183000604961,195.183000604961,Eurostat hbs_exp_t133 PPS_HH; equal household income quintiles
income,Fourth quintile,AT,1999,28526,,0.2,0.215713853599516,215.713853599516,Eurostat hbs_exp_t133 PPS_HH; equal household income quintiles
income,Fifth quintile,AT,1999,37713,,0.2,0.285186025408349,285.186025408349,Eurostat hbs_exp_t133 PPS_HH; equal household income quintiles
income,First quintile,AT,2005,24766,,0.2,0.164193749419892,164.193749419892,Eurostat hbs_exp_t133 PPS_HH; equal household income quintiles
income,Second quintile,AT,2005,23801,,0.2,0.157795987642044,157.795987642044,Eurostat hbs_exp_t133 PPS_HH; equal household income quintiles
income,Third quintile,AT,2005,28511,,0.2,0.189022368961905,189.022368961905,Eurostat hbs_exp_t133 PPS_HH; equal household income quintiles
income,Fourth quintile,AT,2005,32398,,0.2,0.21479242080698,214.79242080698,Eurostat hbs_exp_t133 PPS_HH; equal household income quintiles
income,Fifth quintile,AT,2005,41358,,0.2,0.274195473169179,274.195473169179,Eurostat hbs_exp_t133 PPS_HH; equal household income quintiles
income,First quintile,AT,2010,17440,,0.2,0.104954022435126,104.954022435126,Eurostat hbs_exp_t133 PPS_HH; equal household income quintiles
income,Second quintile,AT,2010,25409,,0.2,0.152911511241635,152.911511241635,Eurostat hbs_exp_t133 PPS_HH; equal household income quintiles
income,Third quintile,AT,2010,31915,,0.2,0.192064657455106,192.064657455106,Eurostat hbs_exp_t133 PPS_HH; equal household income quintiles
income,Fourth quintile,AT,2010,39331,,0.2,0.236694189013529,236.694189013529,Eurostat hbs_exp_t133 PPS_HH; equal household income quintiles
income,Fifth quintile,AT,2010,52073,,0.2,0.313375619854605,313.375619854605,Eurostat hbs_exp_t133 PPS_HH; equal household income quintiles
income,First quintile,AT,2015,18985,,0.2,0.110068180237007,110.068180237008,Eurostat hbs_exp_t133 PPS_HH; equal household income quintiles
income,Second quintile,AT,2015,24394,,0.2,0.141427610676932,141.427610676932,Eurostat hbs_exp_t133 PPS_HH; equal household income quintiles
income,Third quintile,AT,2015,33100,,0.2,0.1919018575636,191.9018575636,Eurostat hbs_exp_t133 PPS_HH; equal household income quintiles
income,Fourth quintile,AT,2015,40005,,0.2,0.231934556248696,231.934556248696,Eurostat hbs_exp_t133 PPS_HH; equal household income quintiles
income,Fifth quintile,AT,2015,56000,,0.2,0.324667795273765,324.667795273765,Eurostat hbs_exp_t133 PPS_HH; equal household income quintiles
income,First quintile,AT,2020,18548,,0.2,0.106808248443771,106.808248443771,Eurostat hbs_exp_t133 PPS_HH; equal household income quintiles
income,Second quintile,AT,2020,25987,,0.2,0.149645565684078,149.645565684078,Eurostat hbs_exp_t133 PPS_HH; equal household income quintiles
income,Third quintile,AT,2020,33409,,0.2,0.19238498879976,192.38498879976,Eurostat hbs_exp_t133 PPS_HH; equal household income quintiles
income,Fourth quintile,AT,2020,40969,,0.2,0.235919081868281,235.919081868281,Eurostat hbs_exp_t133 PPS_HH; equal household income quintiles
income,Fifth quintile,AT,2020,54744,,0.2,0.315242115204109,315.242115204109,Eurostat hbs_exp_t133 PPS_HH; equal household income quintiles
income,First quintile,BE,1988,7156,,0.2,0.0846513278523688,84.6513278523688,Eurostat hbs_exp_t133 PPS_HH; equal household income quintiles
income,Second quintile,BE,1988,11397,,0.2,0.134819897084048,134.819897084048,Eurostat hbs_exp_t133 PPS_HH; equal household income quintiles
income,Third quintile,BE,1988,15173,,0.2,0.179487786124091,179.487786124091,Eurostat hbs_exp_t133 PPS_HH; equal household income quintiles
income,Fourth quintile,BE,1988,19774,,0.2,0.233914946471876,233.914946471876,Eurostat hbs_exp_t133 PPS_HH; equal household income quintiles
income,Fifth quintile,BE,1988,31035,,0.2,0.367126042467617,367.126042467617,Eurostat hbs_exp_t133 PPS_HH; equal household income quintiles
income,First quintile,BE,1994,18933,,0.2,0.166706289457696,166.706289457696,Eurostat hbs_exp_t133 PPS_HH; equal household income quintiles
income,Second quintile,BE,1994,19308,,0.2,0.170008188710146,170.008188710146,Eurostat hbs_exp_t133 PPS_HH; equal household income quintiles
income,Third quintile,BE,1994,20557,,0.2,0.181005714486973,181.005714486973,Eurostat hbs_exp_t133 PPS_HH; equal household income quintiles
income,Fourth quintile,BE,1994,25324,,0.2,0.222979457784117,222.979457784117,Eurostat hbs_exp_t133 PPS_HH; equal household income quintiles
income,Fifth quintile,BE,1994,29449,,0.2,0.259300349561068,259.300349561068,Eurostat hbs_exp_t133 PPS_HH; equal household income quintiles
income,First quintile,BE,1999,18699,,0.2,0.136485066129456,136.485066129456,Eurostat hbs_exp_t133 PPS_HH; equal household income quintiles
income,Second quintile,BE,1999,23758,,0.2,0.173410995299407,173.410995299407,Eurostat hbs_exp_t133 PPS_HH; equal household income quintiles
income,Third quintile,BE,1999,25717,,0.2,0.187709847887653,187.709847887653,Eurostat hbs_exp_t133 PPS_HH; equal household income quintiles
income,Fourth quintile,BE,1999,30098,,0.2,0.219687016437476,219.687016437476,Eurostat hbs_exp_t133 PPS_HH; equal household income quintiles
income,Fifth quintile,BE,1999,38732,,0.2,0.282707074246007,282.707074246007,Eurostat hbs_exp_t133 PPS_HH; equal household income quintiles
income,First quintile,BE,2005,18929,,0.2,0.126029494989847,126.029494989847,Eurostat hbs_exp_t133 PPS_HH; equal household income quintiles
income,Second quintile,BE,2005,24998,,0.2,0.166436965278471,166.436965278471,Eurostat hbs_exp_t133 PPS_HH; equal household income quintiles
income,Third quintile,BE,2005,29634,,0.2,0.197303505442924,197.303505442924,Eurostat hbs_exp_t133 PPS_HH; equal household income quintiles
income,Fourth quintile,BE,2005,34173,,0.2,0.227524218515929,227.524218515929,Eurostat hbs_exp_t133 PPS_HH; equal household income quintiles
income,Fifth quintile,BE,2005,42461,,0.2,0.282705815772829,282.705815772829,Eurostat hbs_exp_t133 PPS_HH; equal household income quintiles
income,First quintile,BE,2010,15853,,0.2,0.101345044941378,101.345044941378,Eurostat hbs_exp_t133 PPS_HH; equal household income quintiles
income,Second quintile,BE,2010,22575,,0.2,0.144317440834644,144.317440834644,Eurostat hbs_exp_t133 PPS_HH; equal household income quintiles
income,Third quintile,BE,2010,29621,,0.2,0.189361103652845,189.361103652845,Eurostat hbs_exp_t133 PPS_HH; equal household income quintiles
income,Fourth quintile,BE,2010,37494,,0.2,0.239691611368954,239.691611368954,Eurostat hbs_exp_t133 PPS_HH; equal household income quintiles
income,Fifth quintile,BE,2010,50883,,0.2,0.325284799202179,325.284799202179,Eurostat hbs_exp_t133 PPS_HH; equal household income quintiles
income,First quintile,BE,2015,17699,,0.2,0.101350267992121,101.350267992121,Eurostat hbs_exp_t133 PPS_HH; equal household income quintiles
income,Second quintile,BE,2015,25857,,0.2,0.148065646616886,148.065646616886,Eurostat hbs_exp_t133 PPS_HH; equal household income quintiles
income,Third quintile,BE,2015,32985,,0.2,0.188882908058088,188.882908058088,Eurostat hbs_exp_t133 PPS_HH; equal household income quintiles
income,Fourth quintile,BE,2015,42721,,0.2,0.244634431261166,244.634431261166,Eurostat hbs_exp_t133 PPS_HH; equal household income quintiles
income,Fifth quintile,BE,2015,55370,,0.2,0.317066746071739,317.066746071739,Eurostat hbs_exp_t133 PPS_HH; equal household income quintiles
income,First quintile,BE,2020,18511,,0.2,0.119758038429191,119.758038429191,Eurostat hbs_exp_t133 PPS_HH; equal household income quintiles
income,Second quintile,BE,2020,24796,,0.2,0.16041922753445,160.41922753445,Eurostat hbs_exp_t133 PPS_HH; equal household income quintiles
income,Third quintile,BE,2020,29093,,0.2,0.188218929934657,188.218929934657,Eurostat hbs_exp_t133 PPS_HH; equal household income quintiles
income,Fourth quintile,BE,2020,36629,,0.2,0.236973539496668,236.973539496668,Eurostat hbs_exp_t133 PPS_HH; equal household income quintiles
income,Fifth quintile,BE,2020,45541,,0.2,0.294630264605033,294.630264605033,Eurostat hbs_exp_t133 PPS_HH; equal household income quintiles
income,First quintile,BG,2005,3782,,0.2,0.10655322026258,106.55322026258,Eurostat hbs_exp_t133 PPS_HH; equal household income quintiles
income,Second quintile,BG,2005,5395,,0.2,0.151997520707725,151.997520707725,Eurostat hbs_exp_t133 PPS_HH; equal household income quintiles
income,Third quintile,BG,2005,6886,,0.2,0.194004620499239,194.004620499239,Eurostat hbs_exp_t133 PPS_HH; equal household income quintiles
income,Fourth quintile,BG,2005,8222,,0.2,0.23164478503409,231.64478503409,Eurostat hbs_exp_t133 PPS_HH; equal household income quintiles
income,Fifth quintile,BG,2005,11209,,0.2,0.315799853496366,315.799853496366,Eurostat hbs_exp_t133 PPS_HH; equal household income quintiles
income,First quintile,BG,2010,4088,,0.2,0.0875787308796435,87.5787308796435,Eurostat hbs_exp_t133 PPS_HH; equal household income quintiles
income,Second quintile,BG,2010,6432,,0.2,0.137795106902609,137.795106902609,Eurostat hbs_exp_t133 PPS_HH; equal household income quintiles
income,Third quintile,BG,2010,8493,,0.2,0.181948669608809,181.948669608809,Eurostat hbs_exp_t133 PPS_HH; equal household income quintiles
income,Fourth quintile,BG,2010,11305,,0.2,0.24219118214148,242.19118214148,Eurostat hbs_exp_t133 PPS_HH; equal household income quintiles
income,Fifth quintile,BG,2010,16360,,0.2,0.350486310467458,350.486310467458,Eurostat hbs_exp_t133 PPS_HH; equal household income quintiles
income,First quintile,BG,2015,5447,,0.2,0.0870211202351663,87.0211202351663,Eurostat hbs_exp_t133 PPS_HH; equal household income quintiles
income,Second quintile,BG,2015,8397,,0.2,0.134150238041985,134.150238041985,Eurostat hbs_exp_t133 PPS_HH; equal household income quintiles
income,Third quintile,BG,2015,11204,,0.2,0.178994791833083,178.994791833083,Eurostat hbs_exp_t133 PPS_HH; equal household income quintiles
income,Fourth quintile,BG,2015,14878,,0.2,0.237690513467745,237.690513467745,Eurostat hbs_exp_t133 PPS_HH; equal household income quintiles
income,Fifth quintile,BG,2015,22668,,0.2,0.362143336422021,362.143336422021,Eurostat hbs_exp_t133 PPS_HH; equal household income quintiles
income,First quintile,BG,2020,5833,,0.2,0.088664933801511,88.664933801511,Eurostat hbs_exp_t133 PPS_HH; equal household income quintiles
income,Second quintile,BG,2020,8917,,0.2,0.135543496435466,135.543496435466,Eurostat hbs_exp_t133 PPS_HH; equal household income quintiles
income,Third quintile,BG,2020,12164,,0.2,0.184899752230684,184.899752230684,Eurostat hbs_exp_t133 PPS_HH; equal household income quintiles
income,Fourth quintile,BG,2020,15619,,0.2,0.237417726906532,237.417726906532,Eurostat hbs_exp_t133 PPS_HH; equal household income quintiles
income,Fifth quintile,BG,2020,23254,,0.2,0.353474090625808,353.474090625808,Eurostat hbs_exp_t133 PPS_HH; equal household income quintiles
income,First quintile,CY,2005,13676,,0.2,0.0799794144823795,79.9794144823795,Eurostat hbs_exp_t133 PPS_HH; equal household income quintiles
income,Second quintile,CY,2005,24795,,0.2,0.145005087897821,145.005087897821,Eurostat hbs_exp_t133 PPS_HH; equal household income quintiles
income,Third quintile,CY,2005,34189,,0.2,0.199942688047534,199.942688047534,Eurostat hbs_exp_t133 PPS_HH; equal household income quintiles
income,Fourth quintile,CY,2005,41065,,0.2,0.24015462530849,240.15462530849,Eurostat hbs_exp_t133 PPS_HH; equal household income quintiles
income,Fifth quintile,CY,2005,57269,,0.2,0.334918184263775,334.918184263775,Eurostat hbs_exp_t133 PPS_HH; equal household income quintiles
income,First quintile,CY,2010,16559,,0.2,0.0740702636452285,74.0702636452285,Eurostat hbs_exp_t133 PPS_HH; equal household income quintiles
income,Second quintile,CY,2010,29829,,0.2,0.133428461517816,133.428461517816,Eurostat hbs_exp_t133 PPS_HH; equal household income quintiles
income,Third quintile,CY,2010,43446,,0.2,0.194338829297095,194.338829297095,Eurostat hbs_exp_t133 PPS_HH; equal household income quintiles
income,Fourth quintile,CY,2010,55881,,0.2,0.249961978546954,249.961978546954,Eurostat hbs_exp_t133 PPS_HH; equal household income quintiles
income,Fifth quintile,CY,2010,77843,,0.2,0.348200466992906,348.200466992906,Eurostat hbs_exp_t133 PPS_HH; equal household income quintiles
income,First quintile,CY,2015,14553,,0.2,0.0817584269662921,81.7584269662921,Eurostat hbs_exp_t133 PPS_HH; equal household income quintiles
income,Second quintile,CY,2015,22758,,0.2,0.12785393258427,127.85393258427,Eurostat hbs_exp_t133 PPS_HH; equal household income quintiles
income,Third quintile,CY,2015,32686,,0.2,0.183629213483146,183.629213483146,Eurostat hbs_exp_t133 PPS_HH; equal household income quintiles
income,Fourth quintile,CY,2015,43777,,0.2,0.245938202247191,245.938202247191,Eurostat hbs_exp_t133 PPS_HH; equal household income quintiles
income,Fifth quintile,CY,2015,64226,,0.2,0.360820224719101,360.820224719101,Eurostat hbs_exp_t133 PPS_HH; equal household income quintiles
income,First quintile,CY,2020,13979,,0.2,0.0817557095651665,81.7557095651666,Eurostat hbs_exp_t133 PPS_HH; equal household income quintiles
income,Second quintile,CY,2020,21861,,0.2,0.127853320466708,127.853320466708,Eurostat hbs_exp_t133 PPS_HH; equal household income quintiles
income,Third quintile,CY,2020,31398,,0.2,0.183630142995,183.630142995,Eurostat hbs_exp_t133 PPS_HH; equal household income quintiles
income,Fourth quintile,CY,2020,42052,,0.2,0.245939702313068,245.939702313068,Eurostat hbs_exp_t133 PPS_HH; equal household income quintiles
income,Fifth quintile,CY,2020,61695,,0.2,0.360821124660058,360.821124660058,Eurostat hbs_exp_t133 PPS_HH; equal household income quintiles
income,First quintile,CZ,2005,11142,,0.2,0.183546389035319,183.546389035319,Eurostat hbs_exp_t133 PPS_HH; equal household income quintiles
income,Second quintile,CZ,2005,10306,,0.2,0.169774644175013,169.774644175013,Eurostat hbs_exp_t133 PPS_HH; equal household income quintiles
income,Third quintile,CZ,2005,10588,,0.2,0.174420137058513,174.420137058513,Eurostat hbs_exp_t133 PPS_HH; equal household income quintiles
income,Fourth quintile,CZ,2005,13199,,0.2,0.21743212967844,217.43212967844,Eurostat hbs_exp_t133 PPS_HH; equal household income quintiles
income,Fifth quintile,CZ,2005,15469,,0.2,0.254826700052715,254.826700052715,Eurostat hbs_exp_t133 PPS_HH; equal household income quintiles
income,First quintile,CZ,2010,6262,,0.2,0.0951411467987481,95.1411467987481,Eurostat hbs_exp_t133 PPS_HH; equal household income quintiles
income,Second quintile,CZ,2010,9898,,0.2,0.150384393327053,150.384393327053,Eurostat hbs_exp_t133 PPS_HH; equal household income quintiles
income,Third quintile,CZ,2010,12428,,0.2,0.188823726032392,188.823726032392,Eurostat hbs_exp_t133 PPS_HH; equal household income quintiles
income,Fourth quintile,CZ,2010,15885,,0.2,0.241347351788265,241.347351788265,Eurostat hbs_exp_t133 PPS_HH; equal household income quintiles
income,Fifth quintile,CZ,2010,21345,,0.2,0.324303382053542,324.303382053542,Eurostat hbs_exp_t133 PPS_HH; equal household income quintiles
income,First quintile,CZ,2015,7327,,0.2,0.0973209186180881,97.3209186180881,Eurostat hbs_exp_t133 PPS_HH; equal household income quintiles
income,Second quintile,CZ,2015,11247,,0.2,0.149388340616574,149.388340616574,Eurostat hbs_exp_t133 PPS_HH; equal household income quintiles
income,Third quintile,CZ,2015,14387,,0.2,0.19109540823781,191.09540823781,Eurostat hbs_exp_t133 PPS_HH; equal household income quintiles
income,Fourth quintile,CZ,2015,18183,,0.2,0.241515799540425,241.515799540425,Eurostat hbs_exp_t133 PPS_HH; equal household income quintiles
income,Fifth quintile,CZ,2015,24143,,0.2,0.320679532987103,320.679532987103,Eurostat hbs_exp_t133 PPS_HH; equal household income quintiles
income,First quintile,DE,1988,8225,,0.2,0.0978293190603628,97.8293190603628,Eurostat hbs_exp_t133 PPS_HH; equal household income quintiles
income,Second quintile,DE,1988,12635,,0.2,0.150282485875706,150.282485875706,Eurostat hbs_exp_t133 PPS_HH; equal household income quintiles
income,Third quintile,DE,1988,15854,,0.2,0.188569729408266,188.569729408266,Eurostat hbs_exp_t133 PPS_HH; equal household income quintiles
income,Fourth quintile,DE,1988,19801,,0.2,0.235515908415106,235.515908415106,Eurostat hbs_exp_t133 PPS_HH; equal household income quintiles
income,Fifth quintile,DE,1988,27560,,0.2,0.327802557240559,327.802557240559,Eurostat hbs_exp_t133 PPS_HH; equal household income quintiles
income,First quintile,DE,1994,11132,,0.2,0.107764837994559,107.764837994559,Eurostat hbs_exp_t133 PPS_HH; equal household income quintiles
income,Second quintile,DE,1994,15960,,0.2,0.154502947753608,154.502947753608,Eurostat hbs_exp_t133 PPS_HH; equal household income quintiles
income,Third quintile,DE,1994,19429,,0.2,0.188085073427623,188.085073427623,Eurostat hbs_exp_t133 PPS_HH; equal household income quintiles
income,Fourth quintile,DE,1994,23612,,0.2,0.228579173080088,228.579173080088,Eurostat hbs_exp_t133 PPS_HH; equal household income quintiles
income,Fifth quintile,DE,1994,33166,,0.2,0.321067967744121,321.067967744121,Eurostat hbs_exp_t133 PPS_HH; equal household income quintiles
income,First quintile,DE,1999,12490,,0.2,0.105962399891408,105.962399891408,Eurostat hbs_exp_t133 PPS_HH; equal household income quintiles
income,Second quintile,DE,1999,17867,,0.2,0.151579679652504,151.579679652504,Eurostat hbs_exp_t133 PPS_HH; equal household income quintiles
income,Third quintile,DE,1999,22151,,0.2,0.187924188950726,187.924188950726,Eurostat hbs_exp_t133 PPS_HH; equal household income quintiles
income,Fourth quintile,DE,1999,27268,,0.2,0.231335686168047,231.335686168047,Eurostat hbs_exp_t133 PPS_HH; equal household income quintiles
income,Fifth quintile,DE,1999,38096,,0.2,0.323198045337315,323.198045337315,Eurostat hbs_exp_t133 PPS_HH; equal household income quintiles
income,First quintile,DE,2005,14388,,0.2,0.100964169929687,100.964169929687,Eurostat hbs_exp_t133 PPS_HH; equal household income quintiles
income,Second quintile,DE,2005,20978,,0.2,0.147207836863009,147.207836863009,Eurostat hbs_exp_t133 PPS_HH; equal household income quintiles
income,Third quintile,DE,2005,26877,,0.2,0.188602585154309,188.602585154309,Eurostat hbs_exp_t133 PPS_HH; equal household income quintiles
income,Fourth quintile,DE,2005,33216,,0.2,0.233084922740095,233.084922740095,Eurostat hbs_exp_t133 PPS_HH; equal household income quintiles
income,Fifth quintile,DE,2005,47047,,0.2,0.330140485312899,330.140485312899,Eurostat hbs_exp_t133 PPS_HH; equal household income quintiles
income,First quintile,DE,2010,12180,,0.2,0.085870193595691,85.870193595691,Eurostat hbs_exp_t133 PPS_HH; equal household income quintiles
income,Second quintile,DE,2010,18519,,0.2,0.130560764794631,130.560764794631,Eurostat hbs_exp_t133 PPS_HH; equal household income quintiles
income,Third quintile,DE,2010,25302,,0.2,0.178381579503955,178.381579503955,Eurostat hbs_exp_t133 PPS_HH; equal household income quintiles
income,Fourth quintile,DE,2010,33857,,0.2,0.238695167862833,238.695167862833,Eurostat hbs_exp_t133 PPS_HH; equal household income quintiles
income,Fifth quintile,DE,2010,51984,,0.2,0.36649229424289,366.49229424289,Eurostat hbs_exp_t133 PPS_HH; equal household income quintiles
income,First quintile,DE,2015,13225,,0.2,0.0861687017031757,86.1687017031757,Eurostat hbs_exp_t133 PPS_HH; equal household income quintiles
income,Second quintile,DE,2015,20622,,0.2,0.134364534330653,134.364534330653,Eurostat hbs_exp_t133 PPS_HH; equal household income quintiles
income,Third quintile,DE,2015,27885,,0.2,0.181687277655429,181.687277655429,Eurostat hbs_exp_t133 PPS_HH; equal household income quintiles
income,Fourth quintile,DE,2015,37125,,0.2,0.241891345990956,241.891345990956,Eurostat hbs_exp_t133 PPS_HH; equal household income quintiles
income,Fifth quintile,DE,2015,54621,,0.2,0.355888140319785,355.888140319785,Eurostat hbs_exp_t133 PPS_HH; equal household income quintiles
income,First quintile,DE,2020,14119,,0.2,0.0879228316644249,87.9228316644249,Eurostat hbs_exp_t133 PPS_HH; equal household income quintiles
income,Second quintile,DE,2020,21572,,0.2,0.134334678423753,134.334678423753,Eurostat hbs_exp_t133 PPS_HH; equal household income quintiles
income,Third quintile,DE,2020,29408,,0.2,0.183131569770338,183.131569770338,Eurostat hbs_exp_t133 PPS_HH; equal household income quintiles
income,Fourth quintile,DE,2020,38965,,0.2,0.242645593583421,242.645593583421,Eurostat hbs_exp_t133 PPS_HH; equal household income quintiles
income,Fifth quintile,DE,2020,56520,,0.2,0.351965326558063,351.965326558063,Eurostat hbs_exp_t133 PPS_HH; equal household income quintiles
income,First quintile,DK,1994,11653,,0.2,0.121501855945281,121.501855945281,Eurostat hbs_exp_t133 PPS_HH; equal household income quintiles
income,Second quintile,DK,1994,14778,,0.2,0.154085164949744,154.085164949744,Eurostat hbs_exp_t133 PPS_HH; equal household income quintiles
income,Third quintile,DK,1994,18404,,0.2,0.191892230053802,191.892230053802,Eurostat hbs_exp_t133 PPS_HH; equal household income quintiles
income,Fourth quintile,DK,1994,23650,,0.2,0.246590482545773,246.590482545773,Eurostat hbs_exp_t133 PPS_HH; equal household income quintiles
income,Fifth quintile,DK,1994,27423,,0.2,0.285930266505401,285.930266505401,Eurostat hbs_exp_t133 PPS_HH; equal household income quintiles
income,First quintile,DK,1999,13627,,0.2,0.116304078793517,116.304078793517,Eurostat hbs_exp_t133 PPS_HH; equal household income quintiles
income,Second quintile,DK,1999,17766,,0.2,0.151629725093243,151.629725093243,Eurostat hbs_exp_t133 PPS_HH; equal household income quintiles
income,Third quintile,DK,1999,22911,,0.2,0.195541406710081,195.541406710081,Eurostat hbs_exp_t133 PPS_HH; equal household income quintiles
income,Fourth quintile,DK,1999,28459,,0.2,0.242892623349578,242.892623349578,Eurostat hbs_exp_t133 PPS_HH; equal household income quintiles
income,Fifth quintile,DK,1999,34404,,0.2,0.293632166053582,293.632166053582,Eurostat hbs_exp_t133 PPS_HH; equal household income quintiles
income,First quintile,DK,2005,13395,,0.2,0.111398489737534,111.398489737534,Eurostat hbs_exp_t133 PPS_HH; equal household income quintiles
income,Second quintile,DK,2005,18092,,0.2,0.150460729849306,150.460729849306,Eurostat hbs_exp_t133 PPS_HH; equal household income quintiles
income,Third quintile,DK,2005,24595,,0.2,0.204542430391537,204.542430391537,Eurostat hbs_exp_t133 PPS_HH; equal household income quintiles
income,Fourth quintile,DK,2005,28854,,0.2,0.239962077109877,239.962077109877,Eurostat hbs_exp_t133 PPS_HH; equal household income quintiles
income,Fifth quintile,DK,2005,35308,,0.2,0.293636272911746,293.636272911746,Eurostat hbs_exp_t133 PPS_HH; equal household income quintiles
income,First quintile,DK,2010,14747,,0.2,0.103248617237275,103.248617237275,Eurostat hbs_exp_t133 PPS_HH; equal household income quintiles
income,Second quintile,DK,2010,20136,,0.2,0.140978785969334,140.978785969334,Eurostat hbs_exp_t133 PPS_HH; equal household income quintiles
income,Third quintile,DK,2010,25578,,0.2,0.179080025204789,179.080025204789,Eurostat hbs_exp_t133 PPS_HH; equal household income quintiles
income,Fourth quintile,DK,2010,34801,,0.2,0.243653294125884,243.653294125884,Eurostat hbs_exp_t133 PPS_HH; equal household income quintiles
income,Fifth quintile,DK,2010,47568,,0.2,0.333039277462718,333.039277462718,Eurostat hbs_exp_t133 PPS_HH; equal household income quintiles
income,First quintile,DK,2015,15090,,0.2,0.100218501570688,100.218501570688,Eurostat hbs_exp_t133 PPS_HH; equal household income quintiles
income,Second quintile,DK,2015,21438,,0.2,0.142378014358675,142.378014358675,Eurostat hbs_exp_t133 PPS_HH; equal household income quintiles
income,Third quintile,DK,2015,27946,,0.2,0.185600148767027,185.600148767027,Eurostat hbs_exp_t133 PPS_HH; equal household income quintiles
income,Fourth quintile,DK,2015,35245,,0.2,0.234075618811059,234.075618811059,Eurostat hbs_exp_t133 PPS_HH; equal household income quintiles
income,Fifth quintile,DK,2015,50852,,0.2,0.337727716492552,337.727716492552,Eurostat hbs_exp_t133 PPS_HH; equal household income quintiles
income,First quintile,DK,2020,15282,,0.2,0.100883939239905,100.883939239905,Eurostat hbs_exp_t133 PPS_HH; equal household income quintiles
income,Second quintile,DK,2020,21263,,0.2,0.14036743882071,140.36743882071,Eurostat hbs_exp_t133 PPS_HH; equal household income quintiles
income,Third quintile,DK,2020,26249,,0.2,0.173282457866003,173.282457866003,Eurostat hbs_exp_t133 PPS_HH; equal household income quintiles
income,Fourth quintile,DK,2020,35937,,0.2,0.237237673371578,237.237673371578,Eurostat hbs_exp_t133 PPS_HH; equal household income quintiles
income,Fifth quintile,DK,2020,52750,,0.2,0.348228490701804,348.228490701804,Eurostat hbs_exp_t133 PPS_HH; equal household income quintiles
income,First quintile,EE,2005,5561,,0.2,0.102592011807029,102.592011807029,Eurostat hbs_exp_t133 PPS_HH; equal household income quintiles
income,Second quintile,EE,2005,7286,,0.2,0.134415644313255,134.415644313255,Eurostat hbs_exp_t133 PPS_HH; equal household income quintiles
income,Third quintile,EE,2005,8900,,0.2,0.164191495249516,164.191495249516,Eurostat hbs_exp_t133 PPS_HH; equal household income quintiles
income,Fourth quintile,EE,2005,12741,,0.2,0.23505211696338,235.05211696338,Eurostat hbs_exp_t133 PPS_HH; equal household income quintiles
income,Fifth quintile,EE,2005,19717,,0.2,0.36374873166682,363.74873166682,Eurostat hbs_exp_t133 PPS_HH; equal household income quintiles
income,First quintile,EE,2010,4389,,0.2,0.0842741935483871,84.2741935483871,Eurostat hbs_exp_t133 PPS_HH; equal household income quintiles
income,Second quintile,EE,2010,6724,,0.2,0.129109062980031,129.109062980031,Eurostat hbs_exp_t133 PPS_HH; equal household income quintiles
income,Third quintile,EE,2010,8502,,0.2,0.163248847926267,163.248847926267,Eurostat hbs_exp_t133 PPS_HH; equal household income quintiles
income,Fourth quintile,EE,2010,12476,,0.2,0.239554531490015,239.554531490015,Eurostat hbs_exp_t133 PPS_HH; equal household income quintiles
income,Fifth quintile,EE,2010,19989,,0.2,0.3838133640553,383.8133640553,Eurostat hbs_exp_t133 PPS_HH; equal household income quintiles
income,First quintile,EE,2015,5750,,0.2,0.0701852891633914,70.1852891633914,Eurostat hbs_exp_t133 PPS_HH; equal household income quintiles
income,Second quintile,EE,2015,9905,,0.2,0.12090178941972,120.90178941972,Eurostat hbs_exp_t133 PPS_HH; equal household income quintiles
income,Third quintile,EE,2015,14290,,0.2,0.174425701242585,174.425701242585,Eurostat hbs_exp_t133 PPS_HH; equal household income quintiles
income,Fourth quintile,EE,2015,20636,,0.2,0.251885848204477,251.885848204477,Eurostat hbs_exp_t133 PPS_HH; equal household income quintiles
income,Fifth quintile,EE,2015,31345,,0.2,0.382601371969826,382.601371969826,Eurostat hbs_exp_t133 PPS_HH; equal household income quintiles
income,First quintile,EE,2020,7331,,0.2,0.0828782997004126,82.8782997004126,Eurostat hbs_exp_t133 PPS_HH; equal household income quintiles
income,Second quintile,EE,2020,11851,,0.2,0.13397772878865,133.97772878865,Eurostat hbs_exp_t133 PPS_HH; equal household income quintiles
income,Third quintile,EE,2020,15820,,0.2,0.178848001808829,178.848001808829,Eurostat hbs_exp_t133 PPS_HH; equal household income quintiles
income,Fourth quintile,EE,2020,20795,,0.2,0.23509128935617,235.09128935617,Eurostat hbs_exp_t133 PPS_HH; equal household income quintiles
income,Fifth quintile,EE,2020,32658,,0.2,0.369204680345939,369.204680345939,Eurostat hbs_exp_t133 PPS_HH; equal household income quintiles
income,First quintile,EL,1988,7891,,0.2,0.102059028945394,102.059028945394,Eurostat hbs_exp_t133 PPS_HH; equal household income quintiles
income,Second quintile,EL,1988,12075,,0.2,0.156173206756512,156.173206756512,Eurostat hbs_exp_t133 PPS_HH; equal household income quintiles
income,Third quintile,EL,1988,15145,,0.2,0.195879355389431,195.879355389431,Eurostat hbs_exp_t133 PPS_HH; equal household income quintiles
income,Fourth quintile,EL,1988,18091,,0.2,0.233981737758349,233.981737758349,Eurostat hbs_exp_t133 PPS_HH; equal household income quintiles
income,Fifth quintile,EL,1988,24116,,0.2,0.311906671150314,311.906671150314,Eurostat hbs_exp_t133 PPS_HH; equal household income quintiles
income,First quintile,EL,1994,10285,,0.2,0.11622125543816,116.22125543816,Eurostat hbs_exp_t133 PPS_HH; equal household income quintiles
income,Second quintile,EL,1994,13593,,0.2,0.15360189841234,153.60189841234,Eurostat hbs_exp_t133 PPS_HH; equal household income quintiles
income,Third quintile,EL,1994,16389,,0.2,0.185196903779875,185.196903779875,Eurostat hbs_exp_t133 PPS_HH; equal household income quintiles
income,Fourth quintile,EL,1994,20314,,0.2,0.229549692072998,229.549692072998,Eurostat hbs_exp_t133 PPS_HH; equal household income quintiles
income,Fifth quintile,EL,1994,27914,,0.2,0.315430250296627,315.430250296627,Eurostat hbs_exp_t133 PPS_HH; equal household income quintiles
income,First quintile,EL,1999,12570,,0.2,0.107440488909782,107.440488909782,Eurostat hbs_exp_t133 PPS_HH; equal household income quintiles
income,Second quintile,EL,1999,17056,,0.2,0.145784007863584,145.784007863584,Eurostat hbs_exp_t133 PPS_HH; equal household income quintiles
income,Third quintile,EL,1999,21655,,0.2,0.185093380058977,185.093380058977,Eurostat hbs_exp_t133 PPS_HH; equal household income quintiles
income,Fourth quintile,EL,1999,27117,,0.2,0.231779135860507,231.779135860507,Eurostat hbs_exp_t133 PPS_HH; equal household income quintiles
income,Fifth quintile,EL,1999,38597,,0.2,0.32990298730715,329.90298730715,Eurostat hbs_exp_t133 PPS_HH; equal household income quintiles
income,First quintile,EL,2005,18617,,0.2,0.120214380266684,120.214380266684,Eurostat hbs_exp_t133 PPS_HH; equal household income quintiles
income,Second quintile,EL,2005,22926,,0.2,0.148038614276951,148.038614276951,Eurostat hbs_exp_t133 PPS_HH; equal household income quintiles
income,Third quintile,EL,2005,27629,,0.2,0.178406999644852,178.406999644852,Eurostat hbs_exp_t133 PPS_HH; equal household income quintiles
income,Fourth quintile,EL,2005,35673,,0.2,0.230349013657056,230.349013657056,Eurostat hbs_exp_t133 PPS_HH; equal household income quintiles
income,Fifth quintile,EL,2005,50020,,0.2,0.322990992154457,322.990992154457,Eurostat hbs_exp_t133 PPS_HH; equal household income quintiles
income,First quintile,EL,2010,13950,,0.2,0.0930589373269737,93.0589373269738,Eurostat hbs_exp_t133 PPS_HH; equal household income quintiles
income,Second quintile,EL,2010,19235,,0.2,0.128314599246189,128.314599246189,Eurostat hbs_exp_t133 PPS_HH; equal household income quintiles
income,Third quintile,EL,2010,25445,,0.2,0.169740835862713,169.740835862713,Eurostat hbs_exp_t133 PPS_HH; equal household income quintiles
income,Fourth quintile,EL,2010,34751,,0.2,0.231820152763417,231.820152763417,Eurostat hbs_exp_t133 PPS_HH; equal household income quintiles
income,Fifth quintile,EL,2010,56524,,0.2,0.377065474800707,377.065474800707,Eurostat hbs_exp_t133 PPS_HH; equal household income quintiles
income,First quintile,EL,2015,13073,,0.2,0.108037750818155,108.037750818155,Eurostat hbs_exp_t133 PPS_HH; equal household income quintiles
income,Second quintile,EL,2015,16272,,0.2,0.134474893391954,134.474893391954,Eurostat hbs_exp_t133 PPS_HH; equal household income quintiles
income,Third quintile,EL,2015,21472,,0.2,0.1774486793825,177.4486793825,Eurostat hbs_exp_t133 PPS_HH; equal household income quintiles
income,Fourth quintile,EL,2015,27860,,0.2,0.230240322633963,230.240322633963,Eurostat hbs_exp_t133 PPS_HH; equal household income quintiles
income,Fifth quintile,EL,2015,42327,,0.2,0.349798353773429,349.798353773429,Eurostat hbs_exp_t133 PPS_HH; equal household income quintiles
income,First quintile,EL,2020,12462,,0.2,0.110620922284852,110.620922284852,Eurostat hbs_exp_t133 PPS_HH; equal household income quintiles
income,Second quintile,EL,2020,15925,,0.2,0.141360791797967,141.360791797967,Eurostat hbs_exp_t133 PPS_HH; equal household income quintiles
income,Third quintile,EL,2020,20816,,0.2,0.184776530114065,184.776530114065,Eurostat hbs_exp_t133 PPS_HH; equal household income quintiles
income,Fourth quintile,EL,2020,25959,,0.2,0.230429186454219,230.429186454219,Eurostat hbs_exp_t133 PPS_HH; equal household income quintiles
income,Fifth quintile,EL,2020,37493,,0.2,0.332812569348897,332.812569348897,Eurostat hbs_exp_t133 PPS_HH; equal household income quintiles
income,First quintile,ES,1988,9151,,0.2,0.11896002599935,118.96002599935,Eurostat hbs_exp_t133 PPS_HH; equal household income quintiles
income,Second quintile,ES,1988,12606,,0.2,0.163873903152421,163.873903152421,Eurostat hbs_exp_t133 PPS_HH; equal household income quintiles
income,Third quintile,ES,1988,15244,,0.2,0.198167045823854,198.167045823854,Eurostat hbs_exp_t133 PPS_HH; equal household income quintiles
income,Fourth quintile,ES,1988,17064,,0.2,0.221826454338642,221.826454338642,Eurostat hbs_exp_t133 PPS_HH; equal household income quintiles
income,Fifth quintile,ES,1988,22860,,0.2,0.297172570685733,297.172570685733,Eurostat hbs_exp_t133 PPS_HH; equal household income quintiles
income,First quintile,ES,1994,12690,,0.2,0.129599558810013,129.599558810013,Eurostat hbs_exp_t133 PPS_HH; equal household income quintiles
income,Second quintile,ES,1994,16199,,0.2,0.165436032558187,165.436032558187,Eurostat hbs_exp_t133 PPS_HH; equal household income quintiles
income,Third quintile,ES,1994,18200,,0.2,0.185871707670782,185.871707670782,Eurostat hbs_exp_t133 PPS_HH; equal household income quintiles
income,Fourth quintile,ES,1994,22268,,0.2,0.22741709815456,227.41709815456,Eurostat hbs_exp_t133 PPS_HH; equal household income quintiles
income,Fifth quintile,ES,1994,28560,,0.2,0.291675602806459,291.675602806459,Eurostat hbs_exp_t133 PPS_HH; equal household income quintiles
income,First quintile,ES,1999,13955,,0.2,0.137912973010367,137.912973010367,Eurostat hbs_exp_t133 PPS_HH; equal household income quintiles
income,Second quintile,ES,1999,16513,,0.2,0.163192900273751,163.192900273751,Eurostat hbs_exp_t133 PPS_HH; equal household income quintiles
income,Third quintile,ES,1999,18879,,0.2,0.186575350588514,186.575350588514,Eurostat hbs_exp_t133 PPS_HH; equal household income quintiles
income,Fourth quintile,ES,1999,22057,,0.2,0.21798254716515,217.98254716515,Eurostat hbs_exp_t133 PPS_HH; equal household income quintiles
income,Fifth quintile,ES,1999,29783,,0.2,0.294336228962218,294.336228962218,Eurostat hbs_exp_t133 PPS_HH; equal household income quintiles
income,First quintile,ES,2005,16874,,0.2,0.129667340336425,129.667340336425,Eurostat hbs_exp_t133 PPS_HH; equal household income quintiles
income,Second quintile,ES,2005,21609,,0.2,0.16605319173461,166.05319173461,Eurostat hbs_exp_t133 PPS_HH; equal household income quintiles
income,Third quintile,ES,2005,25164,,0.2,0.193371396955423,193.371396955423,Eurostat hbs_exp_t133 PPS_HH; equal household income quintiles
income,Fourth quintile,ES,2005,28816,,0.2,0.221434993429799,221.434993429799,Eurostat hbs_exp_t133 PPS_HH; equal household income quintiles
income,Fifth quintile,ES,2005,37670,,0.2,0.289473077543744,289.473077543744,Eurostat hbs_exp_t133 PPS_HH; equal household income quintiles
income,First quintile,ES,2010,15662,,0.2,0.101416148103061,101.416148103061,Eurostat hbs_exp_t133 PPS_HH; equal household income quintiles
income,Second quintile,ES,2010,22262,,0.2,0.14415312789365,144.15312789365,Eurostat hbs_exp_t133 PPS_HH; equal household income quintiles
income,Third quintile,ES,2010,28915,,0.2,0.187233298582557,187.233298582557,Eurostat hbs_exp_t133 PPS_HH; equal household income quintiles
income,Fourth quintile,ES,2010,35784,,0.2,0.231712134064611,231.712134064611,Eurostat hbs_exp_t133 PPS_HH; equal household income quintiles
income,Fifth quintile,ES,2010,51810,,0.2,0.335485291356122,335.485291356122,Eurostat hbs_exp_t133 PPS_HH; equal household income quintiles
income,First quintile,ES,2015,15066,,0.2,0.0996942867352205,99.6942867352205,Eurostat hbs_exp_t133 PPS_HH; equal household income quintiles
income,Second quintile,ES,2015,21959,,0.2,0.145306441153505,145.306441153505,Eurostat hbs_exp_t133 PPS_HH; equal household income quintiles
income,Third quintile,ES,2015,27937,,0.2,0.184863884808301,184.863884808301,Eurostat hbs_exp_t133 PPS_HH; equal household income quintiles
income,Fourth quintile,ES,2015,34700,,0.2,0.229615807096253,229.615807096253,Eurostat hbs_exp_t133 PPS_HH; equal household income quintiles
income,Fifth quintile,ES,2015,51460,,0.2,0.34051958020672,340.51958020672,Eurostat hbs_exp_t133 PPS_HH; equal household income quintiles
income,First quintile,ES,2020,14446,,0.2,0.104362023377787,104.362023377787,Eurostat hbs_exp_t133 PPS_HH; equal household income quintiles
income,Second quintile,ES,2020,21091,,0.2,0.152367398245944,152.367398245944,Eurostat hbs_exp_t133 PPS_HH; equal household income quintiles
income,Third quintile,ES,2020,26386,,0.2,0.190619988152172,190.619988152172,Eurostat hbs_exp_t133 PPS_HH; equal household income quintiles
income,Fourth quintile,ES,2020,31393,,0.2,0.22679198393319,226.79198393319,Eurostat hbs_exp_t133 PPS_HH; equal household income quintiles
income,Fifth quintile,ES,2020,45106,,0.2,0.325858606290908,325.858606290908,Eurostat hbs_exp_t133 PPS_HH; equal household income quintiles
income,First quintile,EU15,1994,12243,,0.2,0.117067153689485,117.067153689485,Eurostat hbs_exp_t133 PPS_HH; equal household income quintiles
income,Second quintile,EU15,1994,15975,,0.2,0.152752412006005,152.752412006005,Eurostat hbs_exp_t133 PPS_HH; equal household income quintiles
income,Third quintile,EU15,1994,19573,,0.2,0.187156366835276,187.156366835276,Eurostat hbs_exp_t133 PPS_HH; equal household income quintiles
income,Fourth quintile,EU15,1994,24141,,0.2,0.230835428997619,230.835428997619,Eurostat hbs_exp_t133 PPS_HH; equal household income quintiles
income,Fifth quintile,EU15,1994,32649,,0.2,0.312188638471615,312.188638471615,Eurostat hbs_exp_t133 PPS_HH; equal household income quintiles
income,First quintile,EU15,1999,14950,,0.2,0.120707613057415,120.707613057415,Eurostat hbs_exp_t133 PPS_HH; equal household income quintiles
income,Second quintile,EU15,1999,19421,,0.2,0.15680685974502,156.80685974502,Eurostat hbs_exp_t133 PPS_HH; equal household income quintiles
income,Third quintile,EU15,1999,23638,,0.2,0.190855288123824,190.855288123824,Eurostat hbs_exp_t133 PPS_HH; equal household income quintiles
income,Fourth quintile,EU15,1999,28211,,0.2,0.227778091770082,227.778091770082,Eurostat hbs_exp_t133 PPS_HH; equal household income quintiles
income,Fifth quintile,EU15,1999,37633,,0.2,0.303852147303658,303.852147303658,Eurostat hbs_exp_t133 PPS_HH; equal household income quintiles
income,First quintile,EU15,2005,16423,,0.2,0.114818854258428,114.818854258428,Eurostat hbs_exp_t133 PPS_HH; equal household income quintiles
income,Second quintile,EU15,2005,21795,,0.2,0.152376358068711,152.376358068711,Eurostat hbs_exp_t133 PPS_HH; equal household income quintiles
income,Third quintile,EU15,2005,26811,,0.2,0.187444943160367,187.444943160367,Eurostat hbs_exp_t133 PPS_HH; equal household income quintiles
income,Fourth quintile,EU15,2005,32571,,0.2,0.227715088720164,227.715088720164,Eurostat hbs_exp_t133 PPS_HH; equal household income quintiles
income,Fifth quintile,EU15,2005,45434,,0.2,0.317644755792329,317.644755792329,Eurostat hbs_exp_t133 PPS_HH; equal household income quintiles
income,First quintile,EU15,2010,13840,,0.2,0.0991034858075788,99.1034858075788,Eurostat hbs_exp_t133 PPS_HH; equal household income quintiles
income,Second quintile,EU15,2010,19195,,0.2,0.137448801306104,137.448801306104,Eurostat hbs_exp_t133 PPS_HH; equal household income quintiles
income,Third quintile,EU15,2010,25455,,0.2,0.182274510927162,182.274510927162,Eurostat hbs_exp_t133 PPS_HH; equal household income quintiles
income,Fourth quintile,EU15,2010,32801,,0.2,0.23487669349526,234.87669349526,Eurostat hbs_exp_t133 PPS_HH; equal household income quintiles
income,Fifth quintile,EU15,2010,48361,,0.2,0.346296508463896,346.296508463896,Eurostat hbs_exp_t133 PPS_HH; equal household income quintiles
income,First quintile,EU25,2005,14872,,0.2,0.114980207817912,114.980207817912,Eurostat hbs_exp_t133 PPS_HH; equal household income quintiles
income,Second quintile,EU25,2005,19663,,0.2,0.1520209673429,152.0209673429,Eurostat hbs_exp_t133 PPS_HH; equal household income quintiles
income,Third quintile,EU25,2005,24184,,0.2,0.186974270163286,186.974270163286,Eurostat hbs_exp_t133 PPS_HH; equal household income quintiles
income,Fourth quintile,EU25,2005,29451,,0.2,0.227695138545275,227.695138545275,Eurostat hbs_exp_t133 PPS_HH; equal household income quintiles
income,Fifth quintile,EU25,2005,41174,,0.2,0.318329416130628,318.329416130628,Eurostat hbs_exp_t133 PPS_HH; equal household income quintiles
income,First quintile,EU25,2010,12737,,0.2,0.0992999033274082,99.2999033274083,Eurostat hbs_exp_t133 PPS_HH; equal household income quintiles
income,Second quintile,EU25,2010,17739,,0.2,0.138296379455515,138.296379455515,Eurostat hbs_exp_t133 PPS_HH; equal household income quintiles
income,Third quintile,EU25,2010,23426,,0.2,0.182633236660742,182.633236660742,Eurostat hbs_exp_t133 PPS_HH; equal household income quintiles
income,Fourth quintile,EU25,2010,30108,,0.2,0.234727289737113,234.727289737113,Eurostat hbs_exp_t133 PPS_HH; equal household income quintiles
income,Fifth quintile,EU25,2010,44258,,0.2,0.345043190819222,345.043190819222,Eurostat hbs_exp_t133 PPS_HH; equal household income quintiles
income,First quintile,EU27_2007,2005,14165,,0.2,0.114854455525825,114.854455525825,Eurostat hbs_exp_t133 PPS_HH; equal household income quintiles
income,Second quintile,EU27_2007,2005,18741,,0.2,0.151958161031379,151.958161031379,Eurostat hbs_exp_t133 PPS_HH; equal household income quintiles
income,Third quintile,EU27_2007,2005,23059,,0.2,0.186969918105895,186.969918105895,Eurostat hbs_exp_t133 PPS_HH; equal household income quintiles
income,Fourth quintile,EU27_2007,2005,28086,,0.2,0.227730479202141,227.730479202141,Eurostat hbs_exp_t133 PPS_HH; equal household income quintiles
income,Fifth quintile,EU27_2007,2005,39279,,0.2,0.31848698613476,318.48698613476,Eurostat hbs_exp_t133 PPS_HH; equal household income quintiles
income,First quintile,EU27_2007,2010,12201,,0.2,0.099038914232836,99.038914232836,Eurostat hbs_exp_t133 PPS_HH; equal household income quintiles
income,Second quintile,EU27_2007,2010,17041,,0.2,0.138326541877039,138.326541877039,Eurostat hbs_exp_t133 PPS_HH; equal household income quintiles
income,Third quintile,EU27_2007,2010,22503,,0.2,0.182663116710229,182.663116710229,Eurostat hbs_exp_t133 PPS_HH; equal household income quintiles
income,Fourth quintile,EU27_2007,2010,28928,,0.2,0.234816630680066,234.816630680066,Eurostat hbs_exp_t133 PPS_HH; equal household income quintiles
income,Fifth quintile,EU27_2007,2010,42521,,0.2,0.34515479649983,345.15479649983,Eurostat hbs_exp_t133 PPS_HH; equal household income quintiles
income,First quintile,EU27_2020,2015,12911,,0.2,0.0974098971654482,97.4098971654482,Eurostat hbs_exp_t133 PPS_HH; equal household income quintiles
income,Second quintile,EU27_2020,2015,18637,,0.2,0.140610971533766,140.610971533766,Eurostat hbs_exp_t133 PPS_HH; equal household income quintiles
income,Third quintile,EU27_2020,2015,24381,,0.2,0.183947850886128,183.947850886128,Eurostat hbs_exp_t133 PPS_HH; equal household income quintiles
income,Fourth quintile,EU27_2020,2015,31304,,0.2,0.2361799566933,236.1799566933,Eurostat hbs_exp_t133 PPS_HH; equal household income quintiles
income,Fifth quintile,EU27_2020,2015,45310,,0.2,0.341851323721358,341.851323721358,Eurostat hbs_exp_t133 PPS_HH; equal household income quintiles
income,First quintile,EU27_2020,2020,13485,,0.2,0.100720767823132,100.720767823132,Eurostat hbs_exp_t133 PPS_HH; equal household income quintiles
income,Second quintile,EU27_2020,2020,19104,,0.2,0.142689621690257,142.689621690257,Eurostat hbs_exp_t133 PPS_HH; equal household income quintiles
income,Third quintile,EU27_2020,2020,24856,,0.2,0.185651865406879,185.651865406879,Eurostat hbs_exp_t133 PPS_HH; equal household income quintiles
income,Fourth quintile,EU27_2020,2020,31589,,0.2,0.235941292900624,235.941292900624,Eurostat hbs_exp_t133 PPS_HH; equal household income quintiles
income,Fifth quintile,EU27_2020,2020,44851,,0.2,0.334996452179109,334.996452179109,Eurostat hbs_exp_t133 PPS_HH; equal household income quintiles
income,First quintile,FI,1994,9247,,0.2,0.115512416928996,115.512416928996,Eurostat hbs_exp_t133 PPS_HH; equal household income quintiles
income,Second quintile,FI,1994,12307,,0.2,0.153737570579124,153.737570579124,Eurostat hbs_exp_t133 PPS_HH; equal household income quintiles
income,Third quintile,FI,1994,15536,,0.2,0.194073851996202,194.073851996202,Eurostat hbs_exp_t133 PPS_HH; equal household income quintiles
income,Fourth quintile,FI,1994,18228,,0.2,0.227701993704092,227.701993704092,Eurostat hbs_exp_t133 PPS_HH; equal household income quintiles
income,Fifth quintile,FI,1994,24734,,0.2,0.308974166791585,308.974166791585,Eurostat hbs_exp_t133 PPS_HH; equal household income quintiles
income,First quintile,FI,1999,10021,,0.2,0.110067659593164,110.067659593164,Eurostat hbs_exp_t133 PPS_HH; equal household income quintiles
income,Second quintile,FI,1999,14014,,0.2,0.15392557444752,153.92557444752,Eurostat hbs_exp_t133 PPS_HH; equal household income quintiles
income,Third quintile,FI,1999,18082,,0.2,0.198607266816045,198.607266816045,Eurostat hbs_exp_t133 PPS_HH; equal household income quintiles
income,Fourth quintile,FI,1999,21499,,0.2,0.236138570361583,236.138570361583,Eurostat hbs_exp_t133 PPS_HH; equal household income quintiles
income,Fifth quintile,FI,1999,27428,,0.2,0.301260928781688,301.260928781688,Eurostat hbs_exp_t133 PPS_HH; equal household income quintiles
income,First quintile,FI,2005,13085,,0.2,0.107456680627412,107.456680627412,Eurostat hbs_exp_t133 PPS_HH; equal household income quintiles
income,Second quintile,FI,2005,18508,,0.2,0.151991459308532,151.991459308532,Eurostat hbs_exp_t133 PPS_HH; equal household income quintiles
income,Third quintile,FI,2005,23438,,0.2,0.192477621745914,192.477621745914,Eurostat hbs_exp_t133 PPS_HH; equal household income quintiles
income,Fourth quintile,FI,2005,28640,,0.2,0.235197503490186,235.197503490186,Eurostat hbs_exp_t133 PPS_HH; equal household income quintiles
income,Fifth quintile,FI,2005,38099,,0.2,0.312876734827954,312.876734827954,Eurostat hbs_exp_t133 PPS_HH; equal household income quintiles
income,First quintile,FI,2010,11719,,0.2,0.0868099795549498,86.8099795549498,Eurostat hbs_exp_t133 PPS_HH; equal household income quintiles
income,Second quintile,FI,2010,17225,,0.2,0.127596373225873,127.596373225873,Eurostat hbs_exp_t133 PPS_HH; equal household income quintiles
income,Third quintile,FI,2010,23871,,0.2,0.176827461554416,176.827461554416,Eurostat hbs_exp_t133 PPS_HH; equal household income quintiles
income,Fourth quintile,FI,2010,33047,,0.2,0.244799845921361,244.799845921361,Eurostat hbs_exp_t133 PPS_HH; equal household income quintiles
income,Fifth quintile,FI,2010,49134,,0.2,0.3639663397434,363.9663397434,Eurostat hbs_exp_t133 PPS_HH; equal household income quintiles
income,First quintile,FI,2015,13792,,0.2,0.0895613493944609,89.5613493944609,Eurostat hbs_exp_t133 PPS_HH; equal household income quintiles
income,Second quintile,FI,2015,20196,,0.2,0.131147115166077,131.147115166077,Eurostat hbs_exp_t133 PPS_HH; equal household income quintiles
income,Third quintile,FI,2015,27151,,0.2,0.176310919185688,176.310919185688,Eurostat hbs_exp_t133 PPS_HH; equal household income quintiles
income,Fourth quintile,FI,2015,37377,,0.2,0.242715672586772,242.715672586772,Eurostat hbs_exp_t133 PPS_HH; equal household income quintiles
income,Fifth quintile,FI,2015,55479,,0.2,0.360264943667002,360.264943667002,Eurostat hbs_exp_t133 PPS_HH; equal household income quintiles
income,First quintile,FI,2020,13168,,0.2,0.0913924015491179,91.3924015491179,Eurostat hbs_exp_t133 PPS_HH; equal household income quintiles
income,Second quintile,FI,2020,18911,,0.2,0.131251648366902,131.251648366902,Eurostat hbs_exp_t133 PPS_HH; equal household income quintiles
income,Third quintile,FI,2020,25857,,0.2,0.179460307324996,179.460307324996,Eurostat hbs_exp_t133 PPS_HH; equal household income quintiles
income,Fourth quintile,FI,2020,34769,,0.2,0.241313973987035,241.313973987035,Eurostat hbs_exp_t133 PPS_HH; equal household income quintiles
income,Fifth quintile,FI,2020,51377,,0.2,0.356581668771949,356.581668771949,Eurostat hbs_exp_t133 PPS_HH; equal household income quintiles
income,First quintile,FR,1988,10885,,0.2,0.131130359358624,131.130359358624,Eurostat hbs_exp_t133 PPS_HH; equal household income quintiles
income,Second quintile,FR,1988,11905,,0.2,0.143418183570456,143.418183570456,Eurostat hbs_exp_t133 PPS_HH; equal household income quintiles
income,Third quintile,FR,1988,14942,,0.2,0.180004577816863,180.004577816863,Eurostat hbs_exp_t133 PPS_HH; equal household income quintiles
income,Fourth quintile,FR,1988,18301,,0.2,0.220470069510535,220.470069510535,Eurostat hbs_exp_t133 PPS_HH; equal household income quintiles
income,Fifth quintile,FR,1988,26976,,0.2,0.324976809743522,324.976809743522,Eurostat hbs_exp_t133 PPS_HH; equal household income quintiles
income,First quintile,FR,1994,13843,,0.2,0.12405455783776,124.05455783776,Eurostat hbs_exp_t133 PPS_HH; equal household income quintiles
income,Second quintile,FR,1994,17185,,0.2,0.154004014768613,154.004014768613,Eurostat hbs_exp_t133 PPS_HH; equal household income quintiles
income,Third quintile,FR,1994,21021,,0.2,0.188380471018389,188.380471018389,Eurostat hbs_exp_t133 PPS_HH; equal household income quintiles
income,Fourth quintile,FR,1994,25764,,0.2,0.230885041402301,230.885041402301,Eurostat hbs_exp_t133 PPS_HH; equal household income quintiles
income,Fifth quintile,FR,1994,33775,,0.2,0.302675914972936,302.675914972936,Eurostat hbs_exp_t133 PPS_HH; equal household income quintiles
income,First quintile,FR,1999,15457,,0.2,0.125688125614942,125.688125614942,Eurostat hbs_exp_t133 PPS_HH; equal household income quintiles
income,Second quintile,FR,1999,19452,,0.2,0.158173346668943,158.173346668944,Eurostat hbs_exp_t133 PPS_HH; equal household income quintiles
income,Third quintile,FR,1999,23391,,0.2,0.190203205425317,190.203205425317,Eurostat hbs_exp_t133 PPS_HH; equal household income quintiles
income,Fourth quintile,FR,1999,28348,,0.2,0.230510900234999,230.510900234999,Eurostat hbs_exp_t133 PPS_HH; equal household income quintiles
income,Fifth quintile,FR,1999,36331,,0.2,0.295424422055798,295.424422055798,Eurostat hbs_exp_t133 PPS_HH; equal household income quintiles
income,First quintile,FR,2005,18069,,0.2,0.129591909918956,129.591909918956,Eurostat hbs_exp_t133 PPS_HH; equal household income quintiles
income,Second quintile,FR,2005,23095,,0.2,0.165638671734921,165.638671734921,Eurostat hbs_exp_t133 PPS_HH; equal household income quintiles
income,Third quintile,FR,2005,27003,,0.2,0.193667073083268,193.667073083268,Eurostat hbs_exp_t133 PPS_HH; equal household income quintiles
income,Fourth quintile,FR,2005,31243,,0.2,0.224076597575844,224.076597575845,Eurostat hbs_exp_t133 PPS_HH; equal household income quintiles
income,Fifth quintile,FR,2005,40020,,0.2,0.287025747687011,287.025747687011,Eurostat hbs_exp_t133 PPS_HH; equal household income quintiles
income,First quintile,FR,2010,13668,,0.2,0.0989409524912591,98.9409524912591,Eurostat hbs_exp_t133 PPS_HH; equal household income quintiles
income,Second quintile,FR,2010,19219,,0.2,0.139123951267889,139.123951267889,Eurostat hbs_exp_t133 PPS_HH; equal household income quintiles
income,Third quintile,FR,2010,25320,,0.2,0.183288331656327,183.288331656327,Eurostat hbs_exp_t133 PPS_HH; equal household income quintiles
income,Fourth quintile,FR,2010,32968,,0.2,0.238651252687433,238.651252687433,Eurostat hbs_exp_t133 PPS_HH; equal household income quintiles
income,Fifth quintile,FR,2010,46968,,0.2,0.339995511897092,339.995511897092,Eurostat hbs_exp_t133 PPS_HH; equal household income quintiles
income,First quintile,FR,2015,14627,,0.2,0.0986025629790418,98.6025629790418,Eurostat hbs_exp_t133 PPS_HH; equal household income quintiles
income,Second quintile,FR,2015,20545,,0.2,0.138496592356903,138.496592356903,Eurostat hbs_exp_t133 PPS_HH; equal household income quintiles
income,Third quintile,FR,2015,27088,,0.2,0.182603830312182,182.603830312182,Eurostat hbs_exp_t133 PPS_HH; equal household income quintiles
income,Fourth quintile,FR,2015,34936,,0.2,0.235508247777111,235.508247777111,Eurostat hbs_exp_t133 PPS_HH; equal household income quintiles
income,Fifth quintile,FR,2015,51147,,0.2,0.344788766574763,344.788766574763,Eurostat hbs_exp_t133 PPS_HH; equal household income quintiles
income,Décile1,FR,2017,16123,,,0.0588557390094947,58.8557390094948,Insee Les depenses des menages en 2017 TF101/TF102/TF106
income,Décile2,FR,2017,18321,,,0.0668793645346991,66.8793645346991,Insee Les depenses des menages en 2017 TF101/TF102/TF106
income,Décile3,FR,2017,20070,,,0.0732639509967475,73.2639509967475,Insee Les depenses des menages en 2017 TF101/TF102/TF106
income,Décile4,FR,2017,22637,,,0.082634581899022,82.6345818990221,Insee Les depenses des menages en 2017 TF101/TF102/TF106
income,Décile5,FR,2017,23787,,,0.0868325661365039,86.8325661365038,Insee Les depenses des menages en 2017 TF101/TF102/TF106
income,Décile6,FR,2017,27080,,,0.0988534027400061,98.8534027400061,Insee Les depenses des menages en 2017 TF101/TF102/TF106
income,Décile7,FR,2017,29059,,,0.106077586049551,106.077586049551,Insee Les depenses des menages en 2017 TF101/TF102/TF106
income,Décile8,FR,2017,32645,,,0.119167996028342,119.167996028342,Insee Les depenses des menages en 2017 TF101/TF102/TF106
income,Décile9,FR,2017,35867,,,0.130929652735443,130.929652735443,Insee Les depenses des menages en 2017 TF101/TF102/TF106
income,Décile10,FR,2017,48352,,,0.176505159870191,176.505159870191,Insee Les depenses des menages en 2017 TF101/TF102/TF106
income,First quintile,FR,2020,14279,,0.2,0.0986037068751208,98.6037068751209,Eurostat hbs_exp_t133 PPS_HH; equal household income quintiles
income,Second quintile,FR,2020,20056,,0.2,0.138496809656658,138.496809656658,Eurostat hbs_exp_t133 PPS_HH; equal household income quintiles
income,Third quintile,FR,2020,26443,,0.2,0.182602270530067,182.602270530067,Eurostat hbs_exp_t133 PPS_HH; equal household income quintiles
income,Fourth quintile,FR,2020,34104,,0.2,0.235505344860923,235.505344860923,Eurostat hbs_exp_t133 PPS_HH; equal household income quintiles
income,Fifth quintile,FR,2020,49930,,0.2,0.344791868077231,344.791868077231,Eurostat hbs_exp_t133 PPS_HH; equal household income quintiles
income,First quintile,HR,2005,9324,,0.2,0.110763967260243,110.763967260243,Eurostat hbs_exp_t133 PPS_HH; equal household income quintiles
income,Second quintile,HR,2005,12375,,0.2,0.147008161180342,147.008161180342,Eurostat hbs_exp_t133 PPS_HH; equal household income quintiles
income,Third quintile,HR,2005,16096,,0.2,0.191211584837073,191.211584837073,Eurostat hbs_exp_t133 PPS_HH; equal household income quintiles
income,Fourth quintile,HR,2005,19767,,0.2,0.234821036125399,234.821036125399,Eurostat hbs_exp_t133 PPS_HH; equal household income quintiles
income,Fifth quintile,HR,2005,26617,,0.2,0.316195250596942,316.195250596942,Eurostat hbs_exp_t133 PPS_HH; equal household income quintiles
income,First quintile,HR,2010,7836,,0.2,0.0908437478262886,90.8437478262886,Eurostat hbs_exp_t133 PPS_HH; equal household income quintiles
income,Second quintile,HR,2010,12324,,0.2,0.142873704467991,142.873704467991,Eurostat hbs_exp_t133 PPS_HH; equal household income quintiles
income,Third quintile,HR,2010,16647,,0.2,0.19299079505669,192.99079505669,Eurostat hbs_exp_t133 PPS_HH; equal household income quintiles
income,Fourth quintile,HR,2010,21221,,0.2,0.246017760671474,246.017760671474,Eurostat hbs_exp_t133 PPS_HH; equal household income quintiles
income,Fifth quintile,HR,2010,28230,,0.2,0.327273991977556,327.273991977556,Eurostat hbs_exp_t133 PPS_HH; equal household income quintiles
income,First quintile,HR,2015,8801,,0.2,0.0872777397633852,87.2777397633852,Eurostat hbs_exp_t133 PPS_HH; equal household income quintiles
income,Second quintile,HR,2015,14300,,0.2,0.141810212318647,141.810212318647,Eurostat hbs_exp_t133 PPS_HH; equal household income quintiles
income,Third quintile,HR,2015,19854,,0.2,0.196888108767441,196.888108767441,Eurostat hbs_exp_t133 PPS_HH; equal household income quintiles
income,Fourth quintile,HR,2015,24682,,0.2,0.244766409821597,244.766409821597,Eurostat hbs_exp_t133 PPS_HH; equal household income quintiles
income,Fifth quintile,HR,2015,33202,,0.2,0.32925752932893,329.25752932893,Eurostat hbs_exp_t133 PPS_HH; equal household income quintiles
income,First quintile,HR,2020,9329,,0.2,0.0851605718145802,85.1605718145802,Eurostat hbs_exp_t133 PPS_HH; equal household income quintiles
income,Second quintile,HR,2020,16217,,0.2,0.148038267029376,148.038267029376,Eurostat hbs_exp_t133 PPS_HH; equal household income quintiles
income,Third quintile,HR,2020,22030,,0.2,0.201102733098424,201.102733098424,Eurostat hbs_exp_t133 PPS_HH; equal household income quintiles
income,Fourth quintile,HR,2020,26197,,0.2,0.239141547842915,239.141547842915,Eurostat hbs_exp_t133 PPS_HH; equal household income quintiles
income,Fifth quintile,HR,2020,35773,,0.2,0.326556880214704,326.556880214704,Eurostat hbs_exp_t133 PPS_HH; equal household income quintiles
income,First quintile,HU,2005,6743,,0.2,0.12612696868804,126.12696868804,Eurostat hbs_exp_t133 PPS_HH; equal household income quintiles
income,Second quintile,HU,2005,7829,,0.2,0.146440462384497,146.440462384497,Eurostat hbs_exp_t133 PPS_HH; equal household income quintiles
income,Third quintile,HU,2005,9721,,0.2,0.18183008492013,181.83008492013,Eurostat hbs_exp_t133 PPS_HH; equal household income quintiles
income,Fourth quintile,HU,2005,11712,,0.2,0.219071490030302,219.071490030302,Eurostat hbs_exp_t133 PPS_HH; equal household income quintiles
income,Fifth quintile,HU,2005,17457,,0.2,0.32653099397703,326.53099397703,Eurostat hbs_exp_t133 PPS_HH; equal household income quintiles
income,First quintile,HU,2010,7155,,0.2,0.10596389378434,105.96389378434,Eurostat hbs_exp_t133 PPS_HH; equal household income quintiles
income,Second quintile,HU,2010,10105,,0.2,0.149652710928128,149.652710928128,Eurostat hbs_exp_t133 PPS_HH; equal household income quintiles
income,Third quintile,HU,2010,12750,,0.2,0.188824548672304,188.824548672304,Eurostat hbs_exp_t133 PPS_HH; equal household income quintiles
income,Fourth quintile,HU,2010,15668,,0.2,0.232039453223346,232.039453223346,Eurostat hbs_exp_t133 PPS_HH; equal household income quintiles
income,Fifth quintile,HU,2010,21845,,0.2,0.323519393391881,323.519393391881,Eurostat hbs_exp_t133 PPS_HH; equal household income quintiles
income,First quintile,HU,2015,8129,,0.2,0.101602339766023,101.602339766023,Eurostat hbs_exp_t133 PPS_HH; equal household income quintiles
income,Second quintile,HU,2015,11564,,0.2,0.144535546445355,144.535546445355,Eurostat hbs_exp_t133 PPS_HH; equal household income quintiles
income,Third quintile,HU,2015,14465,,0.2,0.180794420557944,180.794420557944,Eurostat hbs_exp_t133 PPS_HH; equal household income quintiles
income,Fourth quintile,HU,2015,18912,,0.2,0.236376362363764,236.376362363764,Eurostat hbs_exp_t133 PPS_HH; equal household income quintiles
income,Fifth quintile,HU,2015,26938,,0.2,0.336691330866913,336.691330866913,Eurostat hbs_exp_t133 PPS_HH; equal household income quintiles
income,First quintile,HU,2020,11822,,0.2,0.10776270692044,107.76270692044,Eurostat hbs_exp_t133 PPS_HH; equal household income quintiles
income,Second quintile,HU,2020,16724,,0.2,0.152446583533873,152.446583533873,Eurostat hbs_exp_t133 PPS_HH; equal household income quintiles
income,Third quintile,HU,2020,20696,,0.2,0.188653102895063,188.653102895063,Eurostat hbs_exp_t133 PPS_HH; equal household income quintiles
income,Fourth quintile,HU,2020,25093,,0.2,0.228733683366149,228.733683366149,Eurostat hbs_exp_t133 PPS_HH; equal household income quintiles
income,Fifth quintile,HU,2020,35369,,0.2,0.322403923284475,322.403923284475,Eurostat hbs_exp_t133 PPS_HH; equal household income quintiles
income,First quintile,IE,1994,13083,,0.2,0.117641240524768,117.641240524768,Eurostat hbs_exp_t133 PPS_HH; equal household income quintiles
income,Second quintile,IE,1994,15927,,0.2,0.1432142503889,143.2142503889,Eurostat hbs_exp_t133 PPS_HH; equal household income quintiles
income,Third quintile,IE,1994,21904,,0.2,0.196958933918407,196.958933918407,Eurostat hbs_exp_t133 PPS_HH; equal household income quintiles
income,Fourth quintile,IE,1994,28002,,0.2,0.251791639316255,251.791639316255,Eurostat hbs_exp_t133 PPS_HH; equal household income quintiles
income,Fifth quintile,IE,1994,32295,,0.2,0.290393935851669,290.393935851669,Eurostat hbs_exp_t133 PPS_HH; equal household income quintiles
income,First quintile,IE,1999,27102,,0.2,0.182205668800086,182.205668800086,Eurostat hbs_exp_t133 PPS_HH; equal household income quintiles
income,Second quintile,IE,1999,25612,,0.2,0.172188458021836,172.188458021836,Eurostat hbs_exp_t133 PPS_HH; equal household income quintiles
income,Third quintile,IE,1999,27904,,0.2,0.187597482923681,187.597482923681,Eurostat hbs_exp_t133 PPS_HH; equal household income quintiles
income,Fourth quintile,IE,1999,33262,,0.2,0.223619103963857,223.619103963857,Eurostat hbs_exp_t133 PPS_HH; equal household income quintiles
income,Fifth quintile,IE,1999,34864,,0.2,0.234389286290539,234.389286290539,Eurostat hbs_exp_t133 PPS_HH; equal household income quintiles
income,First quintile,IE,2005,18272,,0.2,0.100481179026094,100.481179026094,Eurostat hbs_exp_t133 PPS_HH; equal household income quintiles
income,Second quintile,IE,2005,25758,,0.2,0.141648106904232,141.648106904232,Eurostat hbs_exp_t133 PPS_HH; equal household income quintiles
income,Third quintile,IE,2005,37589,,0.2,0.206709010420963,206.709010420963,Eurostat hbs_exp_t133 PPS_HH; equal household income quintiles
income,Fourth quintile,IE,2005,46345,,0.2,0.254859908163546,254.859908163546,Eurostat hbs_exp_t133 PPS_HH; equal household income quintiles
income,Fifth quintile,IE,2005,53881,,0.2,0.296301795485166,296.301795485166,Eurostat hbs_exp_t133 PPS_HH; equal household income quintiles
income,First quintile,IE,2010,17838,,0.2,0.1072620457839,107.2620457839,Eurostat hbs_exp_t133 PPS_HH; equal household income quintiles
income,Second quintile,IE,2010,24336,,0.2,0.146335303632526,146.335303632526,Eurostat hbs_exp_t133 PPS_HH; equal household income quintiles
income,Third quintile,IE,2010,30369,,0.2,0.182612460388568,182.612460388568,Eurostat hbs_exp_t133 PPS_HH; equal household income quintiles
income,Fourth quintile,IE,2010,39372,,0.2,0.236748585413372,236.748585413372,Eurostat hbs_exp_t133 PPS_HH; equal household income quintiles
income,Fifth quintile,IE,2010,54388,,0.2,0.327041604781634,327.041604781634,Eurostat hbs_exp_t133 PPS_HH; equal household income quintiles
income,First quintile,IE,2015,16004,,0.2,0.0946506195108969,94.6506195108969,Eurostat hbs_exp_t133 PPS_HH; equal household income quintiles
income,Second quintile,IE,2015,25145,,0.2,0.148712186178549,148.712186178549,Eurostat hbs_exp_t133 PPS_HH; equal household income quintiles
income,Third quintile,IE,2015,31771,,0.2,0.18789957713576,187.89957713576,Eurostat hbs_exp_t133 PPS_HH; equal household income quintiles
income,Fourth quintile,IE,2015,40908,,0.2,0.24193748706272,241.93748706272,Eurostat hbs_exp_t133 PPS_HH; equal household income quintiles
income,Fifth quintile,IE,2015,55257,,0.2,0.326800130112074,326.800130112074,Eurostat hbs_exp_t133 PPS_HH; equal household income quintiles
income,First quintile,IE,2020,17031,,0.2,0.101663045295003,101.663045295003,Eurostat hbs_exp_t133 PPS_HH; equal household income quintiles
income,Second quintile,IE,2020,25493,,0.2,0.152175210716077,152.175210716077,Eurostat hbs_exp_t133 PPS_HH; equal household income quintiles
income,Third quintile,IE,2020,33036,,0.2,0.197201594995344,197.201594995344,Eurostat hbs_exp_t133 PPS_HH; equal household income quintiles
income,Fourth quintile,IE,2020,40715,,0.2,0.243039803252071,243.039803252071,Eurostat hbs_exp_t133 PPS_HH; equal household income quintiles
income,Fifth quintile,IE,2020,51249,,0.2,0.305920345741506,305.920345741506,Eurostat hbs_exp_t133 PPS_HH; equal household income quintiles
income,First quintile,IT,1988,7665,,0.2,0.0895517156776839,89.5517156776839,Eurostat hbs_exp_t133 PPS_HH; equal household income quintiles
income,Second quintile,IT,1988,11160,,0.2,0.130384494059094,130.384494059094,Eurostat hbs_exp_t133 PPS_HH; equal household income quintiles
income,Third quintile,IT,1988,14581,,0.2,0.170352715759466,170.352715759466,Eurostat hbs_exp_t133 PPS_HH; equal household income quintiles
income,Fourth quintile,IT,1988,19638,,0.2,0.229434650029792,229.434650029792,Eurostat hbs_exp_t133 PPS_HH; equal household income quintiles
income,Fifth quintile,IT,1988,32549,,0.2,0.380276424473964,380.276424473964,Eurostat hbs_exp_t133 PPS_HH; equal household income quintiles
income,First quintile,IT,1994,11321,,0.2,0.0992800203453447,99.2800203453447,Eurostat hbs_exp_t133 PPS_HH; equal household income quintiles
income,Second quintile,IT,1994,15758,,0.2,0.138190492059177,138.190492059177,Eurostat hbs_exp_t133 PPS_HH; equal household income quintiles
income,Third quintile,IT,1994,20271,,0.2,0.17776744920241,177.76744920241,Eurostat hbs_exp_t133 PPS_HH; equal household income quintiles
income,Fourth quintile,IT,1994,26125,,0.2,0.229104366356517,229.104366356517,Eurostat hbs_exp_t133 PPS_HH; equal household income quintiles
income,Fifth quintile,IT,1994,40556,,0.2,0.355657672036551,355.657672036551,Eurostat hbs_exp_t133 PPS_HH; equal household income quintiles
income,First quintile,IT,1999,19290,,0.2,0.141738184810722,141.738184810722,Eurostat hbs_exp_t133 PPS_HH; equal household income quintiles
income,Second quintile,IT,1999,22855,,0.2,0.167932929696685,167.932929696685,Eurostat hbs_exp_t133 PPS_HH; equal household income quintiles
income,Third quintile,IT,1999,26096,,0.2,0.191747002116153,191.747002116153,Eurostat hbs_exp_t133 PPS_HH; equal household income quintiles
income,Fourth quintile,IT,1999,29853,,0.2,0.21935251587115,219.35251587115,Eurostat hbs_exp_t133 PPS_HH; equal household income quintiles
income,Fifth quintile,IT,1999,38002,,0.2,0.27922936750529,279.22936750529,Eurostat hbs_exp_t133 PPS_HH; equal household income quintiles
income,First quintile,IT,2005,12724,,0.2,0.0884176001334186,88.4176001334186,Eurostat hbs_exp_t133 PPS_HH; equal household income quintiles
income,Second quintile,IT,2005,19705,,0.2,0.13692775940184,136.92775940184,Eurostat hbs_exp_t133 PPS_HH; equal household income quintiles
income,Third quintile,IT,2005,25400,,0.2,0.176501653834394,176.501653834394,Eurostat hbs_exp_t133 PPS_HH; equal household income quintiles
income,Fourth quintile,IT,2005,32129,,0.2,0.22326069433249,223.26069433249,Eurostat hbs_exp_t133 PPS_HH; equal household income quintiles
income,Fifth quintile,IT,2005,53950,,0.2,0.374892292297857,374.892292297857,Eurostat hbs_exp_t133 PPS_HH; equal household income quintiles
income,First quintile,IT,2015,,,0.2,0.0778303586296449,77.8303586296449,Istat HBS bridge-corrected income/expenditure shares
income,Second quintile,IT,2015,,,0.2,0.126993455257204,126.993455257204,Istat HBS bridge-corrected income/expenditure shares
income,Third quintile,IT,2015,,,0.2,0.172494409329646,172.494409329646,Istat HBS bridge-corrected income/expenditure shares
income,Fourth quintile,IT,2015,,,0.2,0.232900938498284,232.900938498284,Istat HBS bridge-corrected income/expenditure shares
income,Fifth quintile,IT,2015,,,0.2,0.389780838285222,389.780838285222,Istat HBS bridge-corrected income/expenditure shares
income,First quintile,IT,2020,,,0.2,0.0813321275485387,81.3321275485387,Istat HBS bridge-corrected income/expenditure shares
income,Second quintile,IT,2020,,,0.2,0.12756854628535,127.56854628535,Istat HBS bridge-corrected income/expenditure shares
income,Third quintile,IT,2020,,,0.2,0.17003419914558,170.03419914558,Istat HBS bridge-corrected income/expenditure shares
income,Fourth quintile,IT,2020,,,0.2,0.228227509977237,228.227509977237,Istat HBS bridge-corrected income/expenditure shares
income,Fifth quintile,IT,2020,,,0.2,0.392837617043294,392.837617043294,Istat HBS bridge-corrected income/expenditure shares
income,First quintile,LT,2005,5009,,0.2,0.106826761074026,106.826761074026,Eurostat hbs_exp_t133 PPS_HH; equal household income quintiles
income,Second quintile,LT,2005,6631,,0.2,0.141419096163279,141.419096163279,Eurostat hbs_exp_t133 PPS_HH; equal household income quintiles
income,Third quintile,LT,2005,8776,,0.2,0.187165433257267,187.165433257267,Eurostat hbs_exp_t133 PPS_HH; equal household income quintiles
income,Fourth quintile,LT,2005,11004,,0.2,0.23468190833671,234.68190833671,Eurostat hbs_exp_t133 PPS_HH; equal household income quintiles
income,Fifth quintile,LT,2005,15469,,0.2,0.329906801168718,329.906801168718,Eurostat hbs_exp_t133 PPS_HH; equal household income quintiles
income,First quintile,LT,2010,7326,,0.2,0.0994583146662322,99.4583146662322,Eurostat hbs_exp_t133 PPS_HH; equal household income quintiles
income,Second quintile,LT,2010,10448,,0.2,0.141842816220693,141.842816220693,Eurostat hbs_exp_t133 PPS_HH; equal household income quintiles
income,Third quintile,LT,2010,13954,,0.2,0.189440530009911,189.440530009911,Eurostat hbs_exp_t133 PPS_HH; equal household income quintiles
income,Fourth quintile,LT,2010,17442,,0.2,0.236793874475624,236.793874475624,Eurostat hbs_exp_t133 PPS_HH; equal household income quintiles
income,Fifth quintile,LT,2010,24489,,0.2,0.33246446462754,332.46446462754,Eurostat hbs_exp_t133 PPS_HH; equal household income quintiles
income,First quintile,LT,2015,7483,,0.2,0.092064468503937,92.064468503937,Eurostat hbs_exp_t133 PPS_HH; equal household income quintiles
income,Second quintile,LT,2015,11390,,0.2,0.140132874015748,140.132874015748,Eurostat hbs_exp_t133 PPS_HH; equal household income quintiles
income,Third quintile,LT,2015,14281,,0.2,0.175701279527559,175.701279527559,Eurostat hbs_exp_t133 PPS_HH; equal household income quintiles
income,Fourth quintile,LT,2015,19218,,0.2,0.236441929133858,236.441929133858,Eurostat hbs_exp_t133 PPS_HH; equal household income quintiles
income,Fifth quintile,LT,2015,28908,,0.2,0.355659448818898,355.659448818898,Eurostat hbs_exp_t133 PPS_HH; equal household income quintiles
income,First quintile,LT,2020,8673,,0.2,0.0994131267050274,99.4131267050274,Eurostat hbs_exp_t133 PPS_HH; equal household income quintiles
income,Second quintile,LT,2020,12834,,0.2,0.147108044290594,147.108044290594,Eurostat hbs_exp_t133 PPS_HH; equal household income quintiles
income,Third quintile,LT,2020,16509,,0.2,0.189232250521538,189.232250521538,Eurostat hbs_exp_t133 PPS_HH; equal household income quintiles
income,Fourth quintile,LT,2020,19978,,0.2,0.22899520872974,228.99520872974,Eurostat hbs_exp_t133 PPS_HH; equal household income quintiles
income,Fifth quintile,LT,2020,29248,,0.2,0.335251369753101,335.251369753101,Eurostat hbs_exp_t133 PPS_HH; equal household income quintiles
income,First quintile,LU,1988,23658,,0.2,0.177472712951502,177.472712951502,Eurostat hbs_exp_t133 PPS_HH; equal household income quintiles
income,Second quintile,LU,1988,21955,,0.2,0.164697498218371,164.697498218371,Eurostat hbs_exp_t133 PPS_HH; equal household income quintiles
income,Third quintile,LU,1988,24786,,0.2,0.185934511083605,185.934511083605,Eurostat hbs_exp_t133 PPS_HH; equal household income quintiles
income,Fourth quintile,LU,1988,27561,,0.2,0.206751434679869,206.751434679869,Eurostat hbs_exp_t133 PPS_HH; equal household income quintiles
income,Fifth quintile,LU,1988,35345,,0.2,0.265143843066652,265.143843066652,Eurostat hbs_exp_t133 PPS_HH; equal household income quintiles
income,First quintile,LU,1994,26190,,0.2,0.135547780722093,135.547780722093,Eurostat hbs_exp_t133 PPS_HH; equal household income quintiles
income,Second quintile,LU,1994,32286,,0.2,0.167097962901623,167.097962901623,Eurostat hbs_exp_t133 PPS_HH; equal household income quintiles
income,Third quintile,LU,1994,37752,,0.2,0.195387545544882,195.387545544882,Eurostat hbs_exp_t133 PPS_HH; equal household income quintiles
income,Fourth quintile,LU,1994,43003,,0.2,0.222564383901954,222.564383901954,Eurostat hbs_exp_t133 PPS_HH; equal household income quintiles
income,Fifth quintile,LU,1994,53985,,0.2,0.279402326929447,279.402326929447,Eurostat hbs_exp_t133 PPS_HH; equal household income quintiles
income,First quintile,LU,1999,26921,,0.2,0.124519539868362,124.519539868362,Eurostat hbs_exp_t133 PPS_HH; equal household income quintiles
income,Second quintile,LU,1999,36461,,0.2,0.16864555340219,168.64555340219,Eurostat hbs_exp_t133 PPS_HH; equal household income quintiles
income,Third quintile,LU,1999,39673,,0.2,0.183502236365571,183.502236365571,Eurostat hbs_exp_t133 PPS_HH; equal household income quintiles
income,Fourth quintile,LU,1999,47620,,0.2,0.220260038205542,220.260038205542,Eurostat hbs_exp_t133 PPS_HH; equal household income quintiles
income,Fifth quintile,LU,1999,65524,,0.2,0.303072632158336,303.072632158336,Eurostat hbs_exp_t133 PPS_HH; equal household income quintiles
income,First quintile,LU,2005,21139,,0.2,0.0814284943875625,81.4284943875625,Eurostat hbs_exp_t133 PPS_HH; equal household income quintiles
income,Second quintile,LU,2005,32673,,0.2,0.125858044236947,125.858044236947,Eurostat hbs_exp_t133 PPS_HH; equal household income quintiles
income,Third quintile,LU,2005,44751,,0.2,0.172383109529202,172.383109529202,Eurostat hbs_exp_t133 PPS_HH; equal household income quintiles
income,Fourth quintile,LU,2005,60862,,0.2,0.234443494272001,234.443494272001,Eurostat hbs_exp_t133 PPS_HH; equal household income quintiles
income,Fifth quintile,LU,2005,100177,,0.2,0.385886857574287,385.886857574287,Eurostat hbs_exp_t133 PPS_HH; equal household income quintiles
income,First quintile,LU,2015,22815,,0.2,0.0915584806469089,91.5584806469089,Eurostat hbs_exp_t133 PPS_HH; equal household income quintiles
income,Second quintile,LU,2015,35646,,0.2,0.143050344121837,143.050344121837,Eurostat hbs_exp_t133 PPS_HH; equal household income quintiles
income,Third quintile,LU,2015,45854,,0.2,0.184015891807292,184.015891807292,Eurostat hbs_exp_t133 PPS_HH; equal household income quintiles
income,Fourth quintile,LU,2015,61069,,0.2,0.245074944318478,245.074944318478,Eurostat hbs_exp_t133 PPS_HH; equal household income quintiles
income,Fifth quintile,LU,2015,83801,,0.2,0.336300339105484,336.300339105484,Eurostat hbs_exp_t133 PPS_HH; equal household income quintiles
income,First quintile,LU,2020,24801,,0.2,0.100234004631594,100.234004631594,Eurostat hbs_exp_t133 PPS_HH; equal household income quintiles
income,Second quintile,LU,2020,38817,,0.2,0.156880099906641,156.880099906641,Eurostat hbs_exp_t133 PPS_HH; equal household income quintiles
income,Third quintile,LU,2020,49228,,0.2,0.198956476755136,198.956476755136,Eurostat hbs_exp_t133 PPS_HH; equal household income quintiles
income,Fourth quintile,LU,2020,55508,,0.2,0.224337289991957,224.337289991957,Eurostat hbs_exp_t133 PPS_HH; equal household income quintiles
income,Fifth quintile,LU,2020,79077,,0.2,0.319592128714672,319.592128714672,Eurostat hbs_exp_t133 PPS_HH; equal household income quintiles
income,First quintile,LV,2005,5875,,0.2,0.110976784601145,110.976784601145,Eurostat hbs_exp_t133 PPS_HH; equal household income quintiles
income,Second quintile,LV,2005,6950,,0.2,0.131283174974971,131.283174974971,Eurostat hbs_exp_t133 PPS_HH; equal household income quintiles
income,Third quintile,LV,2005,9236,,0.2,0.174464950225732,174.464950225732,Eurostat hbs_exp_t133 PPS_HH; equal household income quintiles
income,Fourth quintile,LV,2005,12361,,0.2,0.233495154800809,233.495154800809,Eurostat hbs_exp_t133 PPS_HH; equal household income quintiles
income,Fifth quintile,LV,2005,18517,,0.2,0.349779935397344,349.779935397344,Eurostat hbs_exp_t133 PPS_HH; equal household income quintiles
income,First quintile,LV,2010,5383,,0.2,0.0947310995354076,94.7310995354076,Eurostat hbs_exp_t133 PPS_HH; equal household income quintiles
income,Second quintile,LV,2010,7653,,0.2,0.134679008869492,134.679008869492,Eurostat hbs_exp_t133 PPS_HH; equal household income quintiles
income,Third quintile,LV,2010,10004,,0.2,0.176052372237083,176.052372237083,Eurostat hbs_exp_t133 PPS_HH; equal household income quintiles
income,Fourth quintile,LV,2010,13035,,0.2,0.229392510206955,229.392510206955,Eurostat hbs_exp_t133 PPS_HH; equal household income quintiles
income,Fifth quintile,LV,2010,20749,,0.2,0.365145009151063,365.145009151063,Eurostat hbs_exp_t133 PPS_HH; equal household income quintiles
income,First quintile,LV,2015,5903,,0.2,0.0817952555149097,81.7952555149097,Eurostat hbs_exp_t133 PPS_HH; equal household income quintiles
income,Second quintile,LV,2015,9237,,0.2,0.127993016295311,127.993016295311,Eurostat hbs_exp_t133 PPS_HH; equal household income quintiles
income,Third quintile,LV,2015,12564,,0.2,0.174093781177253,174.093781177253,Eurostat hbs_exp_t133 PPS_HH; equal household income quintiles
income,Fourth quintile,LV,2015,16580,,0.2,0.22974171377896,229.74171377896,Eurostat hbs_exp_t133 PPS_HH; equal household income quintiles
income,Fifth quintile,LV,2015,27884,,0.2,0.386376233233566,386.376233233566,Eurostat hbs_exp_t133 PPS_HH; equal household income quintiles
income,First quintile,LV,2020,6651,,0.2,0.0802311274095877,80.2311274095877,Eurostat hbs_exp_t133 PPS_HH; equal household income quintiles
income,Second quintile,LV,2020,10388,,0.2,0.125310622692948,125.310622692948,Eurostat hbs_exp_t133 PPS_HH; equal household income quintiles
income,Third quintile,LV,2020,14777,,0.2,0.178255205191923,178.255205191923,Eurostat hbs_exp_t133 PPS_HH; equal household income quintiles
income,Fourth quintile,LV,2020,20240,,0.2,0.244155468165698,244.155468165698,Eurostat hbs_exp_t133 PPS_HH; equal household income quintiles
income,Fifth quintile,LV,2020,30842,,0.2,0.372047576539844,372.047576539844,Eurostat hbs_exp_t133 PPS_HH; equal household income quintiles
income,First quintile,ME,2010,6229,,0.2,0.105012053880001,105.012053880001,Eurostat hbs_exp_t133 PPS_HH; equal household income quintiles
income,Second quintile,ME,2010,8334,,0.2,0.140499350944923,140.499350944923,Eurostat hbs_exp_t133 PPS_HH; equal household income quintiles
income,Third quintile,ME,2010,11412,,0.2,0.192390039954819,192.390039954819,Eurostat hbs_exp_t133 PPS_HH; equal household income quintiles
income,Fourth quintile,ME,2010,13847,,0.2,0.233440666250822,233.440666250822,Eurostat hbs_exp_t133 PPS_HH; equal household income quintiles
income,Fifth quintile,ME,2010,19495,,0.2,0.328657888969435,328.657888969435,Eurostat hbs_exp_t133 PPS_HH; equal household income quintiles
income,First quintile,ME,2015,8687,,0.2,0.104924329351515,104.924329351515,Eurostat hbs_exp_t133 PPS_HH; equal household income quintiles
income,Second quintile,ME,2015,12450,,0.2,0.150375031705579,150.375031705579,Eurostat hbs_exp_t133 PPS_HH; equal household income quintiles
income,Third quintile,ME,2015,15274,,0.2,0.184484195523776,184.484195523776,Eurostat hbs_exp_t133 PPS_HH; equal household income quintiles
income,Fourth quintile,ME,2015,18981,,0.2,0.22925851219306,229.25851219306,Eurostat hbs_exp_t133 PPS_HH; equal household income quintiles
income,Fifth quintile,ME,2015,27401,,0.2,0.33095793122607,330.95793122607,Eurostat hbs_exp_t133 PPS_HH; equal household income quintiles
income,First quintile,ME,2020,7575,,0.2,0.101129445690484,101.129445690484,Eurostat hbs_exp_t133 PPS_HH; equal household income quintiles
income,Second quintile,ME,2020,10984,,0.2,0.14664103385667,146.64103385667,Eurostat hbs_exp_t133 PPS_HH; equal household income quintiles
income,Third quintile,ME,2020,14315,,0.2,0.191111289116736,191.111289116736,Eurostat hbs_exp_t133 PPS_HH; equal household income quintiles
income,Fourth quintile,ME,2020,17954,,0.2,0.239693474313788,239.693474313788,Eurostat hbs_exp_t133 PPS_HH; equal household income quintiles
income,Fifth quintile,ME,2020,24076,,0.2,0.321424757022322,321.424757022322,Eurostat hbs_exp_t133 PPS_HH; equal household income quintiles
income,First quintile,MK,2005,7691,,0.2,0.12277705054117,122.77705054117,Eurostat hbs_exp_t133 PPS_HH; equal household income quintiles
income,Second quintile,MK,2005,10146,,0.2,0.161968008684269,161.968008684269,Eurostat hbs_exp_t133 PPS_HH; equal household income quintiles
income,Third quintile,MK,2005,12348,,0.2,0.197120143035024,197.120143035024,Eurostat hbs_exp_t133 PPS_HH; equal household income quintiles
income,Fourth quintile,MK,2005,14056,,0.2,0.224386194565946,224.386194565946,Eurostat hbs_exp_t133 PPS_HH; equal household income quintiles
income,Fifth quintile,MK,2005,18401,,0.2,0.29374860317359,293.74860317359,Eurostat hbs_exp_t133 PPS_HH; equal household income quintiles
income,First quintile,MK,2010,5651,,0.2,0.0948043015082121,94.8043015082121,Eurostat hbs_exp_t133 PPS_HH; equal household income quintiles
income,Second quintile,MK,2010,8747,,0.2,0.146744509873002,146.744509873002,Eurostat hbs_exp_t133 PPS_HH; equal household income quintiles
income,Third quintile,MK,2010,11185,,0.2,0.187645746304964,187.645746304964,Eurostat hbs_exp_t133 PPS_HH; equal household income quintiles
income,Fourth quintile,MK,2010,13540,,0.2,0.227154528830507,227.154528830507,Eurostat hbs_exp_t133 PPS_HH; equal household income quintiles
income,Fifth quintile,MK,2010,20484,,0.2,0.343650913483316,343.650913483316,Eurostat hbs_exp_t133 PPS_HH; equal household income quintiles
income,First quintile,MK,2015,6012,,0.2,0.102691992347636,102.691992347636,Eurostat hbs_exp_t133 PPS_HH; equal household income quintiles
income,Second quintile,MK,2015,8520,,0.2,0.14553156600164,145.53156600164,Eurostat hbs_exp_t133 PPS_HH; equal household income quintiles
income,Third quintile,MK,2015,10719,,0.2,0.183093058212626,183.093058212626,Eurostat hbs_exp_t133 PPS_HH; equal household income quintiles
income,Fourth quintile,MK,2015,13406,,0.2,0.228990161246242,228.990161246242,Eurostat hbs_exp_t133 PPS_HH; equal household income quintiles
income,Fifth quintile,MK,2015,19887,,0.2,0.339693222191856,339.693222191856,Eurostat hbs_exp_t133 PPS_HH; equal household income quintiles
income,First quintile,MT,2005,13683,,0.2,0.0956679205179478,95.6679205179478,Eurostat hbs_exp_t133 PPS_HH; equal household income quintiles
income,Second quintile,MT,2005,22345,,0.2,0.156230335743152,156.230335743152,Eurostat hbs_exp_t133 PPS_HH; equal household income quintiles
income,Third quintile,MT,2005,29241,,0.2,0.204445345601499,204.445345601499,Eurostat hbs_exp_t133 PPS_HH; equal household income quintiles
income,Fourth quintile,MT,2005,35077,,0.2,0.245249115545425,245.249115545425,Eurostat hbs_exp_t133 PPS_HH; equal household income quintiles
income,Fifth quintile,MT,2005,42680,,0.2,0.298407282591976,298.407282591976,Eurostat hbs_exp_t133 PPS_HH; equal household income quintiles
income,First quintile,MT,2010,13463,,0.2,0.10125144773852,101.25144773852,Eurostat hbs_exp_t133 PPS_HH; equal household income quintiles
income,Second quintile,MT,2010,19606,,0.2,0.147451228133508,147.451228133508,Eurostat hbs_exp_t133 PPS_HH; equal household income quintiles
income,Third quintile,MT,2010,26348,,0.2,0.198155919558383,198.155919558383,Eurostat hbs_exp_t133 PPS_HH; equal household income quintiles
income,Fourth quintile,MT,2010,32262,,0.2,0.242633455168991,242.633455168991,Eurostat hbs_exp_t133 PPS_HH; equal household income quintiles
income,Fifth quintile,MT,2010,41287,,0.2,0.310507949400599,310.507949400599,Eurostat hbs_exp_t133 PPS_HH; equal household income quintiles
income,First quintile,MT,2015,14285,,0.2,0.102502834345087,102.502834345087,Eurostat hbs_exp_t133 PPS_HH; equal household income quintiles
income,Second quintile,MT,2015,18751,,0.2,0.134548872719967,134.548872719967,Eurostat hbs_exp_t133 PPS_HH; equal household income quintiles
income,Third quintile,MT,2015,27021,,0.2,0.193890730615232,193.890730615232,Eurostat hbs_exp_t133 PPS_HH; equal household income quintiles
income,Fourth quintile,MT,2015,33992,,0.2,0.24391153973106,243.91153973106,Eurostat hbs_exp_t133 PPS_HH; equal household income quintiles
income,Fifth quintile,MT,2015,45313,,0.2,0.325146022588654,325.146022588654,Eurostat hbs_exp_t133 PPS_HH; equal household income quintiles
income,First quintile,MT,2020,13598,,0.2,0.102503411001138,102.503411001138,Eurostat hbs_exp_t133 PPS_HH; equal household income quintiles
income,Second quintile,MT,2020,17851,,0.2,0.13456305263872,134.56305263872,Eurostat hbs_exp_t133 PPS_HH; equal household income quintiles
income,Third quintile,MT,2020,25723,,0.2,0.193903165258294,193.903165258294,Eurostat hbs_exp_t133 PPS_HH; equal household income quintiles
income,Fourth quintile,MT,2020,32350,,0.2,0.243858313420122,243.858313420122,Eurostat hbs_exp_t133 PPS_HH; equal household income quintiles
income,Fifth quintile,MT,2020,43137,,0.2,0.325172057681725,325.172057681725,Eurostat hbs_exp_t133 PPS_HH; equal household income quintiles
income,First quintile,NL,1988,9906,,0.2,0.120158658919712,120.158658919712,Eurostat hbs_exp_t133 PPS_HH; equal household income quintiles
income,Second quintile,NL,1988,13112,,0.2,0.15904707609078,159.04707609078,Eurostat hbs_exp_t133 PPS_HH; equal household income quintiles
income,Third quintile,NL,1988,15953,,0.2,0.193508084569571,193.508084569571,Eurostat hbs_exp_t133 PPS_HH; equal household income quintiles
income,Fourth quintile,NL,1988,19103,,0.2,0.231717228078262,231.717228078262,Eurostat hbs_exp_t133 PPS_HH; equal household income quintiles
income,Fifth quintile,NL,1988,24367,,0.2,0.295568952341675,295.568952341675,Eurostat hbs_exp_t133 PPS_HH; equal household income quintiles
income,First quintile,NL,1994,12449,,0.2,0.122586235758668,122.586235758668,Eurostat hbs_exp_t133 PPS_HH; equal household income quintiles
income,Second quintile,NL,1994,15862,,0.2,0.156194302482448,156.194302482448,Eurostat hbs_exp_t133 PPS_HH; equal household income quintiles
income,Third quintile,NL,1994,19524,,0.2,0.192254290862899,192.254290862899,Eurostat hbs_exp_t133 PPS_HH; equal household income quintiles
income,Fourth quintile,NL,1994,24332,,0.2,0.239599027108997,239.599027108997,Eurostat hbs_exp_t133 PPS_HH; equal household income quintiles
income,Fifth quintile,NL,1994,29386,,0.2,0.289366143786988,289.366143786988,Eurostat hbs_exp_t133 PPS_HH; equal household income quintiles
income,First quintile,NL,1999,17522,,0.2,0.136616325034891,136.616325034891,Eurostat hbs_exp_t133 PPS_HH; equal household income quintiles
income,Second quintile,NL,1999,20248,,0.2,0.157870525585348,157.870525585348,Eurostat hbs_exp_t133 PPS_HH; equal household income quintiles
income,Third quintile,NL,1999,24537,,0.2,0.191311195490305,191.311195490305,Eurostat hbs_exp_t133 PPS_HH; equal household income quintiles
income,Fourth quintile,NL,1999,29754,,0.2,0.231987337923076,231.987337923076,Eurostat hbs_exp_t133 PPS_HH; equal household income quintiles
income,Fifth quintile,NL,1999,36196,,0.2,0.28221461596638,282.21461596638,Eurostat hbs_exp_t133 PPS_HH; equal household income quintiles
income,First quintile,NL,2005,22694,,0.2,0.154568116494803,154.568116494803,Eurostat hbs_exp_t133 PPS_HH; equal household income quintiles
income,Second quintile,NL,2005,22733,,0.2,0.154833744261759,154.833744261759,Eurostat hbs_exp_t133 PPS_HH; equal household income quintiles
income,Third quintile,NL,2005,27257,,0.2,0.185646565228644,185.646565228644,Eurostat hbs_exp_t133 PPS_HH; equal household income quintiles
income,Fourth quintile,NL,2005,33047,,0.2,0.225082072169021,225.082072169021,Eurostat hbs_exp_t133 PPS_HH; equal household income quintiles
income,Fifth quintile,NL,2005,41091,,0.2,0.279869501845772,279.869501845772,Eurostat hbs_exp_t133 PPS_HH; equal household income quintiles
income,First quintile,NL,2010,19224,,0.2,0.127033635102095,127.033635102095,Eurostat hbs_exp_t133 PPS_HH; equal household income quintiles
income,Second quintile,NL,2010,21439,,0.2,0.141670521377123,141.670521377123,Eurostat hbs_exp_t133 PPS_HH; equal household income quintiles
income,Third quintile,NL,2010,28078,,0.2,0.185541531751801,185.541531751801,Eurostat hbs_exp_t133 PPS_HH; equal household income quintiles
income,Fourth quintile,NL,2010,34756,,0.2,0.22967025705412,229.67025705412,Eurostat hbs_exp_t133 PPS_HH; equal household income quintiles
income,Fifth quintile,NL,2010,47833,,0.2,0.316084054714862,316.084054714862,Eurostat hbs_exp_t133 PPS_HH; equal household income quintiles
income,First quintile,NL,2015,18434,,0.2,0.11300605674211,113.00605674211,Eurostat hbs_exp_t133 PPS_HH; equal household income quintiles
income,Second quintile,NL,2015,24124,,0.2,0.147887496628332,147.887496628332,Eurostat hbs_exp_t133 PPS_HH; equal household income quintiles
income,Third quintile,NL,2015,30730,,0.2,0.188384296608715,188.384296608715,Eurostat hbs_exp_t133 PPS_HH; equal household income quintiles
income,Fourth quintile,NL,2015,37866,,0.2,0.232130158652314,232.130158652314,Eurostat hbs_exp_t133 PPS_HH; equal household income quintiles
income,Fifth quintile,NL,2015,51970,,0.2,0.318591991368529,318.591991368529,Eurostat hbs_exp_t133 PPS_HH; equal household income quintiles
income,First quintile,NL,2020,18966,,0.2,0.114474375147122,114.474375147122,Eurostat hbs_exp_t133 PPS_HH; equal household income quintiles
income,Second quintile,NL,2020,24497,,0.2,0.147858207739062,147.858207739062,Eurostat hbs_exp_t133 PPS_HH; equal household income quintiles
income,Third quintile,NL,2020,30946,,0.2,0.186782875319141,186.782875319141,Eurostat hbs_exp_t133 PPS_HH; equal household income quintiles
income,Fourth quintile,NL,2020,39193,,0.2,0.236559853692985,236.559853692985,Eurostat hbs_exp_t133 PPS_HH; equal household income quintiles
income,Fifth quintile,NL,2020,52077,,0.2,0.314324688101691,314.324688101691,Eurostat hbs_exp_t133 PPS_HH; equal household income quintiles
income,First quintile,NO,2005,17463,,0.2,0.12001566945693,120.01566945693,Eurostat hbs_exp_t133 PPS_HH; equal household income quintiles
income,Second quintile,NO,2005,24292,,0.2,0.166948441988647,166.948441988647,Eurostat hbs_exp_t133 PPS_HH; equal household income quintiles
income,Third quintile,NO,2005,30487,,0.2,0.209524005882919,209.524005882919,Eurostat hbs_exp_t133 PPS_HH; equal household income quintiles
income,Fourth quintile,NO,2005,33096,,0.2,0.227454537957198,227.454537957198,Eurostat hbs_exp_t133 PPS_HH; equal household income quintiles
income,Fifth quintile,NO,2005,40168,,0.2,0.276057344714307,276.057344714307,Eurostat hbs_exp_t133 PPS_HH; equal household income quintiles
income,First quintile,NO,2010,20408,,0.2,0.118086817650531,118.086817650531,Eurostat hbs_exp_t133 PPS_HH; equal household income quintiles
income,Second quintile,NO,2010,29061,,0.2,0.168155674624758,168.155674624758,Eurostat hbs_exp_t133 PPS_HH; equal household income quintiles
income,Third quintile,NO,2010,34626,,0.2,0.200356436101885,200.356436101885,Eurostat hbs_exp_t133 PPS_HH; equal household income quintiles
income,Fourth quintile,NO,2010,38461,,0.2,0.22254689796438,222.54689796438,Eurostat hbs_exp_t133 PPS_HH; equal household income quintiles
income,Fifth quintile,NO,2010,50266,,0.2,0.290854173658446,290.854173658446,Eurostat hbs_exp_t133 PPS_HH; equal household income quintiles
income,First quintile,NO,2015,20222,,0.2,0.108250182005053,108.250182005053,Eurostat hbs_exp_t133 PPS_HH; equal household income quintiles
income,Second quintile,NO,2015,25268,,0.2,0.135261873153184,135.261873153184,Eurostat hbs_exp_t133 PPS_HH; equal household income quintiles
income,Third quintile,NO,2015,36389,,0.2,0.19479358485718,194.79358485718,Eurostat hbs_exp_t133 PPS_HH; equal household income quintiles
income,Fourth quintile,NO,2015,42634,,0.2,0.228223630679628,228.223630679628,Eurostat hbs_exp_t133 PPS_HH; equal household income quintiles
income,Fifth quintile,NO,2015,62295,,0.2,0.333470729304955,333.470729304955,Eurostat hbs_exp_t133 PPS_HH; equal household income quintiles
income,First quintile,NO,2020,20307,,0.2,0.118017981367723,118.017981367723,Eurostat hbs_exp_t133 PPS_HH; equal household income quintiles
income,Second quintile,NO,2020,24660,,0.2,0.143316266338112,143.316266338113,Eurostat hbs_exp_t133 PPS_HH; equal household income quintiles
income,Third quintile,NO,2020,32450,,0.2,0.188589328575497,188.589328575497,Eurostat hbs_exp_t133 PPS_HH; equal household income quintiles
income,Fourth quintile,NO,2020,40303,,0.2,0.23422852725973,234.22852725973,Eurostat hbs_exp_t133 PPS_HH; equal household income quintiles
income,Fifth quintile,NO,2020,54347,,0.2,0.315847896458938,315.847896458938,Eurostat hbs_exp_t133 PPS_HH; equal household income quintiles
income,First quintile,PL,2005,5315,,0.2,0.100341709301667,100.341709301667,Eurostat hbs_exp_t133 PPS_HH; equal household income quintiles
income,Second quintile,PL,2005,7400,,0.2,0.139704355377674,139.704355377674,Eurostat hbs_exp_t133 PPS_HH; equal household income quintiles
income,Third quintile,PL,2005,9450,,0.2,0.178406237610678,178.406237610678,Eurostat hbs_exp_t133 PPS_HH; equal household income quintiles
income,Fourth quintile,PL,2005,12186,,0.2,0.230059091166531,230.059091166531,Eurostat hbs_exp_t133 PPS_HH; equal household income quintiles
income,Fifth quintile,PL,2005,18618,,0.2,0.35148860654345,351.48860654345,Eurostat hbs_exp_t133 PPS_HH; equal household income quintiles
income,First quintile,PL,2010,7864,,0.2,0.103035782136446,103.035782136446,Eurostat hbs_exp_t133 PPS_HH; equal household income quintiles
income,Second quintile,PL,2010,10957,,0.2,0.143560918726989,143.560918726989,Eurostat hbs_exp_t133 PPS_HH; equal household income quintiles
income,Third quintile,PL,2010,13934,,0.2,0.182566198917757,182.566198917757,Eurostat hbs_exp_t133 PPS_HH; equal household income quintiles
income,Fourth quintile,PL,2010,17559,,0.2,0.230061711410715,230.061711410715,Eurostat hbs_exp_t133 PPS_HH; equal household income quintiles
income,Fifth quintile,PL,2010,26009,,0.2,0.340775388808092,340.775388808092,Eurostat hbs_exp_t133 PPS_HH; equal household income quintiles
income,First quintile,PL,2015,10004,,0.2,0.108523263508456,108.523263508456,Eurostat hbs_exp_t133 PPS_HH; equal household income quintiles
income,Second quintile,PL,2015,13387,,0.2,0.145222004057147,145.222004057147,Eurostat hbs_exp_t133 PPS_HH; equal household income quintiles
income,Third quintile,PL,2015,16860,,0.2,0.182897063449877,182.897063449877,Eurostat hbs_exp_t133 PPS_HH; equal household income quintiles
income,Fourth quintile,PL,2015,21177,,0.2,0.229727824002256,229.727824002256,Eurostat hbs_exp_t133 PPS_HH; equal household income quintiles
income,Fifth quintile,PL,2015,30755,,0.2,0.333629844982264,333.629844982264,Eurostat hbs_exp_t133 PPS_HH; equal household income quintiles
income,First quintile,PL,2020,11275,,0.2,0.131271029560722,131.271029560722,Eurostat hbs_exp_t133 PPS_HH; equal household income quintiles
income,Second quintile,PL,2020,12794,,0.2,0.148956235228371,148.956235228371,Eurostat hbs_exp_t133 PPS_HH; equal household income quintiles
income,Third quintile,PL,2020,16001,,0.2,0.186294256674157,186.294256674157,Eurostat hbs_exp_t133 PPS_HH; equal household income quintiles
income,Fourth quintile,PL,2020,19560,,0.2,0.22773049562818,227.73049562818,Eurostat hbs_exp_t133 PPS_HH; equal household income quintiles
income,Fifth quintile,PL,2020,26261,,0.2,0.30574798290857,305.74798290857,Eurostat hbs_exp_t133 PPS_HH; equal household income quintiles
income,First quintile,PT,1988,4598,,0.2,0.0771153039832285,77.1153039832285,Eurostat hbs_exp_t133 PPS_HH; equal household income quintiles
income,Second quintile,PT,1988,7991,,0.2,0.134020964360587,134.020964360587,Eurostat hbs_exp_t133 PPS_HH; equal household income quintiles
income,Third quintile,PT,1988,10474,,0.2,0.175664570230608,175.664570230608,Eurostat hbs_exp_t133 PPS_HH; equal household income quintiles
income,Fourth quintile,PT,1988,13707,,0.2,0.22988679245283,229.88679245283,Eurostat hbs_exp_t133 PPS_HH; equal household income quintiles
income,Fifth quintile,PT,1988,22855,,0.2,0.383312368972746,383.312368972746,Eurostat hbs_exp_t133 PPS_HH; equal household income quintiles
income,First quintile,PT,1994,6049,,0.2,0.0741835395690512,74.1835395690512,Eurostat hbs_exp_t133 PPS_HH; equal household income quintiles
income,Second quintile,PT,1994,10150,,0.2,0.124477256840117,124.477256840117,Eurostat hbs_exp_t133 PPS_HH; equal household income quintiles
income,Third quintile,PT,1994,14432,,0.2,0.176990716326756,176.990716326756,Eurostat hbs_exp_t133 PPS_HH; equal household income quintiles
income,Fourth quintile,PT,1994,19343,,0.2,0.237218086606738,237.218086606738,Eurostat hbs_exp_t133 PPS_HH; equal household income quintiles
income,Fifth quintile,PT,1994,31567,,0.2,0.387130400657338,387.130400657338,Eurostat hbs_exp_t133 PPS_HH; equal household income quintiles
income,First quintile,PT,1999,8195,,0.2,0.0884664378090118,88.4664378090118,Eurostat hbs_exp_t133 PPS_HH; equal household income quintiles
income,Second quintile,PT,1999,12349,,0.2,0.133309583954056,133.309583954056,Eurostat hbs_exp_t133 PPS_HH; equal household income quintiles
income,Third quintile,PT,1999,17600,,0.2,0.189995034220697,189.995034220697,Eurostat hbs_exp_t133 PPS_HH; equal household income quintiles
income,Fourth quintile,PT,1999,21193,,0.2,0.228782088649956,228.782088649956,Eurostat hbs_exp_t133 PPS_HH; equal household income quintiles
income,Fifth quintile,PT,1999,33297,,0.2,0.35944685536628,359.44685536628,Eurostat hbs_exp_t133 PPS_HH; equal household income quintiles
income,First quintile,PT,2005,8375,,0.2,0.0802572063784115,80.2572063784115,Eurostat hbs_exp_t133 PPS_HH; equal household income quintiles
income,Second quintile,PT,2005,13811,,0.2,0.13235012266176,132.35012266176,Eurostat hbs_exp_t133 PPS_HH; equal household income quintiles
income,Third quintile,PT,2005,18521,,0.2,0.177485817233977,177.485817233977,Eurostat hbs_exp_t133 PPS_HH; equal household income quintiles
income,Fourth quintile,PT,2005,24493,,0.2,0.234715194725544,234.715194725544,Eurostat hbs_exp_t133 PPS_HH; equal household income quintiles
income,Fifth quintile,PT,2005,39152,,0.2,0.375191659000307,375.191659000307,Eurostat hbs_exp_t133 PPS_HH; equal household income quintiles
income,First quintile,PT,2010,10083,,0.2,0.0863137530175144,86.3137530175144,Eurostat hbs_exp_t133 PPS_HH; equal household income quintiles
income,Second quintile,PT,2010,15571,,0.2,0.133292814463524,133.292814463524,Eurostat hbs_exp_t133 PPS_HH; equal household income quintiles
income,Third quintile,PT,2010,20614,,0.2,0.176462531459193,176.462531459193,Eurostat hbs_exp_t133 PPS_HH; equal household income quintiles
income,Fourth quintile,PT,2010,26723,,0.2,0.228757554486466,228.757554486466,Eurostat hbs_exp_t133 PPS_HH; equal household income quintiles
income,Fifth quintile,PT,2010,43827,,0.2,0.375173346573302,375.173346573302,Eurostat hbs_exp_t133 PPS_HH; equal household income quintiles
income,First quintile,PT,2015,11389,,0.2,0.0916885375239506,91.6885375239506,Eurostat hbs_exp_t133 PPS_HH; equal household income quintiles
income,Second quintile,PT,2015,17498,,0.2,0.140869789234708,140.869789234708,Eurostat hbs_exp_t133 PPS_HH; equal household income quintiles
income,Third quintile,PT,2015,22310,,0.2,0.179609383805368,179.609383805368,Eurostat hbs_exp_t133 PPS_HH; equal household income quintiles
income,Fourth quintile,PT,2015,28607,,0.2,0.230304152510989,230.304152510989,Eurostat hbs_exp_t133 PPS_HH; equal household income quintiles
income,Fifth quintile,PT,2015,44410,,0.2,0.357528136924984,357.528136924984,Eurostat hbs_exp_t133 PPS_HH; equal household income quintiles
income,First quintile,PT,2020,12612,,0.2,0.102939135970747,102.939135970747,Eurostat hbs_exp_t133 PPS_HH; equal household income quintiles
income,Second quintile,PT,2020,17414,,0.2,0.142133056913622,142.133056913622,Eurostat hbs_exp_t133 PPS_HH; equal household income quintiles
income,Third quintile,PT,2020,21967,,0.2,0.179294640015018,179.294640015018,Eurostat hbs_exp_t133 PPS_HH; equal household income quintiles
income,Fourth quintile,PT,2020,28070,,0.2,0.229107322129629,229.107322129629,Eurostat hbs_exp_t133 PPS_HH; equal household income quintiles
income,Fifth quintile,PT,2020,42456,,0.2,0.346525844970984,346.525844970984,Eurostat hbs_exp_t133 PPS_HH; equal household income quintiles
income,First quintile,RO,2005,2828,,0.2,0.10623192216671,106.231922166711,Eurostat hbs_exp_t133 PPS_HH; equal household income quintiles
income,Second quintile,RO,2005,3870,,0.2,0.145373952894332,145.373952894332,Eurostat hbs_exp_t133 PPS_HH; equal household income quintiles
income,Third quintile,RO,2005,4859,,0.2,0.18252507418955,182.52507418955,Eurostat hbs_exp_t133 PPS_HH; equal household income quintiles
income,Fourth quintile,RO,2005,6112,,0.2,0.229593178317869,229.593178317869,Eurostat hbs_exp_t133 PPS_HH; equal household income quintiles
income,Fifth quintile,RO,2005,8952,,0.2,0.336275872431539,336.275872431539,Eurostat hbs_exp_t133 PPS_HH; equal household income quintiles
income,First quintile,RO,2010,4293,,0.2,0.0892126098792627,89.2126098792627,Eurostat hbs_exp_t133 PPS_HH; equal household income quintiles
income,Second quintile,RO,2010,6747,,0.2,0.14020905633715,140.20905633715,Eurostat hbs_exp_t133 PPS_HH; equal household income quintiles
income,Third quintile,RO,2010,8889,,0.2,0.184721847010661,184.721847010661,Eurostat hbs_exp_t133 PPS_HH; equal household income quintiles
income,Fourth quintile,RO,2010,11396,,0.2,0.236819683713971,236.819683713971,Eurostat hbs_exp_t133 PPS_HH; equal household income quintiles
income,Fifth quintile,RO,2010,16796,,0.2,0.349036803058956,349.036803058956,Eurostat hbs_exp_t133 PPS_HH; equal household income quintiles
income,First quintile,RO,2015,5164,,0.2,0.0903998319445417,90.3998319445417,Eurostat hbs_exp_t133 PPS_HH; equal household income quintiles
income,Second quintile,RO,2015,8160,,0.2,0.142847139556054,142.847139556054,Eurostat hbs_exp_t133 PPS_HH; equal household income quintiles
income,Third quintile,RO,2015,10645,,0.2,0.186348995168406,186.348995168406,Eurostat hbs_exp_t133 PPS_HH; equal household income quintiles
income,Fourth quintile,RO,2015,13602,,0.2,0.238113577480569,238.113577480569,Eurostat hbs_exp_t133 PPS_HH; equal household income quintiles
income,Fifth quintile,RO,2015,19553,,0.2,0.342290455850431,342.290455850431,Eurostat hbs_exp_t133 PPS_HH; equal household income quintiles
income,First quintile,RO,2020,6578,,0.2,0.0899580159457353,89.9580159457353,Eurostat hbs_exp_t133 PPS_HH; equal household income quintiles
income,Second quintile,RO,2020,10349,,0.2,0.141528657194043,141.528657194043,Eurostat hbs_exp_t133 PPS_HH; equal household income quintiles
income,Third quintile,RO,2020,13788,,0.2,0.188559003323168,188.559003323168,Eurostat hbs_exp_t133 PPS_HH; equal household income quintiles
income,Fourth quintile,RO,2020,17655,,0.2,0.24144250099148,241.44250099148,Eurostat hbs_exp_t133 PPS_HH; equal household income quintiles
income,Fifth quintile,RO,2020,24753,,0.2,0.338511822545574,338.511822545574,Eurostat hbs_exp_t133 PPS_HH; equal household income quintiles
income,First quintile,RS,2015,7009,,0.2,0.0975572412833183,97.5572412833183,Eurostat hbs_exp_t133 PPS_HH; equal household income quintiles
income,Second quintile,RS,2015,10432,,0.2,0.145201475398427,145.201475398427,Eurostat hbs_exp_t133 PPS_HH; equal household income quintiles
income,Third quintile,RS,2015,13582,,0.2,0.18904586262092,189.04586262092,Eurostat hbs_exp_t133 PPS_HH; equal household income quintiles
income,Fourth quintile,RS,2015,17192,,0.2,0.239292922263206,239.292922263206,Eurostat hbs_exp_t133 PPS_HH; equal household income quintiles
income,Fifth quintile,RS,2015,23630,,0.2,0.328902498434129,328.902498434129,Eurostat hbs_exp_t133 PPS_HH; equal household income quintiles
income,First quintile,RS,2020,6348,,0.2,0.0886109521350103,88.6109521350103,Eurostat hbs_exp_t133 PPS_HH; equal household income quintiles
income,Second quintile,RS,2020,9461,,0.2,0.132064936696492,132.064936696492,Eurostat hbs_exp_t133 PPS_HH; equal household income quintiles
income,Third quintile,RS,2020,12535,,0.2,0.174974525049205,174.974525049205,Eurostat hbs_exp_t133 PPS_HH; equal household income quintiles
income,Fourth quintile,RS,2020,16408,,0.2,0.229037256243108,229.037256243108,Eurostat hbs_exp_t133 PPS_HH; equal household income quintiles
income,Fifth quintile,RS,2020,26887,,0.2,0.375312329876185,375.312329876185,Eurostat hbs_exp_t133 PPS_HH; equal household income quintiles
income,First quintile,SE,1994,12329,,0.2,0.13704675307352,137.04675307352,Eurostat hbs_exp_t133 PPS_HH; equal household income quintiles
income,Second quintile,SE,1994,15196,,0.2,0.168915764433872,168.915764433872,Eurostat hbs_exp_t133 PPS_HH; equal household income quintiles
income,Third quintile,SE,1994,17744,,0.2,0.197238834174429,197.238834174429,Eurostat hbs_exp_t133 PPS_HH; equal household income quintiles
income,Fourth quintile,SE,1994,20191,,0.2,0.224439207665459,224.439207665459,Eurostat hbs_exp_t133 PPS_HH; equal household income quintiles
income,Fifth quintile,SE,1994,24502,,0.2,0.27235944065272,272.35944065272,Eurostat hbs_exp_t133 PPS_HH; equal household income quintiles
income,First quintile,SE,1999,13980,,0.2,0.129042977403633,129.042977403633,Eurostat hbs_exp_t133 PPS_HH; equal household income quintiles
income,Second quintile,SE,1999,19271,,0.2,0.177881775217841,177.881775217841,Eurostat hbs_exp_t133 PPS_HH; equal household income quintiles
income,Third quintile,SE,1999,21943,,0.2,0.202545783488406,202.545783488406,Eurostat hbs_exp_t133 PPS_HH; equal household income quintiles
income,Fourth quintile,SE,1999,24089,,0.2,0.222354526657805,222.354526657805,Eurostat hbs_exp_t133 PPS_HH; equal household income quintiles
income,Fifth quintile,SE,1999,29053,,0.2,0.268174937232314,268.174937232314,Eurostat hbs_exp_t133 PPS_HH; equal household income quintiles
income,First quintile,SE,2005,16571,,0.2,0.12941442918951,129.41442918951,Eurostat hbs_exp_t133 PPS_HH; equal household income quintiles
income,Second quintile,SE,2005,20082,,0.2,0.156834262686847,156.834262686847,Eurostat hbs_exp_t133 PPS_HH; equal household income quintiles
income,Third quintile,SE,2005,25100,,0.2,0.19602330412508,196.02330412508,Eurostat hbs_exp_t133 PPS_HH; equal household income quintiles
income,Fourth quintile,SE,2005,29252,,0.2,0.228449151086328,228.449151086328,Eurostat hbs_exp_t133 PPS_HH; equal household income quintiles
income,Fifth quintile,SE,2005,37041,,0.2,0.289278852912235,289.278852912235,Eurostat hbs_exp_t133 PPS_HH; equal household income quintiles
income,First quintile,SE,2010,13880,,0.2,0.105255973731506,105.255973731506,Eurostat hbs_exp_t133 PPS_HH; equal household income quintiles
income,Second quintile,SE,2010,18140,,0.2,0.137560761058323,137.560761058323,Eurostat hbs_exp_t133 PPS_HH; equal household income quintiles
income,Third quintile,SE,2010,24412,,0.2,0.185123114606162,185.123114606162,Eurostat hbs_exp_t133 PPS_HH; equal household income quintiles
income,Fourth quintile,SE,2010,32367,,0.2,0.245448134133117,245.448134133117,Eurostat hbs_exp_t133 PPS_HH; equal household income quintiles
income,Fifth quintile,SE,2010,43070,,0.2,0.326612016470892,326.612016470892,Eurostat hbs_exp_t133 PPS_HH; equal household income quintiles
income,First quintile,SE,2015,15754,,0.2,0.110225642819661,110.225642819661,Eurostat hbs_exp_t133 PPS_HH; equal household income quintiles
income,Second quintile,SE,2015,20750,,0.2,0.145181039006472,145.181039006472,Eurostat hbs_exp_t133 PPS_HH; equal household income quintiles
income,Third quintile,SE,2015,26874,,0.2,0.188028686373972,188.028686373972,Eurostat hbs_exp_t133 PPS_HH; equal household income quintiles
income,Fourth quintile,SE,2015,33746,,0.2,0.236109847822284,236.109847822284,Eurostat hbs_exp_t133 PPS_HH; equal household income quintiles
income,Fifth quintile,SE,2015,45801,,0.2,0.320454783977611,320.454783977611,Eurostat hbs_exp_t133 PPS_HH; equal household income quintiles
income,First quintile,SI,2005,10588,,0.2,0.0889770330344462,88.9770330344463,Eurostat hbs_exp_t133 PPS_HH; equal household income quintiles
income,Second quintile,SI,2005,18296,,0.2,0.153751775254838,153.751775254838,Eurostat hbs_exp_t133 PPS_HH; equal household income quintiles
income,Third quintile,SI,2005,22857,,0.2,0.192080472616957,192.080472616957,Eurostat hbs_exp_t133 PPS_HH; equal household income quintiles
income,Fourth quintile,SI,2005,28822,,0.2,0.242207786750927,242.207786750927,Eurostat hbs_exp_t133 PPS_HH; equal household income quintiles
income,Fifth quintile,SI,2005,38434,,0.2,0.322982932342832,322.982932342832,Eurostat hbs_exp_t133 PPS_HH; equal household income quintiles
income,First quintile,SI,2010,12649,,0.2,0.0991666209340431,99.1666209340431,Eurostat hbs_exp_t133 PPS_HH; equal household income quintiles
income,Second quintile,SI,2010,19095,,0.2,0.149702476617563,149.702476617563,Eurostat hbs_exp_t133 PPS_HH; equal household income quintiles
income,Third quintile,SI,2010,24283,,0.2,0.190375765368121,190.375765368121,Eurostat hbs_exp_t133 PPS_HH; equal household income quintiles
income,Fourth quintile,SI,2010,30254,,0.2,0.237187678847224,237.187678847224,Eurostat hbs_exp_t133 PPS_HH; equal household income quintiles
income,Fifth quintile,SI,2010,41272,,0.2,0.323567458233048,323.567458233048,Eurostat hbs_exp_t133 PPS_HH; equal household income quintiles
income,First quintile,SI,2015,13775,,0.2,0.106932983488461,106.932983488461,Eurostat hbs_exp_t133 PPS_HH; equal household income quintiles
income,Second quintile,SI,2015,19369,,0.2,0.150358254605299,150.358254605299,Eurostat hbs_exp_t133 PPS_HH; equal household income quintiles
income,Third quintile,SI,2015,24795,,0.2,0.192479370279229,192.479370279229,Eurostat hbs_exp_t133 PPS_HH; equal household income quintiles
income,Fourth quintile,SI,2015,30211,,0.2,0.234522857652986,234.522857652986,Eurostat hbs_exp_t133 PPS_HH; equal household income quintiles
income,Fifth quintile,SI,2015,40669,,0.2,0.315706533974026,315.706533974026,Eurostat hbs_exp_t133 PPS_HH; equal household income quintiles
income,First quintile,SI,2020,13283,,0.2,0.101564411548813,101.564411548813,Eurostat hbs_exp_t133 PPS_HH; equal household income quintiles
income,Second quintile,SI,2020,19060,,0.2,0.145736481526792,145.736481526792,Eurostat hbs_exp_t133 PPS_HH; equal household income quintiles
income,Third quintile,SI,2020,25474,,0.2,0.194779177881086,194.779177881086,Eurostat hbs_exp_t133 PPS_HH; equal household income quintiles
income,Fourth quintile,SI,2020,31251,,0.2,0.238951247859065,238.951247859065,Eurostat hbs_exp_t133 PPS_HH; equal household income quintiles
income,Fifth quintile,SI,2020,41716,,0.2,0.318968681184243,318.968681184243,Eurostat hbs_exp_t133 PPS_HH; equal household income quintiles
income,First quintile,SK,2005,7610,,0.2,0.12840197749169,128.40197749169,Eurostat hbs_exp_t133 PPS_HH; equal household income quintiles
income,Second quintile,SK,2005,9558,,0.2,0.161270184082204,161.270184082204,Eurostat hbs_exp_t133 PPS_HH; equal household income quintiles
income,Third quintile,SK,2005,11316,,0.2,0.190932559434424,190.932559434424,Eurostat hbs_exp_t133 PPS_HH; equal household income quintiles
income,Fourth quintile,SK,2005,12890,,0.2,0.217490340324295,217.490340324295,Eurostat hbs_exp_t133 PPS_HH; equal household income quintiles
income,Fifth quintile,SK,2005,17893,,0.2,0.301904938667387,301.904938667387,Eurostat hbs_exp_t133 PPS_HH; equal household income quintiles
income,First quintile,SK,2010,7583,,0.2,0.100821677391906,100.821677391906,Eurostat hbs_exp_t133 PPS_HH; equal household income quintiles
income,Second quintile,SK,2010,11353,,0.2,0.15094665744828,150.94665744828,Eurostat hbs_exp_t133 PPS_HH; equal household income quintiles
income,Third quintile,SK,2010,14355,,0.2,0.190860500983886,190.860500983886,Eurostat hbs_exp_t133 PPS_HH; equal household income quintiles
income,Fourth quintile,SK,2010,17631,,0.2,0.234417380205286,234.417380205286,Eurostat hbs_exp_t133 PPS_HH; equal household income quintiles
income,Fifth quintile,SK,2010,24290,,0.2,0.322953783970643,322.953783970643,Eurostat hbs_exp_t133 PPS_HH; equal household income quintiles
income,First quintile,SK,2015,10608,,0.2,0.109693297210101,109.693297210101,Eurostat hbs_exp_t133 PPS_HH; equal household income quintiles
income,Second quintile,SK,2015,15175,,0.2,0.156918908857775,156.918908857775,Eurostat hbs_exp_t133 PPS_HH; equal household income quintiles
income,Third quintile,SK,2015,19219,,0.2,0.198736376233119,198.736376233119,Eurostat hbs_exp_t133 PPS_HH; equal household income quintiles
income,Fourth quintile,SK,2015,22402,,0.2,0.231650569768163,231.650569768163,Eurostat hbs_exp_t133 PPS_HH; equal household income quintiles
income,Fifth quintile,SK,2015,29302,,0.2,0.303000847930842,303.000847930842,Eurostat hbs_exp_t133 PPS_HH; equal household income quintiles
income,First quintile,SK,2020,8879,,0.2,0.113155848955612,113.155848955612,Eurostat hbs_exp_t133 PPS_HH; equal household income quintiles
income,Second quintile,SK,2020,13308,,0.2,0.169599959218525,169.599959218525,Eurostat hbs_exp_t133 PPS_HH; equal household income quintiles
income,Third quintile,SK,2020,16050,,0.2,0.204544585621981,204.544585621981,Eurostat hbs_exp_t133 PPS_HH; equal household income quintiles
income,Fourth quintile,SK,2020,18333,,0.2,0.233639619202977,233.639619202977,Eurostat hbs_exp_t133 PPS_HH; equal household income quintiles
income,Fifth quintile,SK,2020,21897,,0.2,0.279059987000905,279.059987000905,Eurostat hbs_exp_t133 PPS_HH; equal household income quintiles
income,First quintile,TR,2005,5183,,0.2,0.100740539174717,100.740539174717,Eurostat hbs_exp_t133 PPS_HH; equal household income quintiles
income,Second quintile,TR,2005,7113,,0.2,0.138253416004198,138.253416004198,Eurostat hbs_exp_t133 PPS_HH; equal household income quintiles
income,Third quintile,TR,2005,9001,,0.2,0.174949950436354,174.949950436354,Eurostat hbs_exp_t133 PPS_HH; equal household income quintiles
income,Fourth quintile,TR,2005,11264,,0.2,0.218935256273203,218.935256273203,Eurostat hbs_exp_t133 PPS_HH; equal household income quintiles
income,Fifth quintile,TR,2005,18888,,0.2,0.367120838111528,367.120838111528,Eurostat hbs_exp_t133 PPS_HH; equal household income quintiles
income,First quintile,TR,2010,7143,,0.2,0.0897485833469449,89.7485833469449,Eurostat hbs_exp_t133 PPS_HH; equal household income quintiles
income,Second quintile,TR,2010,10908,,0.2,0.137054115518476,137.054115518476,Eurostat hbs_exp_t133 PPS_HH; equal household income quintiles
income,Third quintile,TR,2010,14102,,0.2,0.177185289424418,177.185289424418,Eurostat hbs_exp_t133 PPS_HH; equal household income quintiles
income,Fourth quintile,TR,2010,18300,,0.2,0.229931271909435,229.931271909435,Eurostat hbs_exp_t133 PPS_HH; equal household income quintiles
income,Fifth quintile,TR,2010,29136,,0.2,0.366080739800726,366.080739800726,Eurostat hbs_exp_t133 PPS_HH; equal household income quintiles
income,First quintile,TR,2015,9186,,0.2,0.0849438700967247,84.9438700967247,Eurostat hbs_exp_t133 PPS_HH; equal household income quintiles
income,Second quintile,TR,2015,14707,,0.2,0.135997114904477,135.997114904477,Eurostat hbs_exp_t133 PPS_HH; equal household income quintiles
income,Third quintile,TR,2015,18968,,0.2,0.17539901240961,175.39901240961,Eurostat hbs_exp_t133 PPS_HH; equal household income quintiles
income,Fourth quintile,TR,2015,24396,,0.2,0.225592276821217,225.592276821217,Eurostat hbs_exp_t133 PPS_HH; equal household income quintiles
income,Fifth quintile,TR,2015,40885,,0.2,0.378067725767972,378.067725767972,Eurostat hbs_exp_t133 PPS_HH; equal household income quintiles
income,First quintile,TR,2020,8440,,0.2,0.0890633573931029,89.0633573931029,Eurostat hbs_exp_t133 PPS_HH; equal household income quintiles
income,Second quintile,TR,2020,13145,,0.2,0.138713013380609,138.713013380609,Eurostat hbs_exp_t133 PPS_HH; equal household income quintiles
income,Third quintile,TR,2020,16840,,0.2,0.177704613566333,177.704613566333,Eurostat hbs_exp_t133 PPS_HH; equal household income quintiles
income,Fourth quintile,TR,2020,21547,,0.2,0.227375374614833,227.375374614833,Eurostat hbs_exp_t133 PPS_HH; equal household income quintiles
income,Fifth quintile,TR,2020,34792,,0.2,0.367143641045123,367.143641045123,Eurostat hbs_exp_t133 PPS_HH; equal household income quintiles
income,First quintile,UK,1988,9359,,0.2,0.107644000736106,107.644000736106,Eurostat hbs_exp_t133 PPS_HH; equal household income quintiles
income,Second quintile,UK,1988,11840,,0.2,0.13617960986382,136.17960986382,Eurostat hbs_exp_t133 PPS_HH; equal household income quintiles
income,Third quintile,UK,1988,16269,,0.2,0.18712044534413,187.12044534413,Eurostat hbs_exp_t133 PPS_HH; equal household income quintiles
income,Fourth quintile,UK,1988,20605,,0.2,0.236991626794258,236.991626794258,Eurostat hbs_exp_t133 PPS_HH; equal household income quintiles
income,Fifth quintile,UK,1988,28871,,0.2,0.332064317261686,332.064317261686,Eurostat hbs_exp_t133 PPS_HH; equal household income quintiles
income,First quintile,UK,1994,11906,,0.2,0.116384324382448,116.384324382448,Eurostat hbs_exp_t133 PPS_HH; equal household income quintiles
income,Second quintile,UK,1994,15494,,0.2,0.151457981016432,151.457981016432,Eurostat hbs_exp_t133 PPS_HH; equal household income quintiles
income,Third quintile,UK,1994,19667,,0.2,0.192250168623349,192.250168623349,Eurostat hbs_exp_t133 PPS_HH; equal household income quintiles
income,Fourth quintile,UK,1994,24328,,0.2,0.23781268634102,237.81268634102,Eurostat hbs_exp_t133 PPS_HH; equal household income quintiles
income,Fifth quintile,UK,1994,30904,,0.2,0.302094839636751,302.094839636751,Eurostat hbs_exp_t133 PPS_HH; equal household income quintiles
income,First quintile,UK,1999,14347,,0.2,0.103798292577051,103.798292577051,Eurostat hbs_exp_t133 PPS_HH; equal household income quintiles
income,Second quintile,UK,1999,20095,,0.2,0.145384170163507,145.384170163507,Eurostat hbs_exp_t133 PPS_HH; equal household income quintiles
income,Third quintile,UK,1999,26870,,0.2,0.194400231514976,194.400231514976,Eurostat hbs_exp_t133 PPS_HH; equal household income quintiles
income,Fourth quintile,UK,1999,32114,,0.2,0.232339748227464,232.339748227464,Eurostat hbs_exp_t133 PPS_HH; equal household income quintiles
income,Fifth quintile,UK,1999,44794,,0.2,0.324077557517002,324.077557517002,Eurostat hbs_exp_t133 PPS_HH; equal household income quintiles
income,First quintile,UK,2005,18941,,0.2,0.118547216102544,118.547216102544,Eurostat hbs_exp_t133 PPS_HH; equal household income quintiles
income,Second quintile,UK,2005,24341,,0.2,0.152344532345283,152.344532345283,Eurostat hbs_exp_t133 PPS_HH; equal household income quintiles
income,Third quintile,UK,2005,29455,,0.2,0.184351842579611,184.351842579611,Eurostat hbs_exp_t133 PPS_HH; equal household income quintiles
income,Fourth quintile,UK,2005,36638,,0.2,0.229308531944723,229.308531944723,Eurostat hbs_exp_t133 PPS_HH; equal household income quintiles
income,Fifth quintile,UK,2005,50401,,0.2,0.315447877027839,315.447877027839,Eurostat hbs_exp_t133 PPS_HH; equal household income quintiles
income,First quintile,UK,2010,12893,,0.2,0.108829239469908,108.829239469908,Eurostat hbs_exp_t133 PPS_HH; equal household income quintiles
income,Second quintile,UK,2010,16094,,0.2,0.13584873807715,135.84873807715,Eurostat hbs_exp_t133 PPS_HH; equal household income quintiles
income,Third quintile,UK,2010,21556,,0.2,0.18195323710644,181.95323710644,Eurostat hbs_exp_t133 PPS_HH; equal household income quintiles
income,Fourth quintile,UK,2010,26749,,0.2,0.225787119101882,225.787119101882,Eurostat hbs_exp_t133 PPS_HH; equal household income quintiles
income,Fifth quintile,UK,2010,41178,,0.2,0.347581666244619,347.581666244619,Eurostat hbs_exp_t133 PPS_HH; equal household income quintiles
income,First quintile,UK,2015,13365,,0.2,0.105572889924563,105.572889924563,Eurostat hbs_exp_t133 PPS_HH; equal household income quintiles
income,Second quintile,UK,2015,17381,,0.2,0.137296101741775,137.296101741775,Eurostat hbs_exp_t133 PPS_HH; equal household income quintiles
income,Third quintile,UK,2015,23715,,0.2,0.187329673367827,187.329673367827,Eurostat hbs_exp_t133 PPS_HH; equal household income quintiles
income,Fourth quintile,UK,2015,28915,,0.2,0.228405545242703,228.405545242703,Eurostat hbs_exp_t133 PPS_HH; equal household income quintiles
income,Fifth quintile,UK,2015,43219,,0.2,0.341395789723133,341.395789723133,Eurostat hbs_exp_t133 PPS_HH; equal household income quintiles
income,First quintile,XK,2015,8832,,0.2,0.117289279026839,117.289279026839,Eurostat hbs_exp_t133 PPS_HH; equal household income quintiles
income,Second quintile,XK,2015,12118,,0.2,0.160927477722739,160.927477722739,Eurostat hbs_exp_t133 PPS_HH; equal household income quintiles
income,Third quintile,XK,2015,14576,,0.2,0.193569806509874,193.569806509874,Eurostat hbs_exp_t133 PPS_HH; equal household income quintiles
income,Fourth quintile,XK,2015,17207,,0.2,0.228509581546062,228.509581546062,Eurostat hbs_exp_t133 PPS_HH; equal household income quintiles
income,Fifth quintile,XK,2015,22568,,0.2,0.299703855194486,299.703855194486,Eurostat hbs_exp_t133 PPS_HH; equal household income quintiles
urban,Rural areas,AT,1999,26094,2990,0.421245421245421,0.41535970151237,415.35970151237,Eurostat hbs_exp_t136 PPS_HH x hbs_car_t315 NR
urban,Towns and suburbs,AT,1999,27227,1944,0.273879966187659,0.281778961538619,281.778961538619,Eurostat hbs_exp_t136 PPS_HH x hbs_car_t315 NR
urban,Cities,AT,1999,26289,2164,0.30487461256692,0.302861336949011,302.861336949011,Eurostat hbs_exp_t136 PPS_HH x hbs_car_t315 NR
urban,Rural areas,AT,2005,30415,3061,0.364404761904762,0.366977378384759,366.977378384759,Eurostat hbs_exp_t136 PPS_HH x hbs_car_t315 NR
urban,Towns and suburbs,AT,2005,31428,2112,0.251428571428571,0.261636783732843,261.636783732843,Eurostat hbs_exp_t136 PPS_HH x hbs_car_t315 NR
urban,Cities,AT,2005,29197,3227,0.384166666666667,0.371385837882399,371.385837882399,Eurostat hbs_exp_t136 PPS_HH x hbs_car_t315 NR
urban,Rural areas,AT,2010,33107,2565,0.392561983471074,0.390637428877495,390.637428877495,Eurostat hbs_exp_t136 PPS_HH x hbs_car_t315 NR
urban,Towns and suburbs,AT,2010,35761,1645,0.251760024487297,0.270608984475641,270.608984475641,Eurostat hbs_exp_t136 PPS_HH x hbs_car_t315 NR
urban,Cities,AT,2010,31687,2324,0.355677992041628,0.338753586646863,338.753586646863,Eurostat hbs_exp_t136 PPS_HH x hbs_car_t315 NR
urban,Rural areas,AT,2015,36741,3106,0.433677743647026,0.458326674695294,458.326674695294,Eurostat hbs_exp_t136 PPS_HH x hbs_car_t315 NR
urban,Towns and suburbs,AT,2015,35583,2078,0.290142418318905,0.296968793041594,296.968793041594,Eurostat hbs_exp_t136 PPS_HH x hbs_car_t315 NR
urban,Cities,AT,2015,30803,1978,0.276179838034069,0.244704532263112,244.704532263112,Eurostat hbs_exp_t136 PPS_HH x hbs_car_t315 NR
urban,Rural areas,AT,2020,36181,2785,0.390110659756268,0.40526421457785,405.26421457785,Eurostat hbs_exp_t136 PPS_HH x hbs_car_t315 NR
urban,Towns and suburbs,AT,2020,36228,2095,0.293458467572489,0.305253658267196,305.253658267196,Eurostat hbs_exp_t136 PPS_HH x hbs_car_t315 NR
urban,Cities,AT,2020,31862,2259,0.316430872671242,0.289482127154955,289.482127154955,Eurostat hbs_exp_t136 PPS_HH x hbs_car_t315 NR
urban,Rural areas,BE,1988,16477,510,0.153939028071235,0.149942048537624,149.942048537624,Eurostat hbs_exp_t136 PPS_HH x hbs_car_t315 NR
urban,Towns and suburbs,BE,1988,16986,2157,0.651071536371869,0.653757052652645,653.757052652645,Eurostat hbs_exp_t136 PPS_HH x hbs_car_t315 NR
urban,Cities,BE,1988,17030,646,0.194989435556897,0.196300898809731,196.300898809731,Eurostat hbs_exp_t136 PPS_HH x hbs_car_t315 NR
urban,Rural areas,BE,1994,20260,191,0.0703240058910162,0.0628120884645268,62.8120884645268,Eurostat hbs_exp_t136 PPS_HH x hbs_car_t315 NR
urban,Towns and suburbs,BE,1994,23223,863,0.317746686303387,0.325311595216454,325.311595216454,Eurostat hbs_exp_t136 PPS_HH x hbs_car_t315 NR
urban,Cities,BE,1994,22681,1662,0.611929307805597,0.611876316319019,611.876316319019,Eurostat hbs_exp_t136 PPS_HH x hbs_car_t315 NR
urban,Rural areas,BE,1999,23508,151,0.0403204272363151,0.0346636527835748,34.6636527835748,Eurostat hbs_exp_t136 PPS_HH x hbs_car_t315 NR
urban,Towns and suburbs,BE,1999,28672,1232,0.328971962616822,0.344945427403135,344.945427403135,Eurostat hbs_exp_t136 PPS_HH x hbs_car_t315 NR
urban,Cities,BE,1999,26897,2362,0.630707610146863,0.62039091981329,620.39091981329,Eurostat hbs_exp_t136 PPS_HH x hbs_car_t315 NR
urban,Rural areas,BE,2005,27960,166,0.0467605633802817,0.043602824578756,43.602824578756,Eurostat hbs_exp_t136 PPS_HH x hbs_car_t315 NR
urban,Towns and suburbs,BE,2005,31500,1169,0.329295774647887,0.345934943825909,345.934943825909,Eurostat hbs_exp_t136 PPS_HH x hbs_car_t315 NR
urban,Cities,BE,2005,29337,2215,0.623943661971831,0.610462231595335,610.462231595335,Eurostat hbs_exp_t136 PPS_HH x hbs_car_t315 NR
urban,Rural areas,BE,2010,32939,311,0.0433328688867215,0.0457263407576634,45.7263407576634,Eurostat hbs_exp_t136 PPS_HH x hbs_car_t315 NR
urban,Towns and suburbs,BE,2010,32969,2427,0.338163578096698,0.357166896435225,357.166896435225,Eurostat hbs_exp_t136 PPS_HH x hbs_car_t315 NR
urban,Cities,BE,2010,30135,4439,0.618503553016581,0.597106762807112,597.106762807112,Eurostat hbs_exp_t136 PPS_HH x hbs_car_t315 NR
urban,Rural areas,BE,2015,34447,472,0.0769356153219234,0.0755414037851647,75.5414037851647,Eurostat hbs_exp_t136 PPS_HH x hbs_car_t315 NR
urban,Towns and suburbs,BE,2015,38111,2312,0.376854115729421,0.409383016336422,409.383016336422,Eurostat hbs_exp_t136 PPS_HH x hbs_car_t315 NR
urban,Cities,BE,2015,33083,3351,0.546210268948655,0.515075579878413,515.075579878413,Eurostat hbs_exp_t136 PPS_HH x hbs_car_t315 NR
urban,Rural areas,BE,2020,32138,1072,0.175593775593776,0.181780111589516,181.780111589516,Eurostat hbs_exp_t136 PPS_HH x hbs_car_t315 NR
urban,Towns and suburbs,BE,2020,32064,3251,0.532514332514333,0.550005969650537,550.005969650537,Eurostat hbs_exp_t136 PPS_HH x hbs_car_t315 NR
urban,Cities,BE,2020,28526,1782,0.291891891891892,0.268213918759947,268.213918759947,Eurostat hbs_exp_t136 PPS_HH x hbs_car_t315 NR
urban,Rural areas,BG,2005,5743,1487,0.518118466898955,0.419154839514943,419.154839514943,Eurostat hbs_exp_t136 PPS_HH x hbs_car_t315 NR
urban,Towns and suburbs,BG,2005,7264,183,0.0637630662020906,0.065245659494748,65.245659494748,Eurostat hbs_exp_t136 PPS_HH x hbs_car_t315 NR
urban,Cities,BG,2005,8754,1200,0.418118466898955,0.515599500990309,515.599500990309,Eurostat hbs_exp_t136 PPS_HH x hbs_car_t315 NR
urban,Rural areas,BG,2010,6928,1120,0.375586854460094,0.288182802594988,288.182802594988,Eurostat hbs_exp_t136 PPS_HH x hbs_car_t315 NR
urban,Towns and suburbs,BG,2010,7950,768,0.257545271629779,0.226762119494902,226.762119494902,Eurostat hbs_exp_t136 PPS_HH x hbs_car_t315 NR
urban,Cities,BG,2010,11938,1094,0.366867873910127,0.48505507791011,485.05507791011,Eurostat hbs_exp_t136 PPS_HH x hbs_car_t315 NR
urban,Rural areas,BG,2015,8906,986,0.332434254888739,0.24403110313346,244.03110313346,Eurostat hbs_exp_t136 PPS_HH x hbs_car_t315 NR
urban,Towns and suburbs,BG,2015,10703,687,0.231625084288604,0.2043373890801,204.3373890801,Eurostat hbs_exp_t136 PPS_HH x hbs_car_t315 NR
urban,Cities,BG,2015,15352,1293,0.435940660822657,0.551631507786441,551.631507786441,Eurostat hbs_exp_t136 PPS_HH x hbs_car_t315 NR
urban,Rural areas,BG,2020,9995,889,0.301151761517615,0.232413613580749,232.413613580749,Eurostat hbs_exp_t136 PPS_HH x hbs_car_t315 NR
urban,Towns and suburbs,BG,2020,12207,673,0.227981029810298,0.214882482433532,214.882482433532,Eurostat hbs_exp_t136 PPS_HH x hbs_car_t315 NR
urban,Cities,BG,2020,15202,1390,0.470867208672087,0.552703903985719,552.703903985719,Eurostat hbs_exp_t136 PPS_HH x hbs_car_t315 NR
urban,Rural areas,CY,2005,30108,937,0.313377926421405,0.27632930505842,276.32930505842,Eurostat hbs_exp_t136 PPS_HH x hbs_car_t315 NR
urban,Towns and suburbs,CY,2005,33489,308,0.103010033444816,0.101031858624755,101.031858624755,Eurostat hbs_exp_t136 PPS_HH x hbs_car_t315 NR
urban,Cities,CY,2005,36428,1745,0.583612040133779,0.622638836316825,622.638836316826,Eurostat hbs_exp_t136 PPS_HH x hbs_car_t315 NR
urban,Rural areas,CY,2010,38308,900,0.332471370520872,0.287269353780351,287.269353780351,Eurostat hbs_exp_t136 PPS_HH x hbs_car_t315 NR
urban,Towns and suburbs,CY,2010,50886,308,0.113779091244921,0.130588922755671,130.588922755671,Eurostat hbs_exp_t136 PPS_HH x hbs_car_t315 NR
urban,Cities,CY,2010,46609,1499,0.553749538234208,0.582141723463978,582.141723463978,Eurostat hbs_exp_t136 PPS_HH x hbs_car_t315 NR
urban,Rural areas,CY,2015,33034,766,0.2663421418637,0.24752313448103,247.52313448103,Eurostat hbs_exp_t136 PPS_HH x hbs_car_t315 NR
urban,Towns and suburbs,CY,2015,34779,612,0.212795549374131,0.208206543649657,208.206543649657,Eurostat hbs_exp_t136 PPS_HH x hbs_car_t315 NR
urban,Cities,CY,2015,37143,1498,0.52086230876217,0.544270321869314,544.270321869314,Eurostat hbs_exp_t136 PPS_HH x hbs_car_t315 NR
urban,Rural areas,CY,2020,31732,766,0.2663421418637,0.247522117122373,247.522117122373,Eurostat hbs_exp_t136 PPS_HH x hbs_car_t315 NR
urban,Towns and suburbs,CY,2020,33409,612,0.212795549374131,0.208210532279977,208.210532279977,Eurostat hbs_exp_t136 PPS_HH x hbs_car_t315 NR
urban,Cities,CY,2020,35679,1498,0.52086230876217,0.54426735059765,544.26735059765,Eurostat hbs_exp_t136 PPS_HH x hbs_car_t315 NR
urban,Rural areas,CZ,2005,11791,989,0.333670715249663,0.324042680725996,324.042680725996,Eurostat hbs_exp_t136 PPS_HH x hbs_car_t315 NR
urban,Towns and suburbs,CZ,2005,11779,724,0.244264507422402,0.236974858895271,236.974858895272,Eurostat hbs_exp_t136 PPS_HH x hbs_car_t315 NR
urban,Cities,CZ,2005,12628,1251,0.422064777327935,0.438982460378733,438.982460378733,Eurostat hbs_exp_t136 PPS_HH x hbs_car_t315 NR
urban,Rural areas,CZ,2010,12822,1099,0.374829467939973,0.365146942760898,365.146942760898,Eurostat hbs_exp_t136 PPS_HH x hbs_car_t315 NR
urban,Towns and suburbs,CZ,2010,12891,707,0.241132332878581,0.236167550970915,236.167550970915,Eurostat hbs_exp_t136 PPS_HH x hbs_car_t315 NR
urban,Cities,CZ,2010,13664,1126,0.384038199181446,0.398685506268188,398.685506268188,Eurostat hbs_exp_t136 PPS_HH x hbs_car_t315 NR
urban,Rural areas,CZ,2015,14992,976,0.333219528849437,0.331836836571459,331.836836571459,Eurostat hbs_exp_t136 PPS_HH x hbs_car_t315 NR
urban,Towns and suburbs,CZ,2015,14500,972,0.331853875042677,0.31963142464493,319.63142464493,Eurostat hbs_exp_t136 PPS_HH x hbs_car_t315 NR
urban,Cities,CZ,2015,15666,981,0.334926596107887,0.348531738783611,348.531738783611,Eurostat hbs_exp_t136 PPS_HH x hbs_car_t315 NR
urban,Rural areas,CZ,2020,17099,1354,0.369339879978178,0.369018856488195,369.018856488195,Eurostat hbs_exp_t136 PPS_HH x hbs_car_t315 NR
urban,Towns and suburbs,CZ,2020,16080,1363,0.371794871794872,0.349334181454461,349.334181454461,Eurostat hbs_exp_t136 PPS_HH x hbs_car_t315 NR
urban,Cities,CZ,2020,18620,949,0.25886524822695,0.281646962057344,281.646962057344,Eurostat hbs_exp_t136 PPS_HH x hbs_car_t315 NR
urban,Rural areas,DE,1988,15728,14917,0.340913246183381,0.318391498145207,318.391498145207,Eurostat hbs_exp_t136 PPS_HH x hbs_car_t315 NR
urban,Towns and suburbs,DE,1988,17112,11513,0.263118200932444,0.267359578869943,267.359578869943,Eurostat hbs_exp_t136 PPS_HH x hbs_car_t315 NR
urban,Cities,DE,1988,17618,17326,0.395968552884176,0.41424892298485,414.24892298485,Eurostat hbs_exp_t136 PPS_HH x hbs_car_t315 NR
urban,Rural areas,DE,1994,21218,5918,0.147916718738284,0.151842726197828,151.842726197828,Eurostat hbs_exp_t136 PPS_HH x hbs_car_t315 NR
urban,Towns and suburbs,DE,1994,21373,19473,0.486715489014972,0.503283782539911,503.283782539911,Eurostat hbs_exp_t136 PPS_HH x hbs_car_t315 NR
urban,Cities,DE,1994,19510,14618,0.365367792246744,0.344873491262261,344.873491262261,Eurostat hbs_exp_t136 PPS_HH x hbs_car_t315 NR
urban,Rural areas,DE,2005,28320,6238,0.1194630101308,0.118630359123131,118.630359123131,Eurostat hbs_exp_t136 PPS_HH x hbs_car_t315 NR
urban,Towns and suburbs,DE,2005,29918,18594,0.35609092824176,0.373561929687298,373.561929687298,Eurostat hbs_exp_t136 PPS_HH x hbs_car_t315 NR
urban,Cities,DE,2005,27614,27385,0.524446061627439,0.507807711189572,507.807711189572,Eurostat hbs_exp_t136 PPS_HH x hbs_car_t315 NR
urban,Rural areas,DE,2010,30421,5689,0.105359656270835,0.112730639425975,112.730639425975,Eurostat hbs_exp_t136 PPS_HH x hbs_car_t315 NR
urban,Towns and suburbs,DE,2010,29947,18985,0.351600118527298,0.370336463171667,370.336463171667,Eurostat hbs_exp_t136 PPS_HH x hbs_car_t315 NR
urban,Cities,DE,2010,27065,29322,0.543040225201867,0.516932897402358,516.932897402358,Eurostat hbs_exp_t136 PPS_HH x hbs_car_t315 NR
urban,Rural areas,DE,2015,33113,5735,0.109421506525223,0.117816109612285,117.816109612285,Eurostat hbs_exp_t136 PPS_HH x hbs_car_t315 NR
urban,Towns and suburbs,DE,2015,32521,18208,0.347401358467527,0.367365918017307,367.365918017307,Eurostat hbs_exp_t136 PPS_HH x hbs_car_t315 NR
urban,Cities,DE,2015,29148,28469,0.54317713500725,0.514817972370408,514.817972370408,Eurostat hbs_exp_t136 PPS_HH x hbs_car_t315 NR
urban,Rural areas,DE,2020,35128,5547,0.107221556423242,0.11703841192796,117.03841192796,Eurostat hbs_exp_t136 PPS_HH x hbs_car_t315 NR
urban,Towns and suburbs,DE,2020,34169,17381,0.33596860865195,0.356717042512522,356.717042512522,Eurostat hbs_exp_t136 PPS_HH x hbs_car_t315 NR
urban,Cities,DE,2020,30415,28806,0.556809834924808,0.526244545559519,526.244545559519,Eurostat hbs_exp_t136 PPS_HH x hbs_car_t315 NR
urban,Rural areas,DK,1994,18531,727,0.247700170357751,0.237273617382584,237.273617382584,Eurostat hbs_exp_t136 PPS_HH x hbs_car_t315 NR
urban,Towns and suburbs,DK,1994,20857,1235,0.420783645655877,0.453664695221625,453.664695221625,Eurostat hbs_exp_t136 PPS_HH x hbs_car_t315 NR
urban,Cities,DK,1994,18035,973,0.331516183986371,0.309061687395791,309.061687395791,Eurostat hbs_exp_t136 PPS_HH x hbs_car_t315 NR
urban,Rural areas,DK,1999,23988,292,0.107155963302752,0.110634367193882,110.634367193882,Eurostat hbs_exp_t136 PPS_HH x hbs_car_t315 NR
urban,Towns and suburbs,DK,1999,24814,552,0.20256880733945,0.216346074796393,216.346074796393,Eurostat hbs_exp_t136 PPS_HH x hbs_car_t315 NR
urban,Cities,DK,1999,22653,1881,0.690275229357798,0.673019558009725,673.019558009725,Eurostat hbs_exp_t136 PPS_HH x hbs_car_t315 NR
urban,Rural areas,DK,2005,24278,414,0.169048591261739,0.171141881178221,171.141881178221,Eurostat hbs_exp_t136 PPS_HH x hbs_car_t315 NR
urban,Towns and suburbs,DK,2005,24480,740,0.302164148632095,0.308451002728829,308.451002728829,Eurostat hbs_exp_t136 PPS_HH x hbs_car_t315 NR
urban,Cities,DK,2005,23601,1295,0.528787260106166,0.52040711609295,520.40711609295,Eurostat hbs_exp_t136 PPS_HH x hbs_car_t315 NR
urban,Rural areas,DK,2010,28717,1131,0.46013018714402,0.462641991839854,462.641991839854,Eurostat hbs_exp_t136 PPS_HH x hbs_car_t315 NR
urban,Towns and suburbs,DK,2010,31102,458,0.18633034987795,0.202907065970284,202.907065970284,Eurostat hbs_exp_t136 PPS_HH x hbs_car_t315 NR
urban,Cities,DK,2010,27019,869,0.353539462978031,0.334450942189862,334.450942189862,Eurostat hbs_exp_t136 PPS_HH x hbs_car_t315 NR
urban,Rural areas,DK,2015,29779,817,0.370521541950113,0.366767728338075,366.767728338075,Eurostat hbs_exp_t136 PPS_HH x hbs_car_t315 NR
urban,Towns and suburbs,DK,2015,30292,782,0.354648526077098,0.357103124677818,357.103124677818,Eurostat hbs_exp_t136 PPS_HH x hbs_car_t315 NR
urban,Cities,DK,2015,30226,606,0.274829931972789,0.276129146984108,276.129146984108,Eurostat hbs_exp_t136 PPS_HH x hbs_car_t315 NR
urban,Rural areas,DK,2020,28923,835,0.37410394265233,0.356540057353589,356.540057353589,Eurostat hbs_exp_t136 PPS_HH x hbs_car_t315 NR
urban,Towns and suburbs,DK,2020,33760,598,0.267921146953405,0.2980452047707,298.0452047707,Eurostat hbs_exp_t136 PPS_HH x hbs_car_t315 NR
urban,Cities,DK,2020,29283,799,0.357974910394265,0.345414737875711,345.414737875711,Eurostat hbs_exp_t136 PPS_HH x hbs_car_t315 NR
urban,Rural areas,EE,2005,10751,2284,0.665501165501166,0.661947908334848,661.947908334848,Eurostat hbs_exp_t136 PPS_HH x hbs_car_t315 NR
urban,Towns and suburbs,EE,2005,16183,23,0.0067016317016317,0.0100338065327774,10.0338065327774,Eurostat hbs_exp_t136 PPS_HH x hbs_car_t315 NR
urban,Cities,EE,2005,10816,1125,0.327797202797203,0.328018285132374,328.018285132374,Eurostat hbs_exp_t136 PPS_HH x hbs_car_t315 NR
urban,Rural areas,EE,2010,9514,2563,0.705671806167401,0.666585367707211,666.585367707211,Eurostat hbs_exp_t136 PPS_HH x hbs_car_t315 NR
urban,Towns and suburbs,EE,2010,12473,76,0.0209251101321586,0.0259136469461197,25.9136469461197,Eurostat hbs_exp_t136 PPS_HH x hbs_car_t315 NR
urban,Cities,EE,2010,11328,993,0.273403083700441,0.307500985346669,307.500985346669,Eurostat hbs_exp_t136 PPS_HH x hbs_car_t315 NR
urban,Rural areas,EE,2015,15001,2165,0.637702503681885,0.598598773226181,598.598773226181,Eurostat hbs_exp_t136 PPS_HH x hbs_car_t315 NR
urban,Towns and suburbs,EE,2015,16773,94,0.0276877761413844,0.0290600469281212,29.0600469281212,Eurostat hbs_exp_t136 PPS_HH x hbs_car_t315 NR
urban,Cities,EE,2015,17783,1136,0.33460972017673,0.372341179845698,372.341179845698,Eurostat hbs_exp_t136 PPS_HH x hbs_car_t315 NR
urban,Rural areas,EE,2020,16321,2110,0.420235012945628,0.391980165073874,391.980165073874,Eurostat hbs_exp_t136 PPS_HH x hbs_car_t315 NR
urban,Towns and suburbs,EE,2020,20737,418,0.0832503485361482,0.0986636279532646,98.6636279532646,Eurostat hbs_exp_t136 PPS_HH x hbs_car_t315 NR
urban,Cities,EE,2020,17950,2493,0.496514638518223,0.509356206972861,509.356206972861,Eurostat hbs_exp_t136 PPS_HH x hbs_car_t315 NR
urban,Rural areas,EL,1988,17207,335,0.103843769373838,0.10416952043469,104.16952043469,Eurostat hbs_exp_t136 PPS_HH x hbs_car_t315 NR
urban,Towns and suburbs,EL,1988,15865,579,0.179479231246125,0.166000478240319,166.000478240319,Eurostat hbs_exp_t136 PPS_HH x hbs_car_t315 NR
urban,Cities,EL,1988,17468,2312,0.716676999380037,0.729830001324992,729.830001324992,Eurostat hbs_exp_t136 PPS_HH x hbs_car_t315 NR
urban,Rural areas,EL,2005,30190,3582,0.546453089244851,0.532745903085773,532.745903085773,Eurostat hbs_exp_t136 PPS_HH x hbs_car_t315 NR
urban,Towns and suburbs,EL,2005,28408,198,0.0302059496567506,0.0277100477151353,27.7100477151353,Eurostat hbs_exp_t136 PPS_HH x hbs_car_t315 NR
urban,Cities,EL,2005,32152,2775,0.423340961098398,0.439544049199091,439.544049199091,Eurostat hbs_exp_t136 PPS_HH x hbs_car_t315 NR
urban,Rural areas,EL,2010,27345,1572,0.447608200455581,0.412244684666814,412.244684666814,Eurostat hbs_exp_t136 PPS_HH x hbs_car_t315 NR
urban,Towns and suburbs,EL,2010,33617,451,0.128416856492027,0.145398555298366,145.398555298366,Eurostat hbs_exp_t136 PPS_HH x hbs_car_t315 NR
urban,Cities,EL,2010,30978,1489,0.423974943052392,0.442356760034819,442.356760034819,Eurostat hbs_exp_t136 PPS_HH x hbs_car_t315 NR
urban,Rural areas,EL,2015,22062,1891,0.307479674796748,0.281059857985122,281.059857985122,Eurostat hbs_exp_t136 PPS_HH x hbs_car_t315 NR
urban,Towns and suburbs,EL,2015,26066,1852,0.301138211382114,0.325220405257144,325.220405257144,Eurostat hbs_exp_t136 PPS_HH x hbs_car_t315 NR
urban,Cities,EL,2015,24280,2407,0.391382113821138,0.393719736757734,393.719736757734,Eurostat hbs_exp_t136 PPS_HH x hbs_car_t315 NR
urban,Rural areas,EL,2020,19449,1954,0.312340153452685,0.272371314111216,272.371314111216,Eurostat hbs_exp_t136 PPS_HH x hbs_car_t315 NR
urban,Towns and suburbs,EL,2020,23757,1871,0.299072890025575,0.318570029433078,318.570029433078,Eurostat hbs_exp_t136 PPS_HH x hbs_car_t315 NR
urban,Cities,EL,2020,23478,2431,0.388586956521739,0.409058656455706,409.058656455706,Eurostat hbs_exp_t136 PPS_HH x hbs_car_t315 NR
urban,Rural areas,ES,1994,16953,1055,0.36682892906815,0.319781612374247,319.781612374247,Eurostat hbs_exp_t136 PPS_HH x hbs_car_t315 NR
urban,Towns and suburbs,ES,1994,19294,468,0.162726008344924,0.161444254373835,161.444254373835,Eurostat hbs_exp_t136 PPS_HH x hbs_car_t315 NR
urban,Cities,ES,1994,21445,1353,0.470445062586926,0.518774133251918,518.774133251917,Eurostat hbs_exp_t136 PPS_HH x hbs_car_t315 NR
urban,Rural areas,ES,1999,17382,3169,0.320392275806289,0.27528535296954,275.28535296954,Eurostat hbs_exp_t136 PPS_HH x hbs_car_t315 NR
urban,Towns and suburbs,ES,1999,19622,1766,0.178546153068446,0.173178945341186,173.178945341186,Eurostat hbs_exp_t136 PPS_HH x hbs_car_t315 NR
urban,Cities,ES,1999,22268,4956,0.501061571125265,0.551535701689274,551.535701689274,Eurostat hbs_exp_t136 PPS_HH x hbs_car_t315 NR
urban,Rural areas,ES,2005,22467,2844,0.320234207859475,0.277731684144019,277.731684144019,Eurostat hbs_exp_t136 PPS_HH x hbs_car_t315 NR
urban,Towns and suburbs,ES,2005,25853,1637,0.184326089404346,0.183954482918078,183.954482918078,Eurostat hbs_exp_t136 PPS_HH x hbs_car_t315 NR
urban,Cities,ES,2005,28147,4400,0.495439702736178,0.538313832937903,538.313832937903,Eurostat hbs_exp_t136 PPS_HH x hbs_car_t315 NR
urban,Rural areas,ES,2010,27788,6964,0.31365130838175,0.284746566965842,284.746566965842,Eurostat hbs_exp_t136 PPS_HH x hbs_car_t315 NR
urban,Towns and suburbs,ES,2010,30798,4790,0.215736612169527,0.217070332827134,217.070332827134,Eurostat hbs_exp_t136 PPS_HH x hbs_car_t315 NR
urban,Cities,ES,2010,32402,10449,0.470612079448723,0.498183100207024,498.183100207024,Eurostat hbs_exp_t136 PPS_HH x hbs_car_t315 NR
urban,Rural areas,ES,2015,27886,6393,0.288883868052418,0.267740893652345,267.740893652345,Eurostat hbs_exp_t136 PPS_HH x hbs_car_t315 NR
urban,Towns and suburbs,ES,2015,30308,5235,0.236556710347944,0.238285571334538,238.285571334538,Eurostat hbs_exp_t136 PPS_HH x hbs_car_t315 NR
urban,Cities,ES,2015,31319,10502,0.474559421599639,0.493973535013117,493.973535013117,Eurostat hbs_exp_t136 PPS_HH x hbs_car_t315 NR
urban,Rural areas,ES,2020,25071,5358,0.279499217527387,0.254336502447553,254.336502447553,Eurostat hbs_exp_t136 PPS_HH x hbs_car_t315 NR
urban,Towns and suburbs,ES,2020,27828,4698,0.245070422535211,0.247530851434849,247.530851434849,Eurostat hbs_exp_t136 PPS_HH x hbs_car_t315 NR
urban,Cities,ES,2020,28867,9114,0.475430359937402,0.498132646117598,498.132646117599,Eurostat hbs_exp_t136 PPS_HH x hbs_car_t315 NR
urban,Rural areas,EU15,2005,26425,548656.5,0.138500799680234,0.13114647115583,131.14647115583,Eurostat hbs_exp_t136 PPS_HH x hbs_car_t315 NR
urban,Towns and suburbs,EU15,2005,26777,628677.4,0.158700977097492,0.152275786586369,152.275786586369,Eurostat hbs_exp_t136 PPS_HH x hbs_car_t315 NR
urban,Cities,EU15,2005,28454,2784062,0.702798223222274,0.716577742257801,716.577742257801,Eurostat hbs_exp_t136 PPS_HH x hbs_car_t315 NR
urban,Rural areas,EU15,2010,28328,35694,0.216808192718394,0.21858604532793,218.58604532793,Eurostat hbs_exp_t136 PPS_HH x hbs_car_t315 NR
urban,Towns and suburbs,EU15,2010,28101,50896,0.309146348870829,0.309183797135501,309.183797135501,Eurostat hbs_exp_t136 PPS_HH x hbs_car_t315 NR
urban,Cities,EU15,2010,27990,78044,0.474045458410778,0.472230157536569,472.230157536569,Eurostat hbs_exp_t136 PPS_HH x hbs_car_t315 NR
urban,Rural areas,EU25,2005,23779,584206.83,0.144713544967524,0.13622721990539,136.22721990539,Eurostat hbs_exp_t136 PPS_HH x hbs_car_t315 NR
urban,Towns and suburbs,EU25,2005,24347,640396.37,0.158632224287816,0.152896658465355,152.896658465355,Eurostat hbs_exp_t136 PPS_HH x hbs_car_t315 NR
urban,Cities,EU25,2005,25776,2812384.7,0.69665423074466,0.710876121629256,710.876121629256,Eurostat hbs_exp_t136 PPS_HH x hbs_car_t315 NR
urban,Rural areas,EU25,2010,26071,73246,0.299019407725532,0.298408488014749,298.408488014749,Eurostat hbs_exp_t136 PPS_HH x hbs_car_t315 NR
urban,Towns and suburbs,EU25,2010,26055,62594,0.255533692040138,0.254855114147509,254.855114147509,Eurostat hbs_exp_t136 PPS_HH x hbs_car_t315 NR
urban,Cities,EU25,2010,26200,109114,0.44544690023433,0.446736397837742,446.736397837742,Eurostat hbs_exp_t136 PPS_HH x hbs_car_t315 NR
urban,Rural areas,EU27_2007,2005,23467,585693.83,0.144978819675811,0.136291504698267,136.291504698267,Eurostat hbs_exp_t136 PPS_HH x hbs_car_t315 NR
urban,Towns and suburbs,EU27_2007,2005,24050,640579.37,0.158564827243057,0.152766663213307,152.766663213307,Eurostat hbs_exp_t136 PPS_HH x hbs_car_t315 NR
urban,Cities,EU27_2007,2005,25482,2813584.7,0.696456353081132,0.710941832088426,710.941832088426,Eurostat hbs_exp_t136 PPS_HH x hbs_car_t315 NR
urban,Rural areas,EU27_2007,2010,25774,74366,0.299940307176045,0.298880663918524,298.880663918524,Eurostat hbs_exp_t136 PPS_HH x hbs_car_t315 NR
urban,Towns and suburbs,EU27_2007,2010,25775,63362,0.25555788590604,0.254664919265984,254.664919265984,Eurostat hbs_exp_t136 PPS_HH x hbs_car_t315 NR
urban,Cities,EU27_2007,2010,25979,110208,0.444501806917914,0.446454416815492,446.454416815492,Eurostat hbs_exp_t136 PPS_HH x hbs_car_t315 NR
urban,Rural areas,EU27_2020,2015,26410,84892,0.304046818310429,0.297429525856139,297.429525856139,Eurostat hbs_exp_t136 PPS_HH x hbs_car_t315 NR
urban,Towns and suburbs,EU27_2020,2015,27299,78442,0.280945678296031,0.284082387250551,284.082387250551,Eurostat hbs_exp_t136 PPS_HH x hbs_car_t315 NR
urban,Cities,EU27_2020,2015,27224,115873,0.41500750339354,0.41848808689331,418.48808689331,Eurostat hbs_exp_t136 PPS_HH x hbs_car_t315 NR
urban,Rural areas,EU27_2020,2020,26319,71989,0.26988959079236,0.265674280155671,265.674280155671,Eurostat hbs_exp_t136 PPS_HH x hbs_car_t315 NR
urban,Towns and suburbs,EU27_2020,2020,26794,83022,0.311252741484994,0.311921084384829,311.921084384829,Eurostat hbs_exp_t136 PPS_HH x hbs_car_t315 NR
urban,Cities,EU27_2020,2020,26963,111724,0.418857667722646,0.422404635459501,422.404635459501,Eurostat hbs_exp_t136 PPS_HH x hbs_car_t315 NR
urban,Rural areas,FI,1994,15449,1234,0.274649454707323,0.265284396509797,265.284396509797,Eurostat hbs_exp_t136 PPS_HH x hbs_car_t315 NR
urban,Towns and suburbs,FI,1994,16399,645,0.143556643667928,0.147188288051714,147.188288051714,Eurostat hbs_exp_t136 PPS_HH x hbs_car_t315 NR
urban,Cities,FI,1994,16152,2614,0.58179390162475,0.58752731543849,587.52731543849,Eurostat hbs_exp_t136 PPS_HH x hbs_car_t315 NR
urban,Rural areas,FI,1999,16685,1220,0.279880706584079,0.257284451263558,257.284451263558,Eurostat hbs_exp_t136 PPS_HH x hbs_car_t315 NR
urban,Towns and suburbs,FI,1999,19608,717,0.164487267721955,0.177696941599133,177.696941599133,Eurostat hbs_exp_t136 PPS_HH x hbs_car_t315 NR
urban,Cities,FI,1999,18457,2422,0.555632025693967,0.565018607137309,565.018607137309,Eurostat hbs_exp_t136 PPS_HH x hbs_car_t315 NR
urban,Rural areas,FI,2005,23332,2471,0.616670826054405,0.594933839744971,594.933839744971,Eurostat hbs_exp_t136 PPS_HH x hbs_car_t315 NR
urban,Towns and suburbs,FI,2005,25045,633,0.157973546293986,0.163594502406369,163.594502406369,Eurostat hbs_exp_t136 PPS_HH x hbs_car_t315 NR
urban,Cities,FI,2005,25914,903,0.22535562765161,0.24147165784866,241.47165784866,Eurostat hbs_exp_t136 PPS_HH x hbs_car_t315 NR
urban,Rural areas,FI,2010,30099,783,0.220999153259949,0.243996158803881,243.996158803881,Eurostat hbs_exp_t136 PPS_HH x hbs_car_t315 NR
urban,Towns and suburbs,FI,2010,29843,533,0.150437482359582,0.164679237813181,164.679237813181,Eurostat hbs_exp_t136 PPS_HH x hbs_car_t315 NR
urban,Cities,FI,2010,25647,2227,0.628563364380469,0.591324603382938,591.324603382938,Eurostat hbs_exp_t136 PPS_HH x hbs_car_t315 NR
urban,Rural areas,FI,2015,30848,1197,0.325891641709774,0.32670589278503,326.70589278503,Eurostat hbs_exp_t136 PPS_HH x hbs_car_t315 NR
urban,Towns and suburbs,FI,2015,30237,1223,0.332970323985843,0.327190708553357,327.190708553357,Eurostat hbs_exp_t136 PPS_HH x hbs_car_t315 NR
urban,Cities,FI,2015,31219,1253,0.341138034304383,0.346103398661613,346.103398661613,Eurostat hbs_exp_t136 PPS_HH x hbs_car_t315 NR
urban,Rural areas,FI,2020,29838,954,0.304015296367113,0.31433120139221,314.33120139221,Eurostat hbs_exp_t136 PPS_HH x hbs_car_t315 NR
urban,Towns and suburbs,FI,2020,27443,1035,0.329827915869981,0.313647148494239,313.647148494239,Eurostat hbs_exp_t136 PPS_HH x hbs_car_t315 NR
urban,Cities,FI,2020,29321,1149,0.366156787762906,0.372021650113552,372.021650113552,Eurostat hbs_exp_t136 PPS_HH x hbs_car_t315 NR
urban,Rural areas,FR,1988,15950,1173,0.222159090909091,0.230014522768319,230.014522768319,Eurostat hbs_exp_t136 PPS_HH x hbs_car_t315 NR
urban,Towns and suburbs,FR,1988,15549,1530,0.289772727272727,0.292476146751364,292.476146751364,Eurostat hbs_exp_t136 PPS_HH x hbs_car_t315 NR
urban,Cities,FR,1988,15072,2577,0.488068181818182,0.477509330480317,477.509330480317,Eurostat hbs_exp_t136 PPS_HH x hbs_car_t315 NR
urban,Rural areas,FR,1999,23023,2354,0.233694033555048,0.218111894038303,218.111894038303,Eurostat hbs_exp_t136 PPS_HH x hbs_car_t315 NR
urban,Towns and suburbs,FR,1999,25244,2483,0.246500546014097,0.252258534374173,252.258534374173,Eurostat hbs_exp_t136 PPS_HH x hbs_car_t315 NR
urban,Cities,FR,1999,25134,5236,0.519805420430855,0.529629571587524,529.629571587524,Eurostat hbs_exp_t136 PPS_HH x hbs_car_t315 NR
urban,Rural areas,FR,2005,28610,4564,0.445703125,0.457261773022387,457.261773022387,Eurostat hbs_exp_t136 PPS_HH x hbs_car_t315 NR
urban,Towns and suburbs,FR,2005,25596,1339,0.13076171875,0.120020126711717,120.020126711717,Eurostat hbs_exp_t136 PPS_HH x hbs_car_t315 NR
urban,Cities,FR,2005,27833,4337,0.42353515625,0.422718100265896,422.718100265896,Eurostat hbs_exp_t136 PPS_HH x hbs_car_t315 NR
urban,Rural areas,FR,2010,29258,4805,0.304171678166741,0.324582986767859,324.582986767859,Eurostat hbs_exp_t136 PPS_HH x hbs_car_t315 NR
urban,Towns and suburbs,FR,2010,25605,4790,0.303222130784326,0.283170506916188,283.170506916188,Eurostat hbs_exp_t136 PPS_HH x hbs_car_t315 NR
urban,Cities,FR,2010,27393,6202,0.392606191048933,0.392246506315953,392.246506315953,Eurostat hbs_exp_t136 PPS_HH x hbs_car_t315 NR
urban,Rural areas,FR,2015,30074,5116,0.301331134409236,0.306703402840388,306.703402840388,Eurostat hbs_exp_t136 PPS_HH x hbs_car_t315 NR
urban,Towns and suburbs,FR,2015,28658,5207,0.30669101189775,0.297461195662306,297.461195662306,Eurostat hbs_exp_t136 PPS_HH x hbs_car_t315 NR
urban,Cities,FR,2015,29838,6655,0.391977853693015,0.395835401497307,395.835401497307,Eurostat hbs_exp_t136 PPS_HH x hbs_car_t315 NR
urban,Rural areas,FR,2017,27051,,,0.196513021684646,196.513021684646,Insee Les depenses des menages en 2017 TF101/TF102/TF106
urban,Small towns,FR,2017,26582,,,0.19310595328902,193.10595328902,Insee Les depenses des menages en 2017 TF101/TF102/TF106
urban,Medium-sized towns,FR,2017,25426,,,0.184708147179543,184.708147179543,Insee Les depenses des menages en 2017 TF101/TF102/TF106
urban,Large cities,FR,2017,26824,,,0.19486397152301,194.86397152301,Insee Les depenses des menages en 2017 TF101/TF102/TF106
urban,Paris,FR,2017,31772,,,0.23080890632378,230.80890632378,Insee Les depenses des menages en 2017 TF101/TF102/TF106
urban,Rural areas,FR,2020,29358,5116,0.301331134409236,0.30670087442982,306.70087442982,Eurostat hbs_exp_t136 PPS_HH x hbs_car_t315 NR
urban,Towns and suburbs,FR,2020,27976,5207,0.30669101189775,0.297461805210966,297.461805210966,Eurostat hbs_exp_t136 PPS_HH x hbs_car_t315 NR
urban,Cities,FR,2020,29128,6655,0.391977853693015,0.395837320359214,395.837320359214,Eurostat hbs_exp_t136 PPS_HH x hbs_car_t315 NR
urban,Rural areas,HR,2005,14849,1398,0.512651265126513,0.455990803786927,455.990803786927,Eurostat hbs_exp_t136 PPS_HH x hbs_car_t315 NR
urban,Towns and suburbs,HR,2005,17453,532,0.195086175284195,0.203954563165162,203.954563165162,Eurostat hbs_exp_t136 PPS_HH x hbs_car_t315 NR
urban,Cities,HR,2005,19424,797,0.292262559589292,0.340054633047911,340.054633047911,Eurostat hbs_exp_t136 PPS_HH x hbs_car_t315 NR
urban,Rural areas,HR,2010,15706,1816,0.524703842819994,0.481275149081402,481.275149081402,Eurostat hbs_exp_t136 PPS_HH x hbs_car_t315 NR
urban,Towns and suburbs,HR,2010,18304,681,0.196763941057498,0.210331887386651,210.331887386651,Eurostat hbs_exp_t136 PPS_HH x hbs_car_t315 NR
urban,Cities,HR,2010,18959,964,0.278532216122508,0.308392963531946,308.392963531946,Eurostat hbs_exp_t136 PPS_HH x hbs_car_t315 NR
urban,Rural areas,HR,2015,18121,866,0.426811237062592,0.385182450305313,385.182450305313,Eurostat hbs_exp_t136 PPS_HH x hbs_car_t315 NR
urban,Towns and suburbs,HR,2015,20752,594,0.29275505174963,0.302560927549072,302.560927549072,Eurostat hbs_exp_t136 PPS_HH x hbs_car_t315 NR
urban,Cities,HR,2015,22358,569,0.280433711187777,0.312256622145615,312.256622145615,Eurostat hbs_exp_t136 PPS_HH x hbs_car_t315 NR
urban,Rural areas,HR,2020,20056,748,0.413488114980652,0.383851093525779,383.851093525779,Eurostat hbs_exp_t136 PPS_HH x hbs_car_t315 NR
urban,Towns and suburbs,HR,2020,20929,548,0.302929795467109,0.293457963820805,293.457963820805,Eurostat hbs_exp_t136 PPS_HH x hbs_car_t315 NR
urban,Cities,HR,2020,24584,513,0.283582089552239,0.322690942653416,322.690942653416,Eurostat hbs_exp_t136 PPS_HH x hbs_car_t315 NR
urban,Rural areas,HU,2005,9548,2859,0.315632589975712,0.282145677652809,282.145677652809,Eurostat hbs_exp_t136 PPS_HH x hbs_car_t315 NR
urban,Towns and suburbs,HU,2005,10448,2972,0.3281077500552,0.320943662837132,320.943662837132,Eurostat hbs_exp_t136 PPS_HH x hbs_car_t315 NR
urban,Cities,HU,2005,11900,3227,0.356259659969088,0.396910659510059,396.910659510059,Eurostat hbs_exp_t136 PPS_HH x hbs_car_t315 NR
urban,Rural areas,HU,2010,11758,4528,0.455670725571098,0.397467500636177,397.467500636177,Eurostat hbs_exp_t136 PPS_HH x hbs_car_t315 NR
urban,Towns and suburbs,HU,2010,14052,2063,0.20760792995874,0.216420860231022,216.420860231022,Eurostat hbs_exp_t136 PPS_HH x hbs_car_t315 NR
urban,Cities,HU,2010,15457,3346,0.336721344470162,0.386111639132801,386.111639132801,Eurostat hbs_exp_t136 PPS_HH x hbs_car_t315 NR
urban,Rural areas,HU,2015,14125,3826,0.53249826026444,0.481042498531119,481.042498531119,Eurostat hbs_exp_t136 PPS_HH x hbs_car_t315 NR
urban,Towns and suburbs,HU,2015,15746,1447,0.201391788448156,0.202809737347489,202.809737347489,Eurostat hbs_exp_t136 PPS_HH x hbs_car_t315 NR
urban,Cities,HU,2015,18576,1912,0.266109951287404,0.316147764121392,316.147764121392,Eurostat hbs_exp_t136 PPS_HH x hbs_car_t315 NR
urban,Rural areas,HU,2020,21738,1868,0.342752293577982,0.340141538928767,340.141538928767,Eurostat hbs_exp_t136 PPS_HH x hbs_car_t315 NR
urban,Towns and suburbs,HU,2020,21709,1921,0.352477064220184,0.349325588589019,349.325588589019,Eurostat hbs_exp_t136 PPS_HH x hbs_car_t315 NR
urban,Cities,HU,2020,22319,1661,0.304770642201835,0.310532872482213,310.532872482213,Eurostat hbs_exp_t136 PPS_HH x hbs_car_t315 NR
urban,Rural areas,IE,2010,31739,1869,0.317263622474962,0.301833287865982,301.833287865982,Eurostat hbs_exp_t136 PPS_HH x hbs_car_t315 NR
urban,Towns and suburbs,IE,2010,30596,1693,0.287387540315736,0.263564069264411,263.564069264411,Eurostat hbs_exp_t136 PPS_HH x hbs_car_t315 NR
urban,Cities,IE,2010,36674,2329,0.395348837209302,0.434602642869607,434.602642869607,Eurostat hbs_exp_t136 PPS_HH x hbs_car_t315 NR
urban,Rural areas,IE,2015,33191,2495,0.364819418043574,0.357626083223301,357.626083223301,Eurostat hbs_exp_t136 PPS_HH x hbs_car_t315 NR
urban,Towns and suburbs,IE,2015,31623,1361,0.199005702588098,0.185865802964038,185.865802964038,Eurostat hbs_exp_t136 PPS_HH x hbs_car_t315 NR
urban,Cities,IE,2015,35437,2983,0.436174879368329,0.456508113812661,456.508113812661,Eurostat hbs_exp_t136 PPS_HH x hbs_car_t315 NR
urban,Rural areas,IE,2020,33882,624,0.359240069084629,0.365826749391237,365.826749391237,Eurostat hbs_exp_t136 PPS_HH x hbs_car_t315 NR
urban,Towns and suburbs,IE,2020,31006,625,0.359815774323546,0.335310837450442,335.310837450442,Eurostat hbs_exp_t136 PPS_HH x hbs_car_t315 NR
urban,Cities,IE,2020,35394,488,0.280944156591825,0.298862413158321,298.862413158321,Eurostat hbs_exp_t136 PPS_HH x hbs_car_t315 NR
urban,Rural areas,IT,1988,18481,2378,0.0690335878305803,0.0745556205444051,74.5556205444051,Eurostat hbs_exp_t136 PPS_HH x hbs_car_t315 NR
urban,Towns and suburbs,IT,1988,16947,3703,0.107498475919529,0.106460772577115,106.460772577115,Eurostat hbs_exp_t136 PPS_HH x hbs_car_t315 NR
urban,Cities,IT,1988,17019,28366,0.823467936249891,0.81898360687848,818.98360687848,Eurostat hbs_exp_t136 PPS_HH x hbs_car_t315 NR
urban,Rural areas,IT,1994,23591,2001,0.0589778354161754,0.0610136979291008,61.0136979291008,Eurostat hbs_exp_t136 PPS_HH x hbs_car_t315 NR
urban,Towns and suburbs,IT,1994,23630,2961,0.0872730488092431,0.0904348947266318,90.4348947266318,Eurostat hbs_exp_t136 PPS_HH x hbs_car_t315 NR
urban,Cities,IT,1994,22665,28966,0.853749115774581,0.848551407344267,848.551407344267,Eurostat hbs_exp_t136 PPS_HH x hbs_car_t315 NR
urban,Rural areas,IT,1999,24237,3942,0.188351091786516,0.169201688483922,169.201688483922,Eurostat hbs_exp_t136 PPS_HH x hbs_car_t315 NR
urban,Towns and suburbs,IT,1999,26513,7679,0.366907162310669,0.360556018413165,360.556018413165,Eurostat hbs_exp_t136 PPS_HH x hbs_car_t315 NR
urban,Cities,IT,1999,28527,9308,0.444741745902814,0.470242293102913,470.242293102913,Eurostat hbs_exp_t136 PPS_HH x hbs_car_t315 NR
urban,Rural areas,IT,2005,27713,3950,0.163852822831543,0.158008216678137,158.008216678137,Eurostat hbs_exp_t136 PPS_HH x hbs_car_t315 NR
urban,Towns and suburbs,IT,2005,29001,9822,0.407433525532003,0.41116102234953,411.16102234953,Eurostat hbs_exp_t136 PPS_HH x hbs_car_t315 NR
urban,Cities,IT,2005,28880,10335,0.428713651636454,0.430830760972333,430.830760972333,Eurostat hbs_exp_t136 PPS_HH x hbs_car_t315 NR
urban,Rural areas,IT,2010,24874,3961,0.180719043708368,0.160226338284967,160.226338284967,Eurostat hbs_exp_t136 PPS_HH x hbs_car_t315 NR
urban,Towns and suburbs,IT,2010,28498,8423,0.384296012409891,0.390359378724181,390.359378724181,Eurostat hbs_exp_t136 PPS_HH x hbs_car_t315 NR
urban,Cities,IT,2010,28986,9534,0.434984943881741,0.449414282990852,449.414282990852,Eurostat hbs_exp_t136 PPS_HH x hbs_car_t315 NR
urban,Rural areas,IT,2015,26857,3813,0.253979884100446,0.232039939538857,232.039939538857,Eurostat hbs_exp_t136 PPS_HH x hbs_car_t315 NR
urban,Towns and suburbs,IT,2015,30127,6827,0.45473922600413,0.466041111637401,466.041111637401,Eurostat hbs_exp_t136 PPS_HH x hbs_car_t315 NR
urban,Cities,IT,2015,30470,4373,0.291280889895424,0.301918948823741,301.918948823741,Eurostat hbs_exp_t136 PPS_HH x hbs_car_t315 NR
urban,Rural areas,IT,2020,24902,4654,0.181315256350319,0.165533726570158,165.533726570158,Eurostat hbs_exp_t136 PPS_HH x hbs_car_t315 NR
urban,Towns and suburbs,IT,2020,26763,11268,0.438990182328191,0.430732376126737,430.732376126737,Eurostat hbs_exp_t136 PPS_HH x hbs_car_t315 NR
urban,Cities,IT,2020,29003,9746,0.37969456132149,0.403733897303105,403.733897303105,Eurostat hbs_exp_t136 PPS_HH x hbs_car_t315 NR
urban,Rural areas,LT,2010,12399,3906,0.64001310830739,0.560423568973939,560.423568973939,Eurostat hbs_exp_t136 PPS_HH x hbs_car_t315 NR
urban,Towns and suburbs,LT,2010,13301,54,0.0088481074881206,0.00831142606370705,8.31142606370705,Eurostat hbs_exp_t136 PPS_HH x hbs_car_t315 NR
urban,Cities,LT,2010,17391,2143,0.35113878420449,0.431265004962354,431.265004962354,Eurostat hbs_exp_t136 PPS_HH x hbs_car_t315 NR
urban,Rural areas,LT,2015,13045,1992,0.578565204763288,0.473517959910736,473.517959910736,Eurostat hbs_exp_t136 PPS_HH x hbs_car_t315 NR
urban,Towns and suburbs,LT,2015,14270,63,0.0182979959337787,0.0163820241156019,16.3820241156019,Eurostat hbs_exp_t136 PPS_HH x hbs_car_t315 NR
urban,Cities,LT,2015,20168,1388,0.403136799302933,0.510100015973663,510.100015973663,Eurostat hbs_exp_t136 PPS_HH x hbs_car_t315 NR
urban,Rural areas,LT,2020,14674,1953,0.450622981079834,0.391506050761991,391.506050761991,Eurostat hbs_exp_t136 PPS_HH x hbs_car_t315 NR
urban,Towns and suburbs,LT,2020,15104,778,0.179510844485464,0.16053114170368,160.53114170368,Eurostat hbs_exp_t136 PPS_HH x hbs_car_t315 NR
urban,Cities,LT,2020,20456,1603,0.369866174434702,0.447962807534329,447.962807534329,Eurostat hbs_exp_t136 PPS_HH x hbs_car_t315 NR
urban,Rural areas,LU,1988,26178,745,0.269634455302208,0.264835210080186,264.835210080186,Eurostat hbs_exp_t136 PPS_HH x hbs_car_t315 NR
urban,Towns and suburbs,LU,1988,26171,1396,0.505247918928701,0.496122272202537,496.122272202537,Eurostat hbs_exp_t136 PPS_HH x hbs_car_t315 NR
urban,Cities,LU,1988,28301,622,0.225117625769092,0.239042517717277,239.042517717277,Eurostat hbs_exp_t136 PPS_HH x hbs_car_t315 NR
urban,Rural areas,LU,1999,45014,780,0.260869565217391,0.270616777822171,270.616777822171,Eurostat hbs_exp_t136 PPS_HH x hbs_car_t315 NR
urban,Towns and suburbs,LU,1999,44194,1392,0.465551839464883,0.474149236980109,474.149236980109,Eurostat hbs_exp_t136 PPS_HH x hbs_car_t315 NR
urban,Cities,LU,1999,40483,818,0.273578595317726,0.25523398519772,255.23398519772,Eurostat hbs_exp_t136 PPS_HH x hbs_car_t315 NR
urban,Rural areas,LU,2005,51787,658,0.205496564647096,0.204443195397029,204.443195397029,Eurostat hbs_exp_t136 PPS_HH x hbs_car_t315 NR
urban,Towns and suburbs,LU,2005,56573,1250,0.390381011867583,0.424272844656451,424.272844656451,Eurostat hbs_exp_t136 PPS_HH x hbs_car_t315 NR
urban,Cities,LU,2005,47824,1294,0.404122423485322,0.37128395994652,371.28395994652,Eurostat hbs_exp_t136 PPS_HH x hbs_car_t315 NR
urban,Rural areas,LU,2010,39875,645,0.184707903780069,0.162775134635775,162.775134635775,Eurostat hbs_exp_t136 PPS_HH x hbs_car_t315 NR
urban,Towns and suburbs,LU,2010,50147,1265,0.362256586483391,0.401479278399027,401.479278399027,Eurostat hbs_exp_t136 PPS_HH x hbs_car_t315 NR
urban,Cities,LU,2010,43521,1582,0.453035509736541,0.435745586965197,435.745586965197,Eurostat hbs_exp_t136 PPS_HH x hbs_car_t315 NR
urban,Rural areas,LU,2015,51034,615,0.194190085254184,0.197931839056548,197.931839056548,Eurostat hbs_exp_t136 PPS_HH x hbs_car_t315 NR
urban,Towns and suburbs,LU,2015,55037,1351,0.426586675086833,0.468911665136862,468.911665136862,Eurostat hbs_exp_t136 PPS_HH x hbs_car_t315 NR
urban,Cities,LU,2015,43987,1201,0.379223239658983,0.33315649580659,333.15649580659,Eurostat hbs_exp_t136 PPS_HH x hbs_car_t315 NR
urban,Rural areas,LU,2020,59740,453,0.321961620469083,0.383408071939475,383.408071939475,Eurostat hbs_exp_t136 PPS_HH x hbs_car_t315 NR
urban,Towns and suburbs,LU,2020,45633,842,0.598436389481166,0.544363432874962,544.363432874962,Eurostat hbs_exp_t136 PPS_HH x hbs_car_t315 NR
urban,Cities,LU,2020,45519,112,0.0796019900497513,0.0722284951855632,72.2284951855632,Eurostat hbs_exp_t136 PPS_HH x hbs_car_t315 NR
urban,Rural areas,LV,2005,8950,2031,0.538155802861685,0.459067784881671,459.067784881671,Eurostat hbs_exp_t136 PPS_HH x hbs_car_t315 NR
urban,Towns and suburbs,LV,2005,15634,31,0.00821409644939057,0.0122398377227852,12.2398377227852,Eurostat hbs_exp_t136 PPS_HH x hbs_car_t315 NR
urban,Cities,LV,2005,12228,1712,0.453630100688924,0.528692377395544,528.692377395544,Eurostat hbs_exp_t136 PPS_HH x hbs_car_t315 NR
urban,Rural areas,LV,2015,13104,1835,0.477367325702393,0.436536397040683,436.536397040683,Eurostat hbs_exp_t136 PPS_HH x hbs_car_t315 NR
urban,Towns and suburbs,LV,2015,15434,103,0.0267950052029136,0.0288599933896411,28.8599933896411,Eurostat hbs_exp_t136 PPS_HH x hbs_car_t315 NR
urban,Cities,LV,2015,15450,1906,0.495837669094693,0.534603609569676,534.603609569676,Eurostat hbs_exp_t136 PPS_HH x hbs_car_t315 NR
urban,Rural areas,LV,2020,13850,1218,0.46014355874575,0.399476874337666,399.476874337666,Eurostat hbs_exp_t136 PPS_HH x hbs_car_t315 NR
urban,Towns and suburbs,LV,2020,16376,528,0.199471099357764,0.204755857048787,204.755857048787,Eurostat hbs_exp_t136 PPS_HH x hbs_car_t315 NR
urban,Cities,LV,2020,18549,901,0.340385341896487,0.395767268613547,395.767268613547,Eurostat hbs_exp_t136 PPS_HH x hbs_car_t315 NR
urban,Rural areas,NL,2010,33149,41,0.028062970568104,0.0306603758155282,30.6603758155282,Eurostat hbs_exp_t136 PPS_HH x hbs_car_t315 NR
urban,Towns and suburbs,NL,2010,31295,508,0.347707049965777,0.358642582944159,358.642582944159,Eurostat hbs_exp_t136 PPS_HH x hbs_car_t315 NR
urban,Cities,NL,2010,29683,912,0.624229979466119,0.610697041240313,610.697041240312,Eurostat hbs_exp_t136 PPS_HH x hbs_car_t315 NR
urban,Rural areas,NL,2015,34234,1482,0.102859522487507,0.107401553241889,107.401553241889,Eurostat hbs_exp_t136 PPS_HH x hbs_car_t315 NR
urban,Towns and suburbs,NL,2015,34793,5172,0.358967240421988,0.380938708866584,380.938708866584,Eurostat hbs_exp_t136 PPS_HH x hbs_car_t315 NR
urban,Cities,NL,2015,31171,7754,0.538173237090505,0.511659737891527,511.659737891527,Eurostat hbs_exp_t136 PPS_HH x hbs_car_t315 NR
urban,Rural areas,NL,2020,34601,1050,0.100835494093921,0.105025396288784,105.025396288784,Eurostat hbs_exp_t136 PPS_HH x hbs_car_t315 NR
urban,Towns and suburbs,NL,2020,34763,3555,0.341400172860847,0.35725081881668,357.25081881668,Eurostat hbs_exp_t136 PPS_HH x hbs_car_t315 NR
urban,Cities,NL,2020,32027,5808,0.557764333045232,0.537723784894536,537.723784894536,Eurostat hbs_exp_t136 PPS_HH x hbs_car_t315 NR
urban,Rural areas,NO,2005,26520,1149,0.340343601895735,0.311222534783506,311.222534783506,Eurostat hbs_exp_t136 PPS_HH x hbs_car_t315 NR
urban,Towns and suburbs,NO,2005,29303,610,0.180687203791469,0.18256579271582,182.56579271582,Eurostat hbs_exp_t136 PPS_HH x hbs_car_t315 NR
urban,Cities,NO,2005,30651,1617,0.478969194312796,0.506211672500674,506.211672500674,Eurostat hbs_exp_t136 PPS_HH x hbs_car_t315 NR
urban,Rural areas,NO,2010,31124,1217,0.355847953216374,0.320979058501851,320.979058501851,Eurostat hbs_exp_t136 PPS_HH x hbs_car_t315 NR
urban,Towns and suburbs,NO,2010,35168,603,0.176315789473684,0.179703152883312,179.703152883312,Eurostat hbs_exp_t136 PPS_HH x hbs_car_t315 NR
urban,Cities,NO,2010,36827,1600,0.467836257309942,0.499317788614837,499.317788614837,Eurostat hbs_exp_t136 PPS_HH x hbs_car_t315 NR
urban,Rural areas,NO,2015,34705,593,0.176330657151353,0.163702964311665,163.702964311665,Eurostat hbs_exp_t136 PPS_HH x hbs_car_t315 NR
urban,Towns and suburbs,NO,2015,38151,2097,0.623550401427297,0.636376535578472,636.376535578472,Eurostat hbs_exp_t136 PPS_HH x hbs_car_t315 NR
urban,Cities,NO,2015,37345,673,0.20011894142135,0.199920500109863,199.920500109863,Eurostat hbs_exp_t136 PPS_HH x hbs_car_t315 NR
urban,Rural areas,NO,2020,32763,912,0.260051325919589,0.247267924528302,247.267924528302,Eurostat hbs_exp_t136 PPS_HH x hbs_car_t315 NR
urban,Towns and suburbs,NO,2020,34058,1353,0.385799828913601,0.38133460774578,381.33460774578,Eurostat hbs_exp_t136 PPS_HH x hbs_car_t315 NR
urban,Cities,NO,2020,36135,1242,0.354148845166809,0.371397467725919,371.397467725919,Eurostat hbs_exp_t136 PPS_HH x hbs_car_t315 NR
urban,Rural areas,PL,2005,9666,15550,0.447263209365203,0.410475562542396,410.475562542396,Eurostat hbs_exp_t136 PPS_HH x hbs_car_t315 NR
urban,Towns and suburbs,PL,2005,10511,4228,0.121609572295568,0.121363791943317,121.363791943317,Eurostat hbs_exp_t136 PPS_HH x hbs_car_t315 NR
urban,Cities,PL,2005,11437,14989,0.43112721833923,0.468160645514286,468.160645514286,Eurostat hbs_exp_t136 PPS_HH x hbs_car_t315 NR
urban,Rural areas,PL,2010,13946,17254,0.461188923340105,0.425544495639626,425.544495639626,Eurostat hbs_exp_t136 PPS_HH x hbs_car_t315 NR
urban,Towns and suburbs,PL,2010,15110,5471,0.146236501657222,0.146196407872062,146.196407872062,Eurostat hbs_exp_t136 PPS_HH x hbs_car_t315 NR
urban,Cities,PL,2010,16488,14687,0.392574575002673,0.428259096488312,428.259096488312,Eurostat hbs_exp_t136 PPS_HH x hbs_car_t315 NR
urban,Rural areas,PL,2015,17576,15879,0.427452352751158,0.410014611814822,410.014611814822,Eurostat hbs_exp_t136 PPS_HH x hbs_car_t315 NR
urban,Towns and suburbs,PL,2015,17838,8564,0.230537310218585,0.2244289924078,224.4289924078,Eurostat hbs_exp_t136 PPS_HH x hbs_car_t315 NR
urban,Cities,PL,2015,19585,12705,0.342010337030257,0.365556395777378,365.556395777378,Eurostat hbs_exp_t136 PPS_HH x hbs_car_t315 NR
urban,Rural areas,PL,2020,16686,12543,0.374094067821886,0.364443565971822,364.443565971822,Eurostat hbs_exp_t136 PPS_HH x hbs_car_t315 NR
urban,Towns and suburbs,PL,2020,16666,8468,0.252557487548093,0.245747355321253,245.747355321253,Eurostat hbs_exp_t136 PPS_HH x hbs_car_t315 NR
urban,Cities,PL,2020,17883,12518,0.373348444630022,0.389809078706925,389.809078706925,Eurostat hbs_exp_t136 PPS_HH x hbs_car_t315 NR
urban,Rural areas,PT,1988,9014,3133,0.252600177376441,0.192488021632921,192.488021632921,Eurostat hbs_exp_t136 PPS_HH x hbs_car_t315 NR
urban,Towns and suburbs,PT,1988,10988,3026,0.243973232282512,0.226627879242209,226.627879242209,Eurostat hbs_exp_t136 PPS_HH x hbs_car_t315 NR
urban,Cities,PT,1988,13649,6244,0.503426590341047,0.58088409912487,580.88409912487,Eurostat hbs_exp_t136 PPS_HH x hbs_car_t315 NR
urban,Rural areas,PT,1994,9409,2650,0.251089634261891,0.151405445564545,151.405445564545,Eurostat hbs_exp_t136 PPS_HH x hbs_car_t315 NR
urban,Towns and suburbs,PT,1994,14372,2768,0.262270229296949,0.241565799433031,241.565799433031,Eurostat hbs_exp_t136 PPS_HH x hbs_car_t315 NR
urban,Cities,PT,1994,19464,5136,0.48664013644116,0.607028755002424,607.028755002424,Eurostat hbs_exp_t136 PPS_HH x hbs_car_t315 NR
urban,Rural areas,PT,1999,12647,2440,0.243512974051896,0.171909575928956,171.909575928956,Eurostat hbs_exp_t136 PPS_HH x hbs_car_t315 NR
urban,Towns and suburbs,PT,1999,17484,3130,0.312375249500998,0.304865204537136,304.865204537136,Eurostat hbs_exp_t136 PPS_HH x hbs_car_t315 NR
urban,Cities,PT,1999,21106,4450,0.444111776447106,0.523225219533908,523.225219533908,Eurostat hbs_exp_t136 PPS_HH x hbs_car_t315 NR
urban,Rural areas,PT,2005,16047,518864.5,0.135492725234987,0.0976961900703966,97.6961900703966,Eurostat hbs_exp_t136 PPS_HH x hbs_car_t315 NR
urban,Towns and suburbs,PT,2005,20748,589894.4,0.154040987303732,0.143608560751772,143.608560751772,Eurostat hbs_exp_t136 PPS_HH x hbs_car_t315 NR
urban,Cities,PT,2005,23766,2720705,0.710466287461282,0.758695249177832,758.695249177832,Eurostat hbs_exp_t136 PPS_HH x hbs_car_t315 NR
urban,Rural areas,PT,2010,19145,3480,0.366740436294657,0.31185025784215,311.85025784215,Eurostat hbs_exp_t136 PPS_HH x hbs_car_t315 NR
urban,Towns and suburbs,PT,2010,23436,3178,0.334914111075983,0.348617251867662,348.617251867662,Eurostat hbs_exp_t136 PPS_HH x hbs_car_t315 NR
urban,Cities,PT,2010,25623,2831,0.29834545262936,0.339532490290188,339.532490290188,Eurostat hbs_exp_t136 PPS_HH x hbs_car_t315 NR
urban,Rural areas,PT,2015,20918,3783,0.331900333391823,0.283985633999533,283.985633999534,Eurostat hbs_exp_t136 PPS_HH x hbs_car_t315 NR
urban,Towns and suburbs,PT,2015,24210,3090,0.271100193016319,0.268468378549956,268.468378549956,Eurostat hbs_exp_t136 PPS_HH x hbs_car_t315 NR
urban,Cities,PT,2015,27560,4525,0.396999473591858,0.44754598745051,447.54598745051,Eurostat hbs_exp_t136 PPS_HH x hbs_car_t315 NR
urban,Rural areas,PT,2020,20786,3127,0.267242116058457,0.229869377618627,229.869377618627,Eurostat hbs_exp_t136 PPS_HH x hbs_car_t315 NR
urban,Towns and suburbs,PT,2020,23888,3988,0.340825570464063,0.336912601993101,336.912601993101,Eurostat hbs_exp_t136 PPS_HH x hbs_car_t315 NR
urban,Cities,PT,2020,26711,4586,0.391932313477481,0.433218020388272,433.218020388272,Eurostat hbs_exp_t136 PPS_HH x hbs_car_t315 NR
urban,Rural areas,RO,2015,9199,13852,0.452310204081633,0.368751016185039,368.751016185039,Eurostat hbs_exp_t136 PPS_HH x hbs_car_t315 NR
urban,Towns and suburbs,RO,2015,11500,7004,0.228702040816327,0.233090246862325,233.090246862325,Eurostat hbs_exp_t136 PPS_HH x hbs_car_t315 NR
urban,Cities,RO,2015,14084,9769,0.318987755102041,0.398158736952636,398.158736952636,Eurostat hbs_exp_t136 PPS_HH x hbs_car_t315 NR
urban,Rural areas,RO,2020,11734,11886,0.411038489469862,0.334628969289697,334.628969289697,Eurostat hbs_exp_t136 PPS_HH x hbs_car_t315 NR
urban,Towns and suburbs,RO,2020,14468,8075,0.279247501469724,0.280306234292845,280.306234292845,Eurostat hbs_exp_t136 PPS_HH x hbs_car_t315 NR
urban,Cities,RO,2020,17920,8956,0.309714009060414,0.385064796417458,385.064796417458,Eurostat hbs_exp_t136 PPS_HH x hbs_car_t315 NR
urban,Rural areas,SE,1994,17798,222,0.0583289542827115,0.0577152558565562,57.7152558565562,Eurostat hbs_exp_t136 PPS_HH x hbs_car_t315 NR
urban,Towns and suburbs,SE,1994,17762,781,0.205202312138728,0.202632614481271,202.632614481271,Eurostat hbs_exp_t136 PPS_HH x hbs_car_t315 NR
urban,Cities,SE,1994,18065,2803,0.73646873357856,0.739652129662173,739.652129662173,Eurostat hbs_exp_t136 PPS_HH x hbs_car_t315 NR
urban,Rural areas,SE,1999,21210,1058,0.656327543424318,0.644962436843983,644.962436843983,Eurostat hbs_exp_t136 PPS_HH x hbs_car_t315 NR
urban,Towns and suburbs,SE,1999,22030,257,0.159429280397022,0.162725534211577,162.725534211577,Eurostat hbs_exp_t136 PPS_HH x hbs_car_t315 NR
urban,Cities,SE,1999,22529,297,0.18424317617866,0.19231202894444,192.31202894444,Eurostat hbs_exp_t136 PPS_HH x hbs_car_t315 NR
urban,Rural areas,SE,2005,24732,1322,0.635882635882636,0.615362690479777,615.362690479777,Eurostat hbs_exp_t136 PPS_HH x hbs_car_t315 NR
urban,Towns and suburbs,SE,2005,27858,316,0.151996151996152,0.165682822756098,165.682822756099,Eurostat hbs_exp_t136 PPS_HH x hbs_car_t315 NR
urban,Cities,SE,2005,26380,441,0.212121212121212,0.218954486764124,218.954486764124,Eurostat hbs_exp_t136 PPS_HH x hbs_car_t315 NR
urban,Rural areas,SE,2010,25144,1245,0.608207132388862,0.581188875597842,581.188875597842,Eurostat hbs_exp_t136 PPS_HH x hbs_car_t315 NR
urban,Towns and suburbs,SE,2010,28171,376,0.183683439179287,0.196654406433865,196.654406433865,Eurostat hbs_exp_t136 PPS_HH x hbs_car_t315 NR
urban,Cities,SE,2010,28089,426,0.208109428431851,0.222156717968293,222.156717968293,Eurostat hbs_exp_t136 PPS_HH x hbs_car_t315 NR
urban,Rural areas,SE,2015,28329,1634,0.569139672587948,0.564199244924264,564.199244924264,Eurostat hbs_exp_t136 PPS_HH x hbs_car_t315 NR
urban,Towns and suburbs,SE,2015,29457,532,0.185301288749565,0.191007029700255,191.007029700255,Eurostat hbs_exp_t136 PPS_HH x hbs_car_t315 NR
urban,Cities,SE,2015,28488,705,0.245559038662487,0.244793725375481,244.793725375481,Eurostat hbs_exp_t136 PPS_HH x hbs_car_t315 NR
urban,Rural areas,SI,2005,23035,1780.33,0.477940939597315,0.462469450986081,462.469450986081,Eurostat hbs_exp_t136 PPS_HH x hbs_car_t315 NR
urban,Towns and suburbs,SI,2005,23251,1155.97,0.310327516778524,0.303097617714766,303.097617714766,Eurostat hbs_exp_t136 PPS_HH x hbs_car_t315 NR
urban,Cities,SI,2005,26358,788.7,0.211731543624161,0.234432931299153,234.432931299153,Eurostat hbs_exp_t136 PPS_HH x hbs_car_t315 NR
urban,Rural areas,SI,2010,24367,1931,0.492099898063201,0.47050753094706,470.50753094706,Eurostat hbs_exp_t136 PPS_HH x hbs_car_t315 NR
urban,Towns and suburbs,SI,2010,25700,1201,0.306065239551478,0.308644379531321,308.644379531321,Eurostat hbs_exp_t136 PPS_HH x hbs_car_t315 NR
urban,Cities,SI,2010,27886,792,0.201834862385321,0.220848089521619,220.848089521619,Eurostat hbs_exp_t136 PPS_HH x hbs_car_t315 NR
urban,Rural areas,SI,2015,25481,1889,0.503733333333333,0.49987967127478,499.87967127478,Eurostat hbs_exp_t136 PPS_HH x hbs_car_t315 NR
urban,Towns and suburbs,SI,2015,24694,1227,0.3272,0.314668345255759,314.668345255759,Eurostat hbs_exp_t136 PPS_HH x hbs_car_t315 NR
urban,Cities,SI,2015,28166,634,0.169066666666667,0.185451983469462,185.451983469462,Eurostat hbs_exp_t136 PPS_HH x hbs_car_t315 NR
urban,Rural areas,SI,2020,25997,1669,0.472536806342016,0.469931642800123,469.931642800123,Eurostat hbs_exp_t136 PPS_HH x hbs_car_t315 NR
urban,Towns and suburbs,SI,2020,25030,1179,0.333805209513024,0.319616928047615,319.616928047615,Eurostat hbs_exp_t136 PPS_HH x hbs_car_t315 NR
urban,Cities,SI,2020,28408,684,0.19365798414496,0.210451429152262,210.451429152262,Eurostat hbs_exp_t136 PPS_HH x hbs_car_t315 NR
urban,Rural areas,SK,2005,11707,1477,0.313588110403397,0.310095307213295,310.095307213295,Eurostat hbs_exp_t136 PPS_HH x hbs_car_t315 NR
urban,Towns and suburbs,SK,2005,11378,2039,0.432908704883227,0.41605642734793,416.05642734793,Eurostat hbs_exp_t136 PPS_HH x hbs_car_t315 NR
urban,Cities,SK,2005,12789,1194,0.253503184713376,0.273848265438775,273.848265438775,Eurostat hbs_exp_t136 PPS_HH x hbs_car_t315 NR
urban,Rural areas,SK,2010,14229,3229,0.525638938629334,0.497980011082374,497.980011082374,Eurostat hbs_exp_t136 PPS_HH x hbs_car_t315 NR
urban,Towns and suburbs,SK,2010,15221,1509,0.245645450105812,0.248944142396313,248.944142396313,Eurostat hbs_exp_t136 PPS_HH x hbs_car_t315 NR
urban,Cities,SK,2010,16619,1405,0.228715611264854,0.253075846521313,253.075846521313,Eurostat hbs_exp_t136 PPS_HH x hbs_car_t315 NR
urban,Rural areas,SK,2015,18952,1311,0.273981191222571,0.268237628182527,268.237628182527,Eurostat hbs_exp_t136 PPS_HH x hbs_car_t315 NR
urban,Towns and suburbs,SK,2015,19190,1545,0.322884012539185,0.32008507143709,320.08507143709,Eurostat hbs_exp_t136 PPS_HH x hbs_car_t315 NR
urban,Cities,SK,2015,19768,1929,0.403134796238245,0.411677300380383,411.677300380383,Eurostat hbs_exp_t136 PPS_HH x hbs_car_t315 NR
urban,Rural areas,SK,2020,15378,1456,0.314267213468595,0.307218198653847,307.218198653847,Eurostat hbs_exp_t136 PPS_HH x hbs_car_t315 NR
urban,Towns and suburbs,SK,2020,14827,1745,0.376645801856249,0.355004963914118,355.004963914118,Eurostat hbs_exp_t136 PPS_HH x hbs_car_t315 NR
urban,Cities,SK,2020,17191,1432,0.309086984675157,0.337776837432036,337.776837432036,Eurostat hbs_exp_t136 PPS_HH x hbs_car_t315 NR
urban,Rural areas,UK,1988,17198,1573,0.400458248472505,0.399552311599965,399.552311599965,Eurostat hbs_exp_t136 PPS_HH x hbs_car_t315 NR
urban,Towns and suburbs,UK,1988,15122,1580,0.402240325865581,0.352885083493836,352.885083493836,Eurostat hbs_exp_t136 PPS_HH x hbs_car_t315 NR
urban,Cities,UK,1988,21628,775,0.197301425661914,0.247562604906199,247.562604906199,Eurostat hbs_exp_t136 PPS_HH x hbs_car_t315 NR
urban,Rural areas,UK,1994,20892,1671,0.241195150115473,0.246274099318764,246.274099318764,Eurostat hbs_exp_t136 PPS_HH x hbs_car_t315 NR
urban,Towns and suburbs,UK,1994,20992,1478,0.213337182448037,0.218872160117911,218.872160117911,Eurostat hbs_exp_t136 PPS_HH x hbs_car_t315 NR
urban,Cities,UK,1994,20063,3779,0.54546766743649,0.534853740563326,534.853740563326,Eurostat hbs_exp_t136 PPS_HH x hbs_car_t315 NR
urban,Rural areas,UK,1999,28446,1725,0.243094701240135,0.249833526542353,249.833526542353,Eurostat hbs_exp_t136 PPS_HH x hbs_car_t315 NR
urban,Towns and suburbs,UK,1999,28099,1343,0.189261555806088,0.192135356353552,192.135356353552,Eurostat hbs_exp_t136 PPS_HH x hbs_car_t315 NR
urban,Cities,UK,1999,27210,4028,0.567643742953777,0.558031117104095,558.031117104095,Eurostat hbs_exp_t136 PPS_HH x hbs_car_t315 NR
urban,Rural areas,UK,2005,33585,522,0.0835868694955965,0.0875064229586771,87.5064229586771,Eurostat hbs_exp_t136 PPS_HH x hbs_car_t315 NR
urban,Towns and suburbs,UK,2005,34206,973,0.155804643714972,0.166126611709407,166.126611709407,Eurostat hbs_exp_t136 PPS_HH x hbs_car_t315 NR
urban,Cities,UK,2005,31480,4750,0.760608486789432,0.746366965331916,746.366965331916,Eurostat hbs_exp_t136 PPS_HH x hbs_car_t315 NR
urban,Rural areas,UK,2010,27259,633,0.123729476153245,0.142249524651824,142.249524651824,Eurostat hbs_exp_t136 PPS_HH x hbs_car_t315 NR
urban,Towns and suburbs,UK,2010,22186,1374,0.268569194683346,0.251306045083386,251.306045083386,Eurostat hbs_exp_t136 PPS_HH x hbs_car_t315 NR
urban,Cities,UK,2010,23661,3109,0.607701329163409,0.60644443026479,606.44443026479,Eurostat hbs_exp_t136 PPS_HH x hbs_car_t315 NR
urban,Rural areas,UK,2015,27455,534,0.112279226240538,0.121512140248819,121.512140248819,Eurostat hbs_exp_t136 PPS_HH x hbs_car_t315 NR
urban,Towns and suburbs,UK,2015,26064,1205,0.25336417157275,0.260306539761794,260.306539761794,Eurostat hbs_exp_t136 PPS_HH x hbs_car_t315 NR
urban,Cities,UK,2015,24722,3017,0.634356602186712,0.618181319989387,618.181319989387,Eurostat hbs_exp_t136 PPS_HH x hbs_car_t315 NR
urban,Rural areas,XK,2015,6968,26,0.0110921501706485,0.00527570853748768,5.27570853748768,Eurostat hbs_exp_t136 PPS_HH x hbs_car_t315 NR
urban,Towns and suburbs,XK,2015,12220,822,0.350682593856655,0.292511084439292,292.511084439292,Eurostat hbs_exp_t136 PPS_HH x hbs_car_t315 NR
urban,Cities,XK,2015,16119,1496,0.638225255972696,0.70221320702322,702.21320702322,Eurostat hbs_exp_t136 PPS_HH x hbs_car_t315 NR
