country,year,category,mean_expenditure_pps_hh,group_consumption_share,group_consumption_share_pm,source
AT,1994,First quintile,21697,0.178416071178942,178.416071178942,Eurostat hbs_exp_t133 PPS_HH; equal household income quintiles
AT,1994,Second quintile,19987,0.164354611911947,164.354611911947,Eurostat hbs_exp_t133 PPS_HH; equal household income quintiles
AT,1994,Third quintile,22706,0.186713154454029,186.713154454029,Eurostat hbs_exp_t133 PPS_HH; equal household income quintiles
AT,1994,Fourth quintile,25606,0.210560073678757,210.560073678757,Eurostat hbs_exp_t133 PPS_HH; equal household income quintiles
AT,1994,Fifth quintile,31613,0.259956088776324,259.956088776324,Eurostat hbs_exp_t133 PPS_HH; equal household income quintiles
AT,1999,First quintile,17124,0.129491833030853,129.491833030853,Eurostat hbs_exp_t133 PPS_HH; equal household income quintiles
AT,1999,Second quintile,23066,0.174425287356322,174.425287356322,Eurostat hbs_exp_t133 PPS_HH; equal household income quintiles
AT,1999,Third quintile,25811,0.195183000604961,195.183000604961,Eurostat hbs_exp_t133 PPS_HH; equal household income quintiles
AT,1999,Fourth quintile,28526,0.215713853599516,215.713853599516,Eurostat hbs_exp_t133 PPS_HH; equal household income quintiles
AT,1999,Fifth quintile,37713,0.285186025408349,285.186025408349,Eurostat hbs_exp_t133 PPS_HH; equal household income quintiles
AT,2005,First quintile,24766,0.164193749419892,164.193749419892,Eurostat hbs_exp_t133 PPS_HH; equal household income quintiles
AT,2005,Second quintile,23801,0.157795987642044,157.795987642044,Eurostat hbs_exp_t133 PPS_HH; equal household income quintiles
AT,2005,Third quintile,28511,0.189022368961905,189.022368961905,Eurostat hbs_exp_t133 PPS_HH; equal household income quintiles
AT,2005,Fourth quintile,32398,0.21479242080698,214.79242080698,Eurostat hbs_exp_t133 PPS_HH; equal household income quintiles
AT,2005,Fifth quintile,41358,0.274195473169179,274.195473169179,Eurostat hbs_exp_t133 PPS_HH; equal household income quintiles
AT,2010,First quintile,17440,0.104954022435126,104.954022435126,Eurostat hbs_exp_t133 PPS_HH; equal household income quintiles
AT,2010,Second quintile,25409,0.152911511241635,152.911511241635,Eurostat hbs_exp_t133 PPS_HH; equal household income quintiles
AT,2010,Third quintile,31915,0.192064657455106,192.064657455106,Eurostat hbs_exp_t133 PPS_HH; equal household income quintiles
AT,2010,Fourth quintile,39331,0.236694189013529,236.694189013529,Eurostat hbs_exp_t133 PPS_HH; equal household income quintiles
AT,2010,Fifth quintile,52073,0.313375619854605,313.375619854605,Eurostat hbs_exp_t133 PPS_HH; equal household income quintiles
AT,2015,First quintile,18985,0.110068180237007,110.068180237008,Eurostat hbs_exp_t133 PPS_HH; equal household income quintiles
AT,2015,Second quintile,24394,0.141427610676932,141.427610676932,Eurostat hbs_exp_t133 PPS_HH; equal household income quintiles
AT,2015,Third quintile,33100,0.1919018575636,191.9018575636,Eurostat hbs_exp_t133 PPS_HH; equal household income quintiles
AT,2015,Fourth quintile,40005,0.231934556248696,231.934556248696,Eurostat hbs_exp_t133 PPS_HH; equal household income quintiles
AT,2015,Fifth quintile,56000,0.324667795273765,324.667795273765,Eurostat hbs_exp_t133 PPS_HH; equal household income quintiles
AT,2020,First quintile,18548,0.106808248443771,106.808248443771,Eurostat hbs_exp_t133 PPS_HH; equal household income quintiles
AT,2020,Second quintile,25987,0.149645565684078,149.645565684078,Eurostat hbs_exp_t133 PPS_HH; equal household income quintiles
AT,2020,Third quintile,33409,0.19238498879976,192.38498879976,Eurostat hbs_exp_t133 PPS_HH; equal household income quintiles
AT,2020,Fourth quintile,40969,0.235919081868281,235.919081868281,Eurostat hbs_exp_t133 PPS_HH; equal household income quintiles
AT,2020,Fifth quintile,54744,0.315242115204109,315.242115204109,Eurostat hbs_exp_t133 PPS_HH; equal household income quintiles
BE,1988,First quintile,7156,0.0846513278523688,84.6513278523688,Eurostat hbs_exp_t133 PPS_HH; equal household income quintiles
BE,1988,Second quintile,11397,0.134819897084048,134.819897084048,Eurostat hbs_exp_t133 PPS_HH; equal household income quintiles
BE,1988,Third quintile,15173,0.179487786124091,179.487786124091,Eurostat hbs_exp_t133 PPS_HH; equal household income quintiles
BE,1988,Fourth quintile,19774,0.233914946471876,233.914946471876,Eurostat hbs_exp_t133 PPS_HH; equal household income quintiles
BE,1988,Fifth quintile,31035,0.367126042467617,367.126042467617,Eurostat hbs_exp_t133 PPS_HH; equal household income quintiles
BE,1994,First quintile,18933,0.166706289457696,166.706289457696,Eurostat hbs_exp_t133 PPS_HH; equal household income quintiles
BE,1994,Second quintile,19308,0.170008188710146,170.008188710146,Eurostat hbs_exp_t133 PPS_HH; equal household income quintiles
BE,1994,Third quintile,20557,0.181005714486973,181.005714486973,Eurostat hbs_exp_t133 PPS_HH; equal household income quintiles
BE,1994,Fourth quintile,25324,0.222979457784117,222.979457784117,Eurostat hbs_exp_t133 PPS_HH; equal household income quintiles
BE,1994,Fifth quintile,29449,0.259300349561068,259.300349561068,Eurostat hbs_exp_t133 PPS_HH; equal household income quintiles
BE,1999,First quintile,18699,0.136485066129456,136.485066129456,Eurostat hbs_exp_t133 PPS_HH; equal household income quintiles
BE,1999,Second quintile,23758,0.173410995299407,173.410995299407,Eurostat hbs_exp_t133 PPS_HH; equal household income quintiles
BE,1999,Third quintile,25717,0.187709847887653,187.709847887653,Eurostat hbs_exp_t133 PPS_HH; equal household income quintiles
BE,1999,Fourth quintile,30098,0.219687016437476,219.687016437476,Eurostat hbs_exp_t133 PPS_HH; equal household income quintiles
BE,1999,Fifth quintile,38732,0.282707074246007,282.707074246007,Eurostat hbs_exp_t133 PPS_HH; equal household income quintiles
BE,2005,First quintile,18929,0.126029494989847,126.029494989847,Eurostat hbs_exp_t133 PPS_HH; equal household income quintiles
BE,2005,Second quintile,24998,0.166436965278471,166.436965278471,Eurostat hbs_exp_t133 PPS_HH; equal household income quintiles
BE,2005,Third quintile,29634,0.197303505442924,197.303505442924,Eurostat hbs_exp_t133 PPS_HH; equal household income quintiles
BE,2005,Fourth quintile,34173,0.227524218515929,227.524218515929,Eurostat hbs_exp_t133 PPS_HH; equal household income quintiles
BE,2005,Fifth quintile,42461,0.282705815772829,282.705815772829,Eurostat hbs_exp_t133 PPS_HH; equal household income quintiles
BE,2010,First quintile,15853,0.101345044941378,101.345044941378,Eurostat hbs_exp_t133 PPS_HH; equal household income quintiles
BE,2010,Second quintile,22575,0.144317440834644,144.317440834644,Eurostat hbs_exp_t133 PPS_HH; equal household income quintiles
BE,2010,Third quintile,29621,0.189361103652845,189.361103652845,Eurostat hbs_exp_t133 PPS_HH; equal household income quintiles
BE,2010,Fourth quintile,37494,0.239691611368954,239.691611368954,Eurostat hbs_exp_t133 PPS_HH; equal household income quintiles
BE,2010,Fifth quintile,50883,0.325284799202179,325.284799202179,Eurostat hbs_exp_t133 PPS_HH; equal household income quintiles
BE,2015,First quintile,17699,0.101350267992121,101.350267992121,Eurostat hbs_exp_t133 PPS_HH; equal household income quintiles
BE,2015,Second quintile,25857,0.148065646616886,148.065646616886,Eurostat hbs_exp_t133 PPS_HH; equal household income quintiles
BE,2015,Third quintile,32985,0.188882908058088,188.882908058088,Eurostat hbs_exp_t133 PPS_HH; equal household income quintiles
BE,2015,Fourth quintile,42721,0.244634431261166,244.634431261166,Eurostat hbs_exp_t133 PPS_HH; equal household income quintiles
BE,2015,Fifth quintile,55370,0.317066746071739,317.066746071739,Eurostat hbs_exp_t133 PPS_HH; equal household income quintiles
BE,2020,First quintile,18511,0.119758038429191,119.758038429191,Eurostat hbs_exp_t133 PPS_HH; equal household income quintiles
BE,2020,Second quintile,24796,0.16041922753445,160.41922753445,Eurostat hbs_exp_t133 PPS_HH; equal household income quintiles
BE,2020,Third quintile,29093,0.188218929934657,188.218929934657,Eurostat hbs_exp_t133 PPS_HH; equal household income quintiles
BE,2020,Fourth quintile,36629,0.236973539496668,236.973539496668,Eurostat hbs_exp_t133 PPS_HH; equal household income quintiles
BE,2020,Fifth quintile,45541,0.294630264605033,294.630264605033,Eurostat hbs_exp_t133 PPS_HH; equal household income quintiles
BG,2005,First quintile,3782,0.10655322026258,106.55322026258,Eurostat hbs_exp_t133 PPS_HH; equal household income quintiles
BG,2005,Second quintile,5395,0.151997520707725,151.997520707725,Eurostat hbs_exp_t133 PPS_HH; equal household income quintiles
BG,2005,Third quintile,6886,0.194004620499239,194.004620499239,Eurostat hbs_exp_t133 PPS_HH; equal household income quintiles
BG,2005,Fourth quintile,8222,0.23164478503409,231.64478503409,Eurostat hbs_exp_t133 PPS_HH; equal household income quintiles
BG,2005,Fifth quintile,11209,0.315799853496366,315.799853496366,Eurostat hbs_exp_t133 PPS_HH; equal household income quintiles
BG,2010,First quintile,4088,0.0875787308796435,87.5787308796435,Eurostat hbs_exp_t133 PPS_HH; equal household income quintiles
BG,2010,Second quintile,6432,0.137795106902609,137.795106902609,Eurostat hbs_exp_t133 PPS_HH; equal household income quintiles
BG,2010,Third quintile,8493,0.181948669608809,181.948669608809,Eurostat hbs_exp_t133 PPS_HH; equal household income quintiles
BG,2010,Fourth quintile,11305,0.24219118214148,242.19118214148,Eurostat hbs_exp_t133 PPS_HH; equal household income quintiles
BG,2010,Fifth quintile,16360,0.350486310467458,350.486310467458,Eurostat hbs_exp_t133 PPS_HH; equal household income quintiles
BG,2015,First quintile,5447,0.0870211202351663,87.0211202351663,Eurostat hbs_exp_t133 PPS_HH; equal household income quintiles
BG,2015,Second quintile,8397,0.134150238041985,134.150238041985,Eurostat hbs_exp_t133 PPS_HH; equal household income quintiles
BG,2015,Third quintile,11204,0.178994791833083,178.994791833083,Eurostat hbs_exp_t133 PPS_HH; equal household income quintiles
BG,2015,Fourth quintile,14878,0.237690513467745,237.690513467745,Eurostat hbs_exp_t133 PPS_HH; equal household income quintiles
BG,2015,Fifth quintile,22668,0.362143336422021,362.143336422021,Eurostat hbs_exp_t133 PPS_HH; equal household income quintiles
BG,2020,First quintile,5833,0.088664933801511,88.664933801511,Eurostat hbs_exp_t133 PPS_HH; equal household income quintiles
BG,2020,Second quintile,8917,0.135543496435466,135.543496435466,Eurostat hbs_exp_t133 PPS_HH; equal household income quintiles
BG,2020,Third quintile,12164,0.184899752230684,184.899752230684,Eurostat hbs_exp_t133 PPS_HH; equal household income quintiles
BG,2020,Fourth quintile,15619,0.237417726906532,237.417726906532,Eurostat hbs_exp_t133 PPS_HH; equal household income quintiles
BG,2020,Fifth quintile,23254,0.353474090625808,353.474090625808,Eurostat hbs_exp_t133 PPS_HH; equal household income quintiles
CY,2005,First quintile,13676,0.0799794144823795,79.9794144823795,Eurostat hbs_exp_t133 PPS_HH; equal household income quintiles
CY,2005,Second quintile,24795,0.145005087897821,145.005087897821,Eurostat hbs_exp_t133 PPS_HH; equal household income quintiles
CY,2005,Third quintile,34189,0.199942688047534,199.942688047534,Eurostat hbs_exp_t133 PPS_HH; equal household income quintiles
CY,2005,Fourth quintile,41065,0.24015462530849,240.15462530849,Eurostat hbs_exp_t133 PPS_HH; equal household income quintiles
CY,2005,Fifth quintile,57269,0.334918184263775,334.918184263775,Eurostat hbs_exp_t133 PPS_HH; equal household income quintiles
CY,2010,First quintile,16559,0.0740702636452285,74.0702636452285,Eurostat hbs_exp_t133 PPS_HH; equal household income quintiles
CY,2010,Second quintile,29829,0.133428461517816,133.428461517816,Eurostat hbs_exp_t133 PPS_HH; equal household income quintiles
CY,2010,Third quintile,43446,0.194338829297095,194.338829297095,Eurostat hbs_exp_t133 PPS_HH; equal household income quintiles
CY,2010,Fourth quintile,55881,0.249961978546954,249.961978546954,Eurostat hbs_exp_t133 PPS_HH; equal household income quintiles
CY,2010,Fifth quintile,77843,0.348200466992906,348.200466992906,Eurostat hbs_exp_t133 PPS_HH; equal household income quintiles
CY,2015,First quintile,14553,0.0817584269662921,81.7584269662921,Eurostat hbs_exp_t133 PPS_HH; equal household income quintiles
CY,2015,Second quintile,22758,0.12785393258427,127.85393258427,Eurostat hbs_exp_t133 PPS_HH; equal household income quintiles
CY,2015,Third quintile,32686,0.183629213483146,183.629213483146,Eurostat hbs_exp_t133 PPS_HH; equal household income quintiles
CY,2015,Fourth quintile,43777,0.245938202247191,245.938202247191,Eurostat hbs_exp_t133 PPS_HH; equal household income quintiles
CY,2015,Fifth quintile,64226,0.360820224719101,360.820224719101,Eurostat hbs_exp_t133 PPS_HH; equal household income quintiles
CY,2020,First quintile,13979,0.0817557095651665,81.7557095651666,Eurostat hbs_exp_t133 PPS_HH; equal household income quintiles
CY,2020,Second quintile,21861,0.127853320466708,127.853320466708,Eurostat hbs_exp_t133 PPS_HH; equal household income quintiles
CY,2020,Third quintile,31398,0.183630142995,183.630142995,Eurostat hbs_exp_t133 PPS_HH; equal household income quintiles
CY,2020,Fourth quintile,42052,0.245939702313068,245.939702313068,Eurostat hbs_exp_t133 PPS_HH; equal household income quintiles
CY,2020,Fifth quintile,61695,0.360821124660058,360.821124660058,Eurostat hbs_exp_t133 PPS_HH; equal household income quintiles
CZ,2005,First quintile,11142,0.183546389035319,183.546389035319,Eurostat hbs_exp_t133 PPS_HH; equal household income quintiles
CZ,2005,Second quintile,10306,0.169774644175013,169.774644175013,Eurostat hbs_exp_t133 PPS_HH; equal household income quintiles
CZ,2005,Third quintile,10588,0.174420137058513,174.420137058513,Eurostat hbs_exp_t133 PPS_HH; equal household income quintiles
CZ,2005,Fourth quintile,13199,0.21743212967844,217.43212967844,Eurostat hbs_exp_t133 PPS_HH; equal household income quintiles
CZ,2005,Fifth quintile,15469,0.254826700052715,254.826700052715,Eurostat hbs_exp_t133 PPS_HH; equal household income quintiles
CZ,2010,First quintile,6262,0.0951411467987481,95.1411467987481,Eurostat hbs_exp_t133 PPS_HH; equal household income quintiles
CZ,2010,Second quintile,9898,0.150384393327053,150.384393327053,Eurostat hbs_exp_t133 PPS_HH; equal household income quintiles
CZ,2010,Third quintile,12428,0.188823726032392,188.823726032392,Eurostat hbs_exp_t133 PPS_HH; equal household income quintiles
CZ,2010,Fourth quintile,15885,0.241347351788265,241.347351788265,Eurostat hbs_exp_t133 PPS_HH; equal household income quintiles
CZ,2010,Fifth quintile,21345,0.324303382053542,324.303382053542,Eurostat hbs_exp_t133 PPS_HH; equal household income quintiles
CZ,2015,First quintile,7327,0.0973209186180881,97.3209186180881,Eurostat hbs_exp_t133 PPS_HH; equal household income quintiles
CZ,2015,Second quintile,11247,0.149388340616574,149.388340616574,Eurostat hbs_exp_t133 PPS_HH; equal household income quintiles
CZ,2015,Third quintile,14387,0.19109540823781,191.09540823781,Eurostat hbs_exp_t133 PPS_HH; equal household income quintiles
CZ,2015,Fourth quintile,18183,0.241515799540425,241.515799540425,Eurostat hbs_exp_t133 PPS_HH; equal household income quintiles
CZ,2015,Fifth quintile,24143,0.320679532987103,320.679532987103,Eurostat hbs_exp_t133 PPS_HH; equal household income quintiles
DE,1988,First quintile,8225,0.0978293190603628,97.8293190603628,Eurostat hbs_exp_t133 PPS_HH; equal household income quintiles
DE,1988,Second quintile,12635,0.150282485875706,150.282485875706,Eurostat hbs_exp_t133 PPS_HH; equal household income quintiles
DE,1988,Third quintile,15854,0.188569729408266,188.569729408266,Eurostat hbs_exp_t133 PPS_HH; equal household income quintiles
DE,1988,Fourth quintile,19801,0.235515908415106,235.515908415106,Eurostat hbs_exp_t133 PPS_HH; equal household income quintiles
DE,1988,Fifth quintile,27560,0.327802557240559,327.802557240559,Eurostat hbs_exp_t133 PPS_HH; equal household income quintiles
DE,1994,First quintile,11132,0.107764837994559,107.764837994559,Eurostat hbs_exp_t133 PPS_HH; equal household income quintiles
DE,1994,Second quintile,15960,0.154502947753608,154.502947753608,Eurostat hbs_exp_t133 PPS_HH; equal household income quintiles
DE,1994,Third quintile,19429,0.188085073427623,188.085073427623,Eurostat hbs_exp_t133 PPS_HH; equal household income quintiles
DE,1994,Fourth quintile,23612,0.228579173080088,228.579173080088,Eurostat hbs_exp_t133 PPS_HH; equal household income quintiles
DE,1994,Fifth quintile,33166,0.321067967744121,321.067967744121,Eurostat hbs_exp_t133 PPS_HH; equal household income quintiles
DE,1999,First quintile,12490,0.105962399891408,105.962399891408,Eurostat hbs_exp_t133 PPS_HH; equal household income quintiles
DE,1999,Second quintile,17867,0.151579679652504,151.579679652504,Eurostat hbs_exp_t133 PPS_HH; equal household income quintiles
DE,1999,Third quintile,22151,0.187924188950726,187.924188950726,Eurostat hbs_exp_t133 PPS_HH; equal household income quintiles
DE,1999,Fourth quintile,27268,0.231335686168047,231.335686168047,Eurostat hbs_exp_t133 PPS_HH; equal household income quintiles
DE,1999,Fifth quintile,38096,0.323198045337315,323.198045337315,Eurostat hbs_exp_t133 PPS_HH; equal household income quintiles
DE,2005,First quintile,14388,0.100964169929687,100.964169929687,Eurostat hbs_exp_t133 PPS_HH; equal household income quintiles
DE,2005,Second quintile,20978,0.147207836863009,147.207836863009,Eurostat hbs_exp_t133 PPS_HH; equal household income quintiles
DE,2005,Third quintile,26877,0.188602585154309,188.602585154309,Eurostat hbs_exp_t133 PPS_HH; equal household income quintiles
DE,2005,Fourth quintile,33216,0.233084922740095,233.084922740095,Eurostat hbs_exp_t133 PPS_HH; equal household income quintiles
DE,2005,Fifth quintile,47047,0.330140485312899,330.140485312899,Eurostat hbs_exp_t133 PPS_HH; equal household income quintiles
DE,2010,First quintile,12180,0.085870193595691,85.870193595691,Eurostat hbs_exp_t133 PPS_HH; equal household income quintiles
DE,2010,Second quintile,18519,0.130560764794631,130.560764794631,Eurostat hbs_exp_t133 PPS_HH; equal household income quintiles
DE,2010,Third quintile,25302,0.178381579503955,178.381579503955,Eurostat hbs_exp_t133 PPS_HH; equal household income quintiles
DE,2010,Fourth quintile,33857,0.238695167862833,238.695167862833,Eurostat hbs_exp_t133 PPS_HH; equal household income quintiles
DE,2010,Fifth quintile,51984,0.36649229424289,366.49229424289,Eurostat hbs_exp_t133 PPS_HH; equal household income quintiles
DE,2015,First quintile,13225,0.0861687017031757,86.1687017031757,Eurostat hbs_exp_t133 PPS_HH; equal household income quintiles
DE,2015,Second quintile,20622,0.134364534330653,134.364534330653,Eurostat hbs_exp_t133 PPS_HH; equal household income quintiles
DE,2015,Third quintile,27885,0.181687277655429,181.687277655429,Eurostat hbs_exp_t133 PPS_HH; equal household income quintiles
DE,2015,Fourth quintile,37125,0.241891345990956,241.891345990956,Eurostat hbs_exp_t133 PPS_HH; equal household income quintiles
DE,2015,Fifth quintile,54621,0.355888140319785,355.888140319785,Eurostat hbs_exp_t133 PPS_HH; equal household income quintiles
DE,2020,First quintile,14119,0.0879228316644249,87.9228316644249,Eurostat hbs_exp_t133 PPS_HH; equal household income quintiles
DE,2020,Second quintile,21572,0.134334678423753,134.334678423753,Eurostat hbs_exp_t133 PPS_HH; equal household income quintiles
DE,2020,Third quintile,29408,0.183131569770338,183.131569770338,Eurostat hbs_exp_t133 PPS_HH; equal household income quintiles
DE,2020,Fourth quintile,38965,0.242645593583421,242.645593583421,Eurostat hbs_exp_t133 PPS_HH; equal household income quintiles
DE,2020,Fifth quintile,56520,0.351965326558063,351.965326558063,Eurostat hbs_exp_t133 PPS_HH; equal household income quintiles
DK,1994,First quintile,11653,0.121501855945281,121.501855945281,Eurostat hbs_exp_t133 PPS_HH; equal household income quintiles
DK,1994,Second quintile,14778,0.154085164949744,154.085164949744,Eurostat hbs_exp_t133 PPS_HH; equal household income quintiles
DK,1994,Third quintile,18404,0.191892230053802,191.892230053802,Eurostat hbs_exp_t133 PPS_HH; equal household income quintiles
DK,1994,Fourth quintile,23650,0.246590482545773,246.590482545773,Eurostat hbs_exp_t133 PPS_HH; equal household income quintiles
DK,1994,Fifth quintile,27423,0.285930266505401,285.930266505401,Eurostat hbs_exp_t133 PPS_HH; equal household income quintiles
DK,1999,First quintile,13627,0.116304078793517,116.304078793517,Eurostat hbs_exp_t133 PPS_HH; equal household income quintiles
DK,1999,Second quintile,17766,0.151629725093243,151.629725093243,Eurostat hbs_exp_t133 PPS_HH; equal household income quintiles
DK,1999,Third quintile,22911,0.195541406710081,195.541406710081,Eurostat hbs_exp_t133 PPS_HH; equal household income quintiles
DK,1999,Fourth quintile,28459,0.242892623349578,242.892623349578,Eurostat hbs_exp_t133 PPS_HH; equal household income quintiles
DK,1999,Fifth quintile,34404,0.293632166053582,293.632166053582,Eurostat hbs_exp_t133 PPS_HH; equal household income quintiles
DK,2005,First quintile,13395,0.111398489737534,111.398489737534,Eurostat hbs_exp_t133 PPS_HH; equal household income quintiles
DK,2005,Second quintile,18092,0.150460729849306,150.460729849306,Eurostat hbs_exp_t133 PPS_HH; equal household income quintiles
DK,2005,Third quintile,24595,0.204542430391537,204.542430391537,Eurostat hbs_exp_t133 PPS_HH; equal household income quintiles
DK,2005,Fourth quintile,28854,0.239962077109877,239.962077109877,Eurostat hbs_exp_t133 PPS_HH; equal household income quintiles
DK,2005,Fifth quintile,35308,0.293636272911746,293.636272911746,Eurostat hbs_exp_t133 PPS_HH; equal household income quintiles
DK,2010,First quintile,14747,0.103248617237275,103.248617237275,Eurostat hbs_exp_t133 PPS_HH; equal household income quintiles
DK,2010,Second quintile,20136,0.140978785969334,140.978785969334,Eurostat hbs_exp_t133 PPS_HH; equal household income quintiles
DK,2010,Third quintile,25578,0.179080025204789,179.080025204789,Eurostat hbs_exp_t133 PPS_HH; equal household income quintiles
DK,2010,Fourth quintile,34801,0.243653294125884,243.653294125884,Eurostat hbs_exp_t133 PPS_HH; equal household income quintiles
DK,2010,Fifth quintile,47568,0.333039277462718,333.039277462718,Eurostat hbs_exp_t133 PPS_HH; equal household income quintiles
DK,2015,First quintile,15090,0.100218501570688,100.218501570688,Eurostat hbs_exp_t133 PPS_HH; equal household income quintiles
DK,2015,Second quintile,21438,0.142378014358675,142.378014358675,Eurostat hbs_exp_t133 PPS_HH; equal household income quintiles
DK,2015,Third quintile,27946,0.185600148767027,185.600148767027,Eurostat hbs_exp_t133 PPS_HH; equal household income quintiles
DK,2015,Fourth quintile,35245,0.234075618811059,234.075618811059,Eurostat hbs_exp_t133 PPS_HH; equal household income quintiles
DK,2015,Fifth quintile,50852,0.337727716492552,337.727716492552,Eurostat hbs_exp_t133 PPS_HH; equal household income quintiles
DK,2020,First quintile,15282,0.100883939239905,100.883939239905,Eurostat hbs_exp_t133 PPS_HH; equal household income quintiles
DK,2020,Second quintile,21263,0.14036743882071,140.36743882071,Eurostat hbs_exp_t133 PPS_HH; equal household income quintiles
DK,2020,Third quintile,26249,0.173282457866003,173.282457866003,Eurostat hbs_exp_t133 PPS_HH; equal household income quintiles
DK,2020,Fourth quintile,35937,0.237237673371578,237.237673371578,Eurostat hbs_exp_t133 PPS_HH; equal household income quintiles
DK,2020,Fifth quintile,52750,0.348228490701804,348.228490701804,Eurostat hbs_exp_t133 PPS_HH; equal household income quintiles
EE,2005,First quintile,5561,0.102592011807029,102.592011807029,Eurostat hbs_exp_t133 PPS_HH; equal household income quintiles
EE,2005,Second quintile,7286,0.134415644313255,134.415644313255,Eurostat hbs_exp_t133 PPS_HH; equal household income quintiles
EE,2005,Third quintile,8900,0.164191495249516,164.191495249516,Eurostat hbs_exp_t133 PPS_HH; equal household income quintiles
EE,2005,Fourth quintile,12741,0.23505211696338,235.05211696338,Eurostat hbs_exp_t133 PPS_HH; equal household income quintiles
EE,2005,Fifth quintile,19717,0.36374873166682,363.74873166682,Eurostat hbs_exp_t133 PPS_HH; equal household income quintiles
EE,2010,First quintile,4389,0.0842741935483871,84.2741935483871,Eurostat hbs_exp_t133 PPS_HH; equal household income quintiles
EE,2010,Second quintile,6724,0.129109062980031,129.109062980031,Eurostat hbs_exp_t133 PPS_HH; equal household income quintiles
EE,2010,Third quintile,8502,0.163248847926267,163.248847926267,Eurostat hbs_exp_t133 PPS_HH; equal household income quintiles
EE,2010,Fourth quintile,12476,0.239554531490015,239.554531490015,Eurostat hbs_exp_t133 PPS_HH; equal household income quintiles
EE,2010,Fifth quintile,19989,0.3838133640553,383.8133640553,Eurostat hbs_exp_t133 PPS_HH; equal household income quintiles
EE,2015,First quintile,5750,0.0701852891633914,70.1852891633914,Eurostat hbs_exp_t133 PPS_HH; equal household income quintiles
EE,2015,Second quintile,9905,0.12090178941972,120.90178941972,Eurostat hbs_exp_t133 PPS_HH; equal household income quintiles
EE,2015,Third quintile,14290,0.174425701242585,174.425701242585,Eurostat hbs_exp_t133 PPS_HH; equal household income quintiles
EE,2015,Fourth quintile,20636,0.251885848204477,251.885848204477,Eurostat hbs_exp_t133 PPS_HH; equal household income quintiles
EE,2015,Fifth quintile,31345,0.382601371969826,382.601371969826,Eurostat hbs_exp_t133 PPS_HH; equal household income quintiles
EE,2020,First quintile,7331,0.0828782997004126,82.8782997004126,Eurostat hbs_exp_t133 PPS_HH; equal household income quintiles
EE,2020,Second quintile,11851,0.13397772878865,133.97772878865,Eurostat hbs_exp_t133 PPS_HH; equal household income quintiles
EE,2020,Third quintile,15820,0.178848001808829,178.848001808829,Eurostat hbs_exp_t133 PPS_HH; equal household income quintiles
EE,2020,Fourth quintile,20795,0.23509128935617,235.09128935617,Eurostat hbs_exp_t133 PPS_HH; equal household income quintiles
EE,2020,Fifth quintile,32658,0.369204680345939,369.204680345939,Eurostat hbs_exp_t133 PPS_HH; equal household income quintiles
EL,1988,First quintile,7891,0.102059028945394,102.059028945394,Eurostat hbs_exp_t133 PPS_HH; equal household income quintiles
EL,1988,Second quintile,12075,0.156173206756512,156.173206756512,Eurostat hbs_exp_t133 PPS_HH; equal household income quintiles
EL,1988,Third quintile,15145,0.195879355389431,195.879355389431,Eurostat hbs_exp_t133 PPS_HH; equal household income quintiles
EL,1988,Fourth quintile,18091,0.233981737758349,233.981737758349,Eurostat hbs_exp_t133 PPS_HH; equal household income quintiles
EL,1988,Fifth quintile,24116,0.311906671150314,311.906671150314,Eurostat hbs_exp_t133 PPS_HH; equal household income quintiles
EL,1994,First quintile,10285,0.11622125543816,116.22125543816,Eurostat hbs_exp_t133 PPS_HH; equal household income quintiles
EL,1994,Second quintile,13593,0.15360189841234,153.60189841234,Eurostat hbs_exp_t133 PPS_HH; equal household income quintiles
EL,1994,Third quintile,16389,0.185196903779875,185.196903779875,Eurostat hbs_exp_t133 PPS_HH; equal household income quintiles
EL,1994,Fourth quintile,20314,0.229549692072998,229.549692072998,Eurostat hbs_exp_t133 PPS_HH; equal household income quintiles
EL,1994,Fifth quintile,27914,0.315430250296627,315.430250296627,Eurostat hbs_exp_t133 PPS_HH; equal household income quintiles
EL,1999,First quintile,12570,0.107440488909782,107.440488909782,Eurostat hbs_exp_t133 PPS_HH; equal household income quintiles
EL,1999,Second quintile,17056,0.145784007863584,145.784007863584,Eurostat hbs_exp_t133 PPS_HH; equal household income quintiles
EL,1999,Third quintile,21655,0.185093380058977,185.093380058977,Eurostat hbs_exp_t133 PPS_HH; equal household income quintiles
EL,1999,Fourth quintile,27117,0.231779135860507,231.779135860507,Eurostat hbs_exp_t133 PPS_HH; equal household income quintiles
EL,1999,Fifth quintile,38597,0.32990298730715,329.90298730715,Eurostat hbs_exp_t133 PPS_HH; equal household income quintiles
EL,2005,First quintile,18617,0.120214380266684,120.214380266684,Eurostat hbs_exp_t133 PPS_HH; equal household income quintiles
EL,2005,Second quintile,22926,0.148038614276951,148.038614276951,Eurostat hbs_exp_t133 PPS_HH; equal household income quintiles
EL,2005,Third quintile,27629,0.178406999644852,178.406999644852,Eurostat hbs_exp_t133 PPS_HH; equal household income quintiles
EL,2005,Fourth quintile,35673,0.230349013657056,230.349013657056,Eurostat hbs_exp_t133 PPS_HH; equal household income quintiles
EL,2005,Fifth quintile,50020,0.322990992154457,322.990992154457,Eurostat hbs_exp_t133 PPS_HH; equal household income quintiles
EL,2010,First quintile,13950,0.0930589373269737,93.0589373269738,Eurostat hbs_exp_t133 PPS_HH; equal household income quintiles
EL,2010,Second quintile,19235,0.128314599246189,128.314599246189,Eurostat hbs_exp_t133 PPS_HH; equal household income quintiles
EL,2010,Third quintile,25445,0.169740835862713,169.740835862713,Eurostat hbs_exp_t133 PPS_HH; equal household income quintiles
EL,2010,Fourth quintile,34751,0.231820152763417,231.820152763417,Eurostat hbs_exp_t133 PPS_HH; equal household income quintiles
EL,2010,Fifth quintile,56524,0.377065474800707,377.065474800707,Eurostat hbs_exp_t133 PPS_HH; equal household income quintiles
EL,2015,First quintile,13073,0.108037750818155,108.037750818155,Eurostat hbs_exp_t133 PPS_HH; equal household income quintiles
EL,2015,Second quintile,16272,0.134474893391954,134.474893391954,Eurostat hbs_exp_t133 PPS_HH; equal household income quintiles
EL,2015,Third quintile,21472,0.1774486793825,177.4486793825,Eurostat hbs_exp_t133 PPS_HH; equal household income quintiles
EL,2015,Fourth quintile,27860,0.230240322633963,230.240322633963,Eurostat hbs_exp_t133 PPS_HH; equal household income quintiles
EL,2015,Fifth quintile,42327,0.349798353773429,349.798353773429,Eurostat hbs_exp_t133 PPS_HH; equal household income quintiles
EL,2020,First quintile,12462,0.110620922284852,110.620922284852,Eurostat hbs_exp_t133 PPS_HH; equal household income quintiles
EL,2020,Second quintile,15925,0.141360791797967,141.360791797967,Eurostat hbs_exp_t133 PPS_HH; equal household income quintiles
EL,2020,Third quintile,20816,0.184776530114065,184.776530114065,Eurostat hbs_exp_t133 PPS_HH; equal household income quintiles
EL,2020,Fourth quintile,25959,0.230429186454219,230.429186454219,Eurostat hbs_exp_t133 PPS_HH; equal household income quintiles
EL,2020,Fifth quintile,37493,0.332812569348897,332.812569348897,Eurostat hbs_exp_t133 PPS_HH; equal household income quintiles
ES,1988,First quintile,9151,0.11896002599935,118.96002599935,Eurostat hbs_exp_t133 PPS_HH; equal household income quintiles
ES,1988,Second quintile,12606,0.163873903152421,163.873903152421,Eurostat hbs_exp_t133 PPS_HH; equal household income quintiles
ES,1988,Third quintile,15244,0.198167045823854,198.167045823854,Eurostat hbs_exp_t133 PPS_HH; equal household income quintiles
ES,1988,Fourth quintile,17064,0.221826454338642,221.826454338642,Eurostat hbs_exp_t133 PPS_HH; equal household income quintiles
ES,1988,Fifth quintile,22860,0.297172570685733,297.172570685733,Eurostat hbs_exp_t133 PPS_HH; equal household income quintiles
ES,1994,First quintile,12690,0.129599558810013,129.599558810013,Eurostat hbs_exp_t133 PPS_HH; equal household income quintiles
ES,1994,Second quintile,16199,0.165436032558187,165.436032558187,Eurostat hbs_exp_t133 PPS_HH; equal household income quintiles
ES,1994,Third quintile,18200,0.185871707670782,185.871707670782,Eurostat hbs_exp_t133 PPS_HH; equal household income quintiles
ES,1994,Fourth quintile,22268,0.22741709815456,227.41709815456,Eurostat hbs_exp_t133 PPS_HH; equal household income quintiles
ES,1994,Fifth quintile,28560,0.291675602806459,291.675602806459,Eurostat hbs_exp_t133 PPS_HH; equal household income quintiles
ES,1999,First quintile,13955,0.137912973010367,137.912973010367,Eurostat hbs_exp_t133 PPS_HH; equal household income quintiles
ES,1999,Second quintile,16513,0.163192900273751,163.192900273751,Eurostat hbs_exp_t133 PPS_HH; equal household income quintiles
ES,1999,Third quintile,18879,0.186575350588514,186.575350588514,Eurostat hbs_exp_t133 PPS_HH; equal household income quintiles
ES,1999,Fourth quintile,22057,0.21798254716515,217.98254716515,Eurostat hbs_exp_t133 PPS_HH; equal household income quintiles
ES,1999,Fifth quintile,29783,0.294336228962218,294.336228962218,Eurostat hbs_exp_t133 PPS_HH; equal household income quintiles
ES,2005,First quintile,16874,0.129667340336425,129.667340336425,Eurostat hbs_exp_t133 PPS_HH; equal household income quintiles
ES,2005,Second quintile,21609,0.16605319173461,166.05319173461,Eurostat hbs_exp_t133 PPS_HH; equal household income quintiles
ES,2005,Third quintile,25164,0.193371396955423,193.371396955423,Eurostat hbs_exp_t133 PPS_HH; equal household income quintiles
ES,2005,Fourth quintile,28816,0.221434993429799,221.434993429799,Eurostat hbs_exp_t133 PPS_HH; equal household income quintiles
ES,2005,Fifth quintile,37670,0.289473077543744,289.473077543744,Eurostat hbs_exp_t133 PPS_HH; equal household income quintiles
ES,2010,First quintile,15662,0.101416148103061,101.416148103061,Eurostat hbs_exp_t133 PPS_HH; equal household income quintiles
ES,2010,Second quintile,22262,0.14415312789365,144.15312789365,Eurostat hbs_exp_t133 PPS_HH; equal household income quintiles
ES,2010,Third quintile,28915,0.187233298582557,187.233298582557,Eurostat hbs_exp_t133 PPS_HH; equal household income quintiles
ES,2010,Fourth quintile,35784,0.231712134064611,231.712134064611,Eurostat hbs_exp_t133 PPS_HH; equal household income quintiles
ES,2010,Fifth quintile,51810,0.335485291356122,335.485291356122,Eurostat hbs_exp_t133 PPS_HH; equal household income quintiles
ES,2015,First quintile,15066,0.0996942867352205,99.6942867352205,Eurostat hbs_exp_t133 PPS_HH; equal household income quintiles
ES,2015,Second quintile,21959,0.145306441153505,145.306441153505,Eurostat hbs_exp_t133 PPS_HH; equal household income quintiles
ES,2015,Third quintile,27937,0.184863884808301,184.863884808301,Eurostat hbs_exp_t133 PPS_HH; equal household income quintiles
ES,2015,Fourth quintile,34700,0.229615807096253,229.615807096253,Eurostat hbs_exp_t133 PPS_HH; equal household income quintiles
ES,2015,Fifth quintile,51460,0.34051958020672,340.51958020672,Eurostat hbs_exp_t133 PPS_HH; equal household income quintiles
ES,2020,First quintile,14446,0.104362023377787,104.362023377787,Eurostat hbs_exp_t133 PPS_HH; equal household income quintiles
ES,2020,Second quintile,21091,0.152367398245944,152.367398245944,Eurostat hbs_exp_t133 PPS_HH; equal household income quintiles
ES,2020,Third quintile,26386,0.190619988152172,190.619988152172,Eurostat hbs_exp_t133 PPS_HH; equal household income quintiles
ES,2020,Fourth quintile,31393,0.22679198393319,226.79198393319,Eurostat hbs_exp_t133 PPS_HH; equal household income quintiles
ES,2020,Fifth quintile,45106,0.325858606290908,325.858606290908,Eurostat hbs_exp_t133 PPS_HH; equal household income quintiles
EU15,1994,First quintile,12243,0.117067153689485,117.067153689485,Eurostat hbs_exp_t133 PPS_HH; equal household income quintiles
EU15,1994,Second quintile,15975,0.152752412006005,152.752412006005,Eurostat hbs_exp_t133 PPS_HH; equal household income quintiles
EU15,1994,Third quintile,19573,0.187156366835276,187.156366835276,Eurostat hbs_exp_t133 PPS_HH; equal household income quintiles
EU15,1994,Fourth quintile,24141,0.230835428997619,230.835428997619,Eurostat hbs_exp_t133 PPS_HH; equal household income quintiles
EU15,1994,Fifth quintile,32649,0.312188638471615,312.188638471615,Eurostat hbs_exp_t133 PPS_HH; equal household income quintiles
EU15,1999,First quintile,14950,0.120707613057415,120.707613057415,Eurostat hbs_exp_t133 PPS_HH; equal household income quintiles
EU15,1999,Second quintile,19421,0.15680685974502,156.80685974502,Eurostat hbs_exp_t133 PPS_HH; equal household income quintiles
EU15,1999,Third quintile,23638,0.190855288123824,190.855288123824,Eurostat hbs_exp_t133 PPS_HH; equal household income quintiles
EU15,1999,Fourth quintile,28211,0.227778091770082,227.778091770082,Eurostat hbs_exp_t133 PPS_HH; equal household income quintiles
EU15,1999,Fifth quintile,37633,0.303852147303658,303.852147303658,Eurostat hbs_exp_t133 PPS_HH; equal household income quintiles
EU15,2005,First quintile,16423,0.114818854258428,114.818854258428,Eurostat hbs_exp_t133 PPS_HH; equal household income quintiles
EU15,2005,Second quintile,21795,0.152376358068711,152.376358068711,Eurostat hbs_exp_t133 PPS_HH; equal household income quintiles
EU15,2005,Third quintile,26811,0.187444943160367,187.444943160367,Eurostat hbs_exp_t133 PPS_HH; equal household income quintiles
EU15,2005,Fourth quintile,32571,0.227715088720164,227.715088720164,Eurostat hbs_exp_t133 PPS_HH; equal household income quintiles
EU15,2005,Fifth quintile,45434,0.317644755792329,317.644755792329,Eurostat hbs_exp_t133 PPS_HH; equal household income quintiles
EU15,2010,First quintile,13840,0.0991034858075788,99.1034858075788,Eurostat hbs_exp_t133 PPS_HH; equal household income quintiles
EU15,2010,Second quintile,19195,0.137448801306104,137.448801306104,Eurostat hbs_exp_t133 PPS_HH; equal household income quintiles
EU15,2010,Third quintile,25455,0.182274510927162,182.274510927162,Eurostat hbs_exp_t133 PPS_HH; equal household income quintiles
EU15,2010,Fourth quintile,32801,0.23487669349526,234.87669349526,Eurostat hbs_exp_t133 PPS_HH; equal household income quintiles
EU15,2010,Fifth quintile,48361,0.346296508463896,346.296508463896,Eurostat hbs_exp_t133 PPS_HH; equal household income quintiles
EU25,2005,First quintile,14872,0.114980207817912,114.980207817912,Eurostat hbs_exp_t133 PPS_HH; equal household income quintiles
EU25,2005,Second quintile,19663,0.1520209673429,152.0209673429,Eurostat hbs_exp_t133 PPS_HH; equal household income quintiles
EU25,2005,Third quintile,24184,0.186974270163286,186.974270163286,Eurostat hbs_exp_t133 PPS_HH; equal household income quintiles
EU25,2005,Fourth quintile,29451,0.227695138545275,227.695138545275,Eurostat hbs_exp_t133 PPS_HH; equal household income quintiles
EU25,2005,Fifth quintile,41174,0.318329416130628,318.329416130628,Eurostat hbs_exp_t133 PPS_HH; equal household income quintiles
EU25,2010,First quintile,12737,0.0992999033274082,99.2999033274083,Eurostat hbs_exp_t133 PPS_HH; equal household income quintiles
EU25,2010,Second quintile,17739,0.138296379455515,138.296379455515,Eurostat hbs_exp_t133 PPS_HH; equal household income quintiles
EU25,2010,Third quintile,23426,0.182633236660742,182.633236660742,Eurostat hbs_exp_t133 PPS_HH; equal household income quintiles
EU25,2010,Fourth quintile,30108,0.234727289737113,234.727289737113,Eurostat hbs_exp_t133 PPS_HH; equal household income quintiles
EU25,2010,Fifth quintile,44258,0.345043190819222,345.043190819222,Eurostat hbs_exp_t133 PPS_HH; equal household income quintiles
EU27_2007,2005,First quintile,14165,0.114854455525825,114.854455525825,Eurostat hbs_exp_t133 PPS_HH; equal household income quintiles
EU27_2007,2005,Second quintile,18741,0.151958161031379,151.958161031379,Eurostat hbs_exp_t133 PPS_HH; equal household income quintiles
EU27_2007,2005,Third quintile,23059,0.186969918105895,186.969918105895,Eurostat hbs_exp_t133 PPS_HH; equal household income quintiles
EU27_2007,2005,Fourth quintile,28086,0.227730479202141,227.730479202141,Eurostat hbs_exp_t133 PPS_HH; equal household income quintiles
EU27_2007,2005,Fifth quintile,39279,0.31848698613476,318.48698613476,Eurostat hbs_exp_t133 PPS_HH; equal household income quintiles
EU27_2007,2010,First quintile,12201,0.099038914232836,99.038914232836,Eurostat hbs_exp_t133 PPS_HH; equal household income quintiles
EU27_2007,2010,Second quintile,17041,0.138326541877039,138.326541877039,Eurostat hbs_exp_t133 PPS_HH; equal household income quintiles
EU27_2007,2010,Third quintile,22503,0.182663116710229,182.663116710229,Eurostat hbs_exp_t133 PPS_HH; equal household income quintiles
EU27_2007,2010,Fourth quintile,28928,0.234816630680066,234.816630680066,Eurostat hbs_exp_t133 PPS_HH; equal household income quintiles
EU27_2007,2010,Fifth quintile,42521,0.34515479649983,345.15479649983,Eurostat hbs_exp_t133 PPS_HH; equal household income quintiles
EU27_2020,2015,First quintile,12911,0.0974098971654482,97.4098971654482,Eurostat hbs_exp_t133 PPS_HH; equal household income quintiles
EU27_2020,2015,Second quintile,18637,0.140610971533766,140.610971533766,Eurostat hbs_exp_t133 PPS_HH; equal household income quintiles
EU27_2020,2015,Third quintile,24381,0.183947850886128,183.947850886128,Eurostat hbs_exp_t133 PPS_HH; equal household income quintiles
EU27_2020,2015,Fourth quintile,31304,0.2361799566933,236.1799566933,Eurostat hbs_exp_t133 PPS_HH; equal household income quintiles
EU27_2020,2015,Fifth quintile,45310,0.341851323721358,341.851323721358,Eurostat hbs_exp_t133 PPS_HH; equal household income quintiles
EU27_2020,2020,First quintile,13485,0.100720767823132,100.720767823132,Eurostat hbs_exp_t133 PPS_HH; equal household income quintiles
EU27_2020,2020,Second quintile,19104,0.142689621690257,142.689621690257,Eurostat hbs_exp_t133 PPS_HH; equal household income quintiles
EU27_2020,2020,Third quintile,24856,0.185651865406879,185.651865406879,Eurostat hbs_exp_t133 PPS_HH; equal household income quintiles
EU27_2020,2020,Fourth quintile,31589,0.235941292900624,235.941292900624,Eurostat hbs_exp_t133 PPS_HH; equal household income quintiles
EU27_2020,2020,Fifth quintile,44851,0.334996452179109,334.996452179109,Eurostat hbs_exp_t133 PPS_HH; equal household income quintiles
FI,1994,First quintile,9247,0.115512416928996,115.512416928996,Eurostat hbs_exp_t133 PPS_HH; equal household income quintiles
FI,1994,Second quintile,12307,0.153737570579124,153.737570579124,Eurostat hbs_exp_t133 PPS_HH; equal household income quintiles
FI,1994,Third quintile,15536,0.194073851996202,194.073851996202,Eurostat hbs_exp_t133 PPS_HH; equal household income quintiles
FI,1994,Fourth quintile,18228,0.227701993704092,227.701993704092,Eurostat hbs_exp_t133 PPS_HH; equal household income quintiles
FI,1994,Fifth quintile,24734,0.308974166791585,308.974166791585,Eurostat hbs_exp_t133 PPS_HH; equal household income quintiles
FI,1999,First quintile,10021,0.110067659593164,110.067659593164,Eurostat hbs_exp_t133 PPS_HH; equal household income quintiles
FI,1999,Second quintile,14014,0.15392557444752,153.92557444752,Eurostat hbs_exp_t133 PPS_HH; equal household income quintiles
FI,1999,Third quintile,18082,0.198607266816045,198.607266816045,Eurostat hbs_exp_t133 PPS_HH; equal household income quintiles
FI,1999,Fourth quintile,21499,0.236138570361583,236.138570361583,Eurostat hbs_exp_t133 PPS_HH; equal household income quintiles
FI,1999,Fifth quintile,27428,0.301260928781688,301.260928781688,Eurostat hbs_exp_t133 PPS_HH; equal household income quintiles
FI,2005,First quintile,13085,0.107456680627412,107.456680627412,Eurostat hbs_exp_t133 PPS_HH; equal household income quintiles
FI,2005,Second quintile,18508,0.151991459308532,151.991459308532,Eurostat hbs_exp_t133 PPS_HH; equal household income quintiles
FI,2005,Third quintile,23438,0.192477621745914,192.477621745914,Eurostat hbs_exp_t133 PPS_HH; equal household income quintiles
FI,2005,Fourth quintile,28640,0.235197503490186,235.197503490186,Eurostat hbs_exp_t133 PPS_HH; equal household income quintiles
FI,2005,Fifth quintile,38099,0.312876734827954,312.876734827954,Eurostat hbs_exp_t133 PPS_HH; equal household income quintiles
FI,2010,First quintile,11719,0.0868099795549498,86.8099795549498,Eurostat hbs_exp_t133 PPS_HH; equal household income quintiles
FI,2010,Second quintile,17225,0.127596373225873,127.596373225873,Eurostat hbs_exp_t133 PPS_HH; equal household income quintiles
FI,2010,Third quintile,23871,0.176827461554416,176.827461554416,Eurostat hbs_exp_t133 PPS_HH; equal household income quintiles
FI,2010,Fourth quintile,33047,0.244799845921361,244.799845921361,Eurostat hbs_exp_t133 PPS_HH; equal household income quintiles
FI,2010,Fifth quintile,49134,0.3639663397434,363.9663397434,Eurostat hbs_exp_t133 PPS_HH; equal household income quintiles
FI,2015,First quintile,13792,0.0895613493944609,89.5613493944609,Eurostat hbs_exp_t133 PPS_HH; equal household income quintiles
FI,2015,Second quintile,20196,0.131147115166077,131.147115166077,Eurostat hbs_exp_t133 PPS_HH; equal household income quintiles
FI,2015,Third quintile,27151,0.176310919185688,176.310919185688,Eurostat hbs_exp_t133 PPS_HH; equal household income quintiles
FI,2015,Fourth quintile,37377,0.242715672586772,242.715672586772,Eurostat hbs_exp_t133 PPS_HH; equal household income quintiles
FI,2015,Fifth quintile,55479,0.360264943667002,360.264943667002,Eurostat hbs_exp_t133 PPS_HH; equal household income quintiles
FI,2020,First quintile,13168,0.0913924015491179,91.3924015491179,Eurostat hbs_exp_t133 PPS_HH; equal household income quintiles
FI,2020,Second quintile,18911,0.131251648366902,131.251648366902,Eurostat hbs_exp_t133 PPS_HH; equal household income quintiles
FI,2020,Third quintile,25857,0.179460307324996,179.460307324996,Eurostat hbs_exp_t133 PPS_HH; equal household income quintiles
FI,2020,Fourth quintile,34769,0.241313973987035,241.313973987035,Eurostat hbs_exp_t133 PPS_HH; equal household income quintiles
FI,2020,Fifth quintile,51377,0.356581668771949,356.581668771949,Eurostat hbs_exp_t133 PPS_HH; equal household income quintiles
FR,1988,First quintile,10885,0.131130359358624,131.130359358624,Eurostat hbs_exp_t133 PPS_HH; equal household income quintiles
FR,1988,Second quintile,11905,0.143418183570456,143.418183570456,Eurostat hbs_exp_t133 PPS_HH; equal household income quintiles
FR,1988,Third quintile,14942,0.180004577816863,180.004577816863,Eurostat hbs_exp_t133 PPS_HH; equal household income quintiles
FR,1988,Fourth quintile,18301,0.220470069510535,220.470069510535,Eurostat hbs_exp_t133 PPS_HH; equal household income quintiles
FR,1988,Fifth quintile,26976,0.324976809743522,324.976809743522,Eurostat hbs_exp_t133 PPS_HH; equal household income quintiles
FR,1994,First quintile,13843,0.12405455783776,124.05455783776,Eurostat hbs_exp_t133 PPS_HH; equal household income quintiles
FR,1994,Second quintile,17185,0.154004014768613,154.004014768613,Eurostat hbs_exp_t133 PPS_HH; equal household income quintiles
FR,1994,Third quintile,21021,0.188380471018389,188.380471018389,Eurostat hbs_exp_t133 PPS_HH; equal household income quintiles
FR,1994,Fourth quintile,25764,0.230885041402301,230.885041402301,Eurostat hbs_exp_t133 PPS_HH; equal household income quintiles
FR,1994,Fifth quintile,33775,0.302675914972936,302.675914972936,Eurostat hbs_exp_t133 PPS_HH; equal household income quintiles
FR,1999,First quintile,15457,0.125688125614942,125.688125614942,Eurostat hbs_exp_t133 PPS_HH; equal household income quintiles
FR,1999,Second quintile,19452,0.158173346668943,158.173346668944,Eurostat hbs_exp_t133 PPS_HH; equal household income quintiles
FR,1999,Third quintile,23391,0.190203205425317,190.203205425317,Eurostat hbs_exp_t133 PPS_HH; equal household income quintiles
FR,1999,Fourth quintile,28348,0.230510900234999,230.510900234999,Eurostat hbs_exp_t133 PPS_HH; equal household income quintiles
FR,1999,Fifth quintile,36331,0.295424422055798,295.424422055798,Eurostat hbs_exp_t133 PPS_HH; equal household income quintiles
FR,2005,First quintile,18069,0.129591909918956,129.591909918956,Eurostat hbs_exp_t133 PPS_HH; equal household income quintiles
FR,2005,Second quintile,23095,0.165638671734921,165.638671734921,Eurostat hbs_exp_t133 PPS_HH; equal household income quintiles
FR,2005,Third quintile,27003,0.193667073083268,193.667073083268,Eurostat hbs_exp_t133 PPS_HH; equal household income quintiles
FR,2005,Fourth quintile,31243,0.224076597575844,224.076597575845,Eurostat hbs_exp_t133 PPS_HH; equal household income quintiles
FR,2005,Fifth quintile,40020,0.287025747687011,287.025747687011,Eurostat hbs_exp_t133 PPS_HH; equal household income quintiles
FR,2010,First quintile,13668,0.0989409524912591,98.9409524912591,Eurostat hbs_exp_t133 PPS_HH; equal household income quintiles
FR,2010,Second quintile,19219,0.139123951267889,139.123951267889,Eurostat hbs_exp_t133 PPS_HH; equal household income quintiles
FR,2010,Third quintile,25320,0.183288331656327,183.288331656327,Eurostat hbs_exp_t133 PPS_HH; equal household income quintiles
FR,2010,Fourth quintile,32968,0.238651252687433,238.651252687433,Eurostat hbs_exp_t133 PPS_HH; equal household income quintiles
FR,2010,Fifth quintile,46968,0.339995511897092,339.995511897092,Eurostat hbs_exp_t133 PPS_HH; equal household income quintiles
FR,2015,First quintile,14627,0.0986025629790418,98.6025629790418,Eurostat hbs_exp_t133 PPS_HH; equal household income quintiles
FR,2015,Second quintile,20545,0.138496592356903,138.496592356903,Eurostat hbs_exp_t133 PPS_HH; equal household income quintiles
FR,2015,Third quintile,27088,0.182603830312182,182.603830312182,Eurostat hbs_exp_t133 PPS_HH; equal household income quintiles
FR,2015,Fourth quintile,34936,0.235508247777111,235.508247777111,Eurostat hbs_exp_t133 PPS_HH; equal household income quintiles
FR,2015,Fifth quintile,51147,0.344788766574763,344.788766574763,Eurostat hbs_exp_t133 PPS_HH; equal household income quintiles
FR,2017,Décile1,16123,0.0588557390094947,58.8557390094948,Insee Les depenses des menages en 2017 TF101/TF102/TF106
FR,2017,Décile2,18321,0.0668793645346991,66.8793645346991,Insee Les depenses des menages en 2017 TF101/TF102/TF106
FR,2017,Décile3,20070,0.0732639509967475,73.2639509967475,Insee Les depenses des menages en 2017 TF101/TF102/TF106
FR,2017,Décile4,22637,0.082634581899022,82.6345818990221,Insee Les depenses des menages en 2017 TF101/TF102/TF106
FR,2017,Décile5,23787,0.0868325661365039,86.8325661365038,Insee Les depenses des menages en 2017 TF101/TF102/TF106
FR,2017,Décile6,27080,0.0988534027400061,98.8534027400061,Insee Les depenses des menages en 2017 TF101/TF102/TF106
FR,2017,Décile7,29059,0.106077586049551,106.077586049551,Insee Les depenses des menages en 2017 TF101/TF102/TF106
FR,2017,Décile8,32645,0.119167996028342,119.167996028342,Insee Les depenses des menages en 2017 TF101/TF102/TF106
FR,2017,Décile9,35867,0.130929652735443,130.929652735443,Insee Les depenses des menages en 2017 TF101/TF102/TF106
FR,2017,Décile10,48352,0.176505159870191,176.505159870191,Insee Les depenses des menages en 2017 TF101/TF102/TF106
FR,2020,First quintile,14279,0.0986037068751208,98.6037068751209,Eurostat hbs_exp_t133 PPS_HH; equal household income quintiles
FR,2020,Second quintile,20056,0.138496809656658,138.496809656658,Eurostat hbs_exp_t133 PPS_HH; equal household income quintiles
FR,2020,Third quintile,26443,0.182602270530067,182.602270530067,Eurostat hbs_exp_t133 PPS_HH; equal household income quintiles
FR,2020,Fourth quintile,34104,0.235505344860923,235.505344860923,Eurostat hbs_exp_t133 PPS_HH; equal household income quintiles
FR,2020,Fifth quintile,49930,0.344791868077231,344.791868077231,Eurostat hbs_exp_t133 PPS_HH; equal household income quintiles
HR,2005,First quintile,9324,0.110763967260243,110.763967260243,Eurostat hbs_exp_t133 PPS_HH; equal household income quintiles
HR,2005,Second quintile,12375,0.147008161180342,147.008161180342,Eurostat hbs_exp_t133 PPS_HH; equal household income quintiles
HR,2005,Third quintile,16096,0.191211584837073,191.211584837073,Eurostat hbs_exp_t133 PPS_HH; equal household income quintiles
HR,2005,Fourth quintile,19767,0.234821036125399,234.821036125399,Eurostat hbs_exp_t133 PPS_HH; equal household income quintiles
HR,2005,Fifth quintile,26617,0.316195250596942,316.195250596942,Eurostat hbs_exp_t133 PPS_HH; equal household income quintiles
HR,2010,First quintile,7836,0.0908437478262886,90.8437478262886,Eurostat hbs_exp_t133 PPS_HH; equal household income quintiles
HR,2010,Second quintile,12324,0.142873704467991,142.873704467991,Eurostat hbs_exp_t133 PPS_HH; equal household income quintiles
HR,2010,Third quintile,16647,0.19299079505669,192.99079505669,Eurostat hbs_exp_t133 PPS_HH; equal household income quintiles
HR,2010,Fourth quintile,21221,0.246017760671474,246.017760671474,Eurostat hbs_exp_t133 PPS_HH; equal household income quintiles
HR,2010,Fifth quintile,28230,0.327273991977556,327.273991977556,Eurostat hbs_exp_t133 PPS_HH; equal household income quintiles
HR,2015,First quintile,8801,0.0872777397633852,87.2777397633852,Eurostat hbs_exp_t133 PPS_HH; equal household income quintiles
HR,2015,Second quintile,14300,0.141810212318647,141.810212318647,Eurostat hbs_exp_t133 PPS_HH; equal household income quintiles
HR,2015,Third quintile,19854,0.196888108767441,196.888108767441,Eurostat hbs_exp_t133 PPS_HH; equal household income quintiles
HR,2015,Fourth quintile,24682,0.244766409821597,244.766409821597,Eurostat hbs_exp_t133 PPS_HH; equal household income quintiles
HR,2015,Fifth quintile,33202,0.32925752932893,329.25752932893,Eurostat hbs_exp_t133 PPS_HH; equal household income quintiles
HR,2020,First quintile,9329,0.0851605718145802,85.1605718145802,Eurostat hbs_exp_t133 PPS_HH; equal household income quintiles
HR,2020,Second quintile,16217,0.148038267029376,148.038267029376,Eurostat hbs_exp_t133 PPS_HH; equal household income quintiles
HR,2020,Third quintile,22030,0.201102733098424,201.102733098424,Eurostat hbs_exp_t133 PPS_HH; equal household income quintiles
HR,2020,Fourth quintile,26197,0.239141547842915,239.141547842915,Eurostat hbs_exp_t133 PPS_HH; equal household income quintiles
HR,2020,Fifth quintile,35773,0.326556880214704,326.556880214704,Eurostat hbs_exp_t133 PPS_HH; equal household income quintiles
HU,2005,First quintile,6743,0.12612696868804,126.12696868804,Eurostat hbs_exp_t133 PPS_HH; equal household income quintiles
HU,2005,Second quintile,7829,0.146440462384497,146.440462384497,Eurostat hbs_exp_t133 PPS_HH; equal household income quintiles
HU,2005,Third quintile,9721,0.18183008492013,181.83008492013,Eurostat hbs_exp_t133 PPS_HH; equal household income quintiles
HU,2005,Fourth quintile,11712,0.219071490030302,219.071490030302,Eurostat hbs_exp_t133 PPS_HH; equal household income quintiles
HU,2005,Fifth quintile,17457,0.32653099397703,326.53099397703,Eurostat hbs_exp_t133 PPS_HH; equal household income quintiles
HU,2010,First quintile,7155,0.10596389378434,105.96389378434,Eurostat hbs_exp_t133 PPS_HH; equal household income quintiles
HU,2010,Second quintile,10105,0.149652710928128,149.652710928128,Eurostat hbs_exp_t133 PPS_HH; equal household income quintiles
HU,2010,Third quintile,12750,0.188824548672304,188.824548672304,Eurostat hbs_exp_t133 PPS_HH; equal household income quintiles
HU,2010,Fourth quintile,15668,0.232039453223346,232.039453223346,Eurostat hbs_exp_t133 PPS_HH; equal household income quintiles
HU,2010,Fifth quintile,21845,0.323519393391881,323.519393391881,Eurostat hbs_exp_t133 PPS_HH; equal household income quintiles
HU,2015,First quintile,8129,0.101602339766023,101.602339766023,Eurostat hbs_exp_t133 PPS_HH; equal household income quintiles
HU,2015,Second quintile,11564,0.144535546445355,144.535546445355,Eurostat hbs_exp_t133 PPS_HH; equal household income quintiles
HU,2015,Third quintile,14465,0.180794420557944,180.794420557944,Eurostat hbs_exp_t133 PPS_HH; equal household income quintiles
HU,2015,Fourth quintile,18912,0.236376362363764,236.376362363764,Eurostat hbs_exp_t133 PPS_HH; equal household income quintiles
HU,2015,Fifth quintile,26938,0.336691330866913,336.691330866913,Eurostat hbs_exp_t133 PPS_HH; equal household income quintiles
HU,2020,First quintile,11822,0.10776270692044,107.76270692044,Eurostat hbs_exp_t133 PPS_HH; equal household income quintiles
HU,2020,Second quintile,16724,0.152446583533873,152.446583533873,Eurostat hbs_exp_t133 PPS_HH; equal household income quintiles
HU,2020,Third quintile,20696,0.188653102895063,188.653102895063,Eurostat hbs_exp_t133 PPS_HH; equal household income quintiles
HU,2020,Fourth quintile,25093,0.228733683366149,228.733683366149,Eurostat hbs_exp_t133 PPS_HH; equal household income quintiles
HU,2020,Fifth quintile,35369,0.322403923284475,322.403923284475,Eurostat hbs_exp_t133 PPS_HH; equal household income quintiles
IE,1994,First quintile,13083,0.117641240524768,117.641240524768,Eurostat hbs_exp_t133 PPS_HH; equal household income quintiles
IE,1994,Second quintile,15927,0.1432142503889,143.2142503889,Eurostat hbs_exp_t133 PPS_HH; equal household income quintiles
IE,1994,Third quintile,21904,0.196958933918407,196.958933918407,Eurostat hbs_exp_t133 PPS_HH; equal household income quintiles
IE,1994,Fourth quintile,28002,0.251791639316255,251.791639316255,Eurostat hbs_exp_t133 PPS_HH; equal household income quintiles
IE,1994,Fifth quintile,32295,0.290393935851669,290.393935851669,Eurostat hbs_exp_t133 PPS_HH; equal household income quintiles
IE,1999,First quintile,27102,0.182205668800086,182.205668800086,Eurostat hbs_exp_t133 PPS_HH; equal household income quintiles
IE,1999,Second quintile,25612,0.172188458021836,172.188458021836,Eurostat hbs_exp_t133 PPS_HH; equal household income quintiles
IE,1999,Third quintile,27904,0.187597482923681,187.597482923681,Eurostat hbs_exp_t133 PPS_HH; equal household income quintiles
IE,1999,Fourth quintile,33262,0.223619103963857,223.619103963857,Eurostat hbs_exp_t133 PPS_HH; equal household income quintiles
IE,1999,Fifth quintile,34864,0.234389286290539,234.389286290539,Eurostat hbs_exp_t133 PPS_HH; equal household income quintiles
IE,2005,First quintile,18272,0.100481179026094,100.481179026094,Eurostat hbs_exp_t133 PPS_HH; equal household income quintiles
IE,2005,Second quintile,25758,0.141648106904232,141.648106904232,Eurostat hbs_exp_t133 PPS_HH; equal household income quintiles
IE,2005,Third quintile,37589,0.206709010420963,206.709010420963,Eurostat hbs_exp_t133 PPS_HH; equal household income quintiles
IE,2005,Fourth quintile,46345,0.254859908163546,254.859908163546,Eurostat hbs_exp_t133 PPS_HH; equal household income quintiles
IE,2005,Fifth quintile,53881,0.296301795485166,296.301795485166,Eurostat hbs_exp_t133 PPS_HH; equal household income quintiles
IE,2010,First quintile,17838,0.1072620457839,107.2620457839,Eurostat hbs_exp_t133 PPS_HH; equal household income quintiles
IE,2010,Second quintile,24336,0.146335303632526,146.335303632526,Eurostat hbs_exp_t133 PPS_HH; equal household income quintiles
IE,2010,Third quintile,30369,0.182612460388568,182.612460388568,Eurostat hbs_exp_t133 PPS_HH; equal household income quintiles
IE,2010,Fourth quintile,39372,0.236748585413372,236.748585413372,Eurostat hbs_exp_t133 PPS_HH; equal household income quintiles
IE,2010,Fifth quintile,54388,0.327041604781634,327.041604781634,Eurostat hbs_exp_t133 PPS_HH; equal household income quintiles
IE,2015,First quintile,16004,0.0946506195108969,94.6506195108969,Eurostat hbs_exp_t133 PPS_HH; equal household income quintiles
IE,2015,Second quintile,25145,0.148712186178549,148.712186178549,Eurostat hbs_exp_t133 PPS_HH; equal household income quintiles
IE,2015,Third quintile,31771,0.18789957713576,187.89957713576,Eurostat hbs_exp_t133 PPS_HH; equal household income quintiles
IE,2015,Fourth quintile,40908,0.24193748706272,241.93748706272,Eurostat hbs_exp_t133 PPS_HH; equal household income quintiles
IE,2015,Fifth quintile,55257,0.326800130112074,326.800130112074,Eurostat hbs_exp_t133 PPS_HH; equal household income quintiles
IE,2020,First quintile,17031,0.101663045295003,101.663045295003,Eurostat hbs_exp_t133 PPS_HH; equal household income quintiles
IE,2020,Second quintile,25493,0.152175210716077,152.175210716077,Eurostat hbs_exp_t133 PPS_HH; equal household income quintiles
IE,2020,Third quintile,33036,0.197201594995344,197.201594995344,Eurostat hbs_exp_t133 PPS_HH; equal household income quintiles
IE,2020,Fourth quintile,40715,0.243039803252071,243.039803252071,Eurostat hbs_exp_t133 PPS_HH; equal household income quintiles
IE,2020,Fifth quintile,51249,0.305920345741506,305.920345741506,Eurostat hbs_exp_t133 PPS_HH; equal household income quintiles
IT,1988,First quintile,7665,0.0895517156776839,89.5517156776839,Eurostat hbs_exp_t133 PPS_HH; equal household income quintiles
IT,1988,Second quintile,11160,0.130384494059094,130.384494059094,Eurostat hbs_exp_t133 PPS_HH; equal household income quintiles
IT,1988,Third quintile,14581,0.170352715759466,170.352715759466,Eurostat hbs_exp_t133 PPS_HH; equal household income quintiles
IT,1988,Fourth quintile,19638,0.229434650029792,229.434650029792,Eurostat hbs_exp_t133 PPS_HH; equal household income quintiles
IT,1988,Fifth quintile,32549,0.380276424473964,380.276424473964,Eurostat hbs_exp_t133 PPS_HH; equal household income quintiles
IT,1994,First quintile,11321,0.0992800203453447,99.2800203453447,Eurostat hbs_exp_t133 PPS_HH; equal household income quintiles
IT,1994,Second quintile,15758,0.138190492059177,138.190492059177,Eurostat hbs_exp_t133 PPS_HH; equal household income quintiles
IT,1994,Third quintile,20271,0.17776744920241,177.76744920241,Eurostat hbs_exp_t133 PPS_HH; equal household income quintiles
IT,1994,Fourth quintile,26125,0.229104366356517,229.104366356517,Eurostat hbs_exp_t133 PPS_HH; equal household income quintiles
IT,1994,Fifth quintile,40556,0.355657672036551,355.657672036551,Eurostat hbs_exp_t133 PPS_HH; equal household income quintiles
IT,1999,First quintile,19290,0.141738184810722,141.738184810722,Eurostat hbs_exp_t133 PPS_HH; equal household income quintiles
IT,1999,Second quintile,22855,0.167932929696685,167.932929696685,Eurostat hbs_exp_t133 PPS_HH; equal household income quintiles
IT,1999,Third quintile,26096,0.191747002116153,191.747002116153,Eurostat hbs_exp_t133 PPS_HH; equal household income quintiles
IT,1999,Fourth quintile,29853,0.21935251587115,219.35251587115,Eurostat hbs_exp_t133 PPS_HH; equal household income quintiles
IT,1999,Fifth quintile,38002,0.27922936750529,279.22936750529,Eurostat hbs_exp_t133 PPS_HH; equal household income quintiles
IT,2005,First quintile,12724,0.0884176001334186,88.4176001334186,Eurostat hbs_exp_t133 PPS_HH; equal household income quintiles
IT,2005,Second quintile,19705,0.13692775940184,136.92775940184,Eurostat hbs_exp_t133 PPS_HH; equal household income quintiles
IT,2005,Third quintile,25400,0.176501653834394,176.501653834394,Eurostat hbs_exp_t133 PPS_HH; equal household income quintiles
IT,2005,Fourth quintile,32129,0.22326069433249,223.26069433249,Eurostat hbs_exp_t133 PPS_HH; equal household income quintiles
IT,2005,Fifth quintile,53950,0.374892292297857,374.892292297857,Eurostat hbs_exp_t133 PPS_HH; equal household income quintiles
IT,2015,First quintile,,0.0778303586296449,77.8303586296449,Istat HBS bridge-corrected income/expenditure shares
IT,2015,Second quintile,,0.126993455257204,126.993455257204,Istat HBS bridge-corrected income/expenditure shares
IT,2015,Third quintile,,0.172494409329646,172.494409329646,Istat HBS bridge-corrected income/expenditure shares
IT,2015,Fourth quintile,,0.232900938498284,232.900938498284,Istat HBS bridge-corrected income/expenditure shares
IT,2015,Fifth quintile,,0.389780838285222,389.780838285222,Istat HBS bridge-corrected income/expenditure shares
IT,2020,First quintile,,0.0813321275485387,81.3321275485387,Istat HBS bridge-corrected income/expenditure shares
IT,2020,Second quintile,,0.12756854628535,127.56854628535,Istat HBS bridge-corrected income/expenditure shares
IT,2020,Third quintile,,0.17003419914558,170.03419914558,Istat HBS bridge-corrected income/expenditure shares
IT,2020,Fourth quintile,,0.228227509977237,228.227509977237,Istat HBS bridge-corrected income/expenditure shares
IT,2020,Fifth quintile,,0.392837617043294,392.837617043294,Istat HBS bridge-corrected income/expenditure shares
LT,2005,First quintile,5009,0.106826761074026,106.826761074026,Eurostat hbs_exp_t133 PPS_HH; equal household income quintiles
LT,2005,Second quintile,6631,0.141419096163279,141.419096163279,Eurostat hbs_exp_t133 PPS_HH; equal household income quintiles
LT,2005,Third quintile,8776,0.187165433257267,187.165433257267,Eurostat hbs_exp_t133 PPS_HH; equal household income quintiles
LT,2005,Fourth quintile,11004,0.23468190833671,234.68190833671,Eurostat hbs_exp_t133 PPS_HH; equal household income quintiles
LT,2005,Fifth quintile,15469,0.329906801168718,329.906801168718,Eurostat hbs_exp_t133 PPS_HH; equal household income quintiles
LT,2010,First quintile,7326,0.0994583146662322,99.4583146662322,Eurostat hbs_exp_t133 PPS_HH; equal household income quintiles
LT,2010,Second quintile,10448,0.141842816220693,141.842816220693,Eurostat hbs_exp_t133 PPS_HH; equal household income quintiles
LT,2010,Third quintile,13954,0.189440530009911,189.440530009911,Eurostat hbs_exp_t133 PPS_HH; equal household income quintiles
LT,2010,Fourth quintile,17442,0.236793874475624,236.793874475624,Eurostat hbs_exp_t133 PPS_HH; equal household income quintiles
LT,2010,Fifth quintile,24489,0.33246446462754,332.46446462754,Eurostat hbs_exp_t133 PPS_HH; equal household income quintiles
LT,2015,First quintile,7483,0.092064468503937,92.064468503937,Eurostat hbs_exp_t133 PPS_HH; equal household income quintiles
LT,2015,Second quintile,11390,0.140132874015748,140.132874015748,Eurostat hbs_exp_t133 PPS_HH; equal household income quintiles
LT,2015,Third quintile,14281,0.175701279527559,175.701279527559,Eurostat hbs_exp_t133 PPS_HH; equal household income quintiles
LT,2015,Fourth quintile,19218,0.236441929133858,236.441929133858,Eurostat hbs_exp_t133 PPS_HH; equal household income quintiles
LT,2015,Fifth quintile,28908,0.355659448818898,355.659448818898,Eurostat hbs_exp_t133 PPS_HH; equal household income quintiles
LT,2020,First quintile,8673,0.0994131267050274,99.4131267050274,Eurostat hbs_exp_t133 PPS_HH; equal household income quintiles
LT,2020,Second quintile,12834,0.147108044290594,147.108044290594,Eurostat hbs_exp_t133 PPS_HH; equal household income quintiles
LT,2020,Third quintile,16509,0.189232250521538,189.232250521538,Eurostat hbs_exp_t133 PPS_HH; equal household income quintiles
LT,2020,Fourth quintile,19978,0.22899520872974,228.99520872974,Eurostat hbs_exp_t133 PPS_HH; equal household income quintiles
LT,2020,Fifth quintile,29248,0.335251369753101,335.251369753101,Eurostat hbs_exp_t133 PPS_HH; equal household income quintiles
LU,1988,First quintile,23658,0.177472712951502,177.472712951502,Eurostat hbs_exp_t133 PPS_HH; equal household income quintiles
LU,1988,Second quintile,21955,0.164697498218371,164.697498218371,Eurostat hbs_exp_t133 PPS_HH; equal household income quintiles
LU,1988,Third quintile,24786,0.185934511083605,185.934511083605,Eurostat hbs_exp_t133 PPS_HH; equal household income quintiles
LU,1988,Fourth quintile,27561,0.206751434679869,206.751434679869,Eurostat hbs_exp_t133 PPS_HH; equal household income quintiles
LU,1988,Fifth quintile,35345,0.265143843066652,265.143843066652,Eurostat hbs_exp_t133 PPS_HH; equal household income quintiles
LU,1994,First quintile,26190,0.135547780722093,135.547780722093,Eurostat hbs_exp_t133 PPS_HH; equal household income quintiles
LU,1994,Second quintile,32286,0.167097962901623,167.097962901623,Eurostat hbs_exp_t133 PPS_HH; equal household income quintiles
LU,1994,Third quintile,37752,0.195387545544882,195.387545544882,Eurostat hbs_exp_t133 PPS_HH; equal household income quintiles
LU,1994,Fourth quintile,43003,0.222564383901954,222.564383901954,Eurostat hbs_exp_t133 PPS_HH; equal household income quintiles
LU,1994,Fifth quintile,53985,0.279402326929447,279.402326929447,Eurostat hbs_exp_t133 PPS_HH; equal household income quintiles
LU,1999,First quintile,26921,0.124519539868362,124.519539868362,Eurostat hbs_exp_t133 PPS_HH; equal household income quintiles
LU,1999,Second quintile,36461,0.16864555340219,168.64555340219,Eurostat hbs_exp_t133 PPS_HH; equal household income quintiles
LU,1999,Third quintile,39673,0.183502236365571,183.502236365571,Eurostat hbs_exp_t133 PPS_HH; equal household income quintiles
LU,1999,Fourth quintile,47620,0.220260038205542,220.260038205542,Eurostat hbs_exp_t133 PPS_HH; equal household income quintiles
LU,1999,Fifth quintile,65524,0.303072632158336,303.072632158336,Eurostat hbs_exp_t133 PPS_HH; equal household income quintiles
LU,2005,First quintile,21139,0.0814284943875625,81.4284943875625,Eurostat hbs_exp_t133 PPS_HH; equal household income quintiles
LU,2005,Second quintile,32673,0.125858044236947,125.858044236947,Eurostat hbs_exp_t133 PPS_HH; equal household income quintiles
LU,2005,Third quintile,44751,0.172383109529202,172.383109529202,Eurostat hbs_exp_t133 PPS_HH; equal household income quintiles
LU,2005,Fourth quintile,60862,0.234443494272001,234.443494272001,Eurostat hbs_exp_t133 PPS_HH; equal household income quintiles
LU,2005,Fifth quintile,100177,0.385886857574287,385.886857574287,Eurostat hbs_exp_t133 PPS_HH; equal household income quintiles
LU,2015,First quintile,22815,0.0915584806469089,91.5584806469089,Eurostat hbs_exp_t133 PPS_HH; equal household income quintiles
LU,2015,Second quintile,35646,0.143050344121837,143.050344121837,Eurostat hbs_exp_t133 PPS_HH; equal household income quintiles
LU,2015,Third quintile,45854,0.184015891807292,184.015891807292,Eurostat hbs_exp_t133 PPS_HH; equal household income quintiles
LU,2015,Fourth quintile,61069,0.245074944318478,245.074944318478,Eurostat hbs_exp_t133 PPS_HH; equal household income quintiles
LU,2015,Fifth quintile,83801,0.336300339105484,336.300339105484,Eurostat hbs_exp_t133 PPS_HH; equal household income quintiles
LU,2020,First quintile,24801,0.100234004631594,100.234004631594,Eurostat hbs_exp_t133 PPS_HH; equal household income quintiles
LU,2020,Second quintile,38817,0.156880099906641,156.880099906641,Eurostat hbs_exp_t133 PPS_HH; equal household income quintiles
LU,2020,Third quintile,49228,0.198956476755136,198.956476755136,Eurostat hbs_exp_t133 PPS_HH; equal household income quintiles
LU,2020,Fourth quintile,55508,0.224337289991957,224.337289991957,Eurostat hbs_exp_t133 PPS_HH; equal household income quintiles
LU,2020,Fifth quintile,79077,0.319592128714672,319.592128714672,Eurostat hbs_exp_t133 PPS_HH; equal household income quintiles
LV,2005,First quintile,5875,0.110976784601145,110.976784601145,Eurostat hbs_exp_t133 PPS_HH; equal household income quintiles
LV,2005,Second quintile,6950,0.131283174974971,131.283174974971,Eurostat hbs_exp_t133 PPS_HH; equal household income quintiles
LV,2005,Third quintile,9236,0.174464950225732,174.464950225732,Eurostat hbs_exp_t133 PPS_HH; equal household income quintiles
LV,2005,Fourth quintile,12361,0.233495154800809,233.495154800809,Eurostat hbs_exp_t133 PPS_HH; equal household income quintiles
LV,2005,Fifth quintile,18517,0.349779935397344,349.779935397344,Eurostat hbs_exp_t133 PPS_HH; equal household income quintiles
LV,2010,First quintile,5383,0.0947310995354076,94.7310995354076,Eurostat hbs_exp_t133 PPS_HH; equal household income quintiles
LV,2010,Second quintile,7653,0.134679008869492,134.679008869492,Eurostat hbs_exp_t133 PPS_HH; equal household income quintiles
LV,2010,Third quintile,10004,0.176052372237083,176.052372237083,Eurostat hbs_exp_t133 PPS_HH; equal household income quintiles
LV,2010,Fourth quintile,13035,0.229392510206955,229.392510206955,Eurostat hbs_exp_t133 PPS_HH; equal household income quintiles
LV,2010,Fifth quintile,20749,0.365145009151063,365.145009151063,Eurostat hbs_exp_t133 PPS_HH; equal household income quintiles
LV,2015,First quintile,5903,0.0817952555149097,81.7952555149097,Eurostat hbs_exp_t133 PPS_HH; equal household income quintiles
LV,2015,Second quintile,9237,0.127993016295311,127.993016295311,Eurostat hbs_exp_t133 PPS_HH; equal household income quintiles
LV,2015,Third quintile,12564,0.174093781177253,174.093781177253,Eurostat hbs_exp_t133 PPS_HH; equal household income quintiles
LV,2015,Fourth quintile,16580,0.22974171377896,229.74171377896,Eurostat hbs_exp_t133 PPS_HH; equal household income quintiles
LV,2015,Fifth quintile,27884,0.386376233233566,386.376233233566,Eurostat hbs_exp_t133 PPS_HH; equal household income quintiles
LV,2020,First quintile,6651,0.0802311274095877,80.2311274095877,Eurostat hbs_exp_t133 PPS_HH; equal household income quintiles
LV,2020,Second quintile,10388,0.125310622692948,125.310622692948,Eurostat hbs_exp_t133 PPS_HH; equal household income quintiles
LV,2020,Third quintile,14777,0.178255205191923,178.255205191923,Eurostat hbs_exp_t133 PPS_HH; equal household income quintiles
LV,2020,Fourth quintile,20240,0.244155468165698,244.155468165698,Eurostat hbs_exp_t133 PPS_HH; equal household income quintiles
LV,2020,Fifth quintile,30842,0.372047576539844,372.047576539844,Eurostat hbs_exp_t133 PPS_HH; equal household income quintiles
ME,2010,First quintile,6229,0.105012053880001,105.012053880001,Eurostat hbs_exp_t133 PPS_HH; equal household income quintiles
ME,2010,Second quintile,8334,0.140499350944923,140.499350944923,Eurostat hbs_exp_t133 PPS_HH; equal household income quintiles
ME,2010,Third quintile,11412,0.192390039954819,192.390039954819,Eurostat hbs_exp_t133 PPS_HH; equal household income quintiles
ME,2010,Fourth quintile,13847,0.233440666250822,233.440666250822,Eurostat hbs_exp_t133 PPS_HH; equal household income quintiles
ME,2010,Fifth quintile,19495,0.328657888969435,328.657888969435,Eurostat hbs_exp_t133 PPS_HH; equal household income quintiles
ME,2015,First quintile,8687,0.104924329351515,104.924329351515,Eurostat hbs_exp_t133 PPS_HH; equal household income quintiles
ME,2015,Second quintile,12450,0.150375031705579,150.375031705579,Eurostat hbs_exp_t133 PPS_HH; equal household income quintiles
ME,2015,Third quintile,15274,0.184484195523776,184.484195523776,Eurostat hbs_exp_t133 PPS_HH; equal household income quintiles
ME,2015,Fourth quintile,18981,0.22925851219306,229.25851219306,Eurostat hbs_exp_t133 PPS_HH; equal household income quintiles
ME,2015,Fifth quintile,27401,0.33095793122607,330.95793122607,Eurostat hbs_exp_t133 PPS_HH; equal household income quintiles
ME,2020,First quintile,7575,0.101129445690484,101.129445690484,Eurostat hbs_exp_t133 PPS_HH; equal household income quintiles
ME,2020,Second quintile,10984,0.14664103385667,146.64103385667,Eurostat hbs_exp_t133 PPS_HH; equal household income quintiles
ME,2020,Third quintile,14315,0.191111289116736,191.111289116736,Eurostat hbs_exp_t133 PPS_HH; equal household income quintiles
ME,2020,Fourth quintile,17954,0.239693474313788,239.693474313788,Eurostat hbs_exp_t133 PPS_HH; equal household income quintiles
ME,2020,Fifth quintile,24076,0.321424757022322,321.424757022322,Eurostat hbs_exp_t133 PPS_HH; equal household income quintiles
MK,2005,First quintile,7691,0.12277705054117,122.77705054117,Eurostat hbs_exp_t133 PPS_HH; equal household income quintiles
MK,2005,Second quintile,10146,0.161968008684269,161.968008684269,Eurostat hbs_exp_t133 PPS_HH; equal household income quintiles
MK,2005,Third quintile,12348,0.197120143035024,197.120143035024,Eurostat hbs_exp_t133 PPS_HH; equal household income quintiles
MK,2005,Fourth quintile,14056,0.224386194565946,224.386194565946,Eurostat hbs_exp_t133 PPS_HH; equal household income quintiles
MK,2005,Fifth quintile,18401,0.29374860317359,293.74860317359,Eurostat hbs_exp_t133 PPS_HH; equal household income quintiles
MK,2010,First quintile,5651,0.0948043015082121,94.8043015082121,Eurostat hbs_exp_t133 PPS_HH; equal household income quintiles
MK,2010,Second quintile,8747,0.146744509873002,146.744509873002,Eurostat hbs_exp_t133 PPS_HH; equal household income quintiles
MK,2010,Third quintile,11185,0.187645746304964,187.645746304964,Eurostat hbs_exp_t133 PPS_HH; equal household income quintiles
MK,2010,Fourth quintile,13540,0.227154528830507,227.154528830507,Eurostat hbs_exp_t133 PPS_HH; equal household income quintiles
MK,2010,Fifth quintile,20484,0.343650913483316,343.650913483316,Eurostat hbs_exp_t133 PPS_HH; equal household income quintiles
MK,2015,First quintile,6012,0.102691992347636,102.691992347636,Eurostat hbs_exp_t133 PPS_HH; equal household income quintiles
MK,2015,Second quintile,8520,0.14553156600164,145.53156600164,Eurostat hbs_exp_t133 PPS_HH; equal household income quintiles
MK,2015,Third quintile,10719,0.183093058212626,183.093058212626,Eurostat hbs_exp_t133 PPS_HH; equal household income quintiles
MK,2015,Fourth quintile,13406,0.228990161246242,228.990161246242,Eurostat hbs_exp_t133 PPS_HH; equal household income quintiles
MK,2015,Fifth quintile,19887,0.339693222191856,339.693222191856,Eurostat hbs_exp_t133 PPS_HH; equal household income quintiles
MT,2005,First quintile,13683,0.0956679205179478,95.6679205179478,Eurostat hbs_exp_t133 PPS_HH; equal household income quintiles
MT,2005,Second quintile,22345,0.156230335743152,156.230335743152,Eurostat hbs_exp_t133 PPS_HH; equal household income quintiles
MT,2005,Third quintile,29241,0.204445345601499,204.445345601499,Eurostat hbs_exp_t133 PPS_HH; equal household income quintiles
MT,2005,Fourth quintile,35077,0.245249115545425,245.249115545425,Eurostat hbs_exp_t133 PPS_HH; equal household income quintiles
MT,2005,Fifth quintile,42680,0.298407282591976,298.407282591976,Eurostat hbs_exp_t133 PPS_HH; equal household income quintiles
MT,2010,First quintile,13463,0.10125144773852,101.25144773852,Eurostat hbs_exp_t133 PPS_HH; equal household income quintiles
MT,2010,Second quintile,19606,0.147451228133508,147.451228133508,Eurostat hbs_exp_t133 PPS_HH; equal household income quintiles
MT,2010,Third quintile,26348,0.198155919558383,198.155919558383,Eurostat hbs_exp_t133 PPS_HH; equal household income quintiles
MT,2010,Fourth quintile,32262,0.242633455168991,242.633455168991,Eurostat hbs_exp_t133 PPS_HH; equal household income quintiles
MT,2010,Fifth quintile,41287,0.310507949400599,310.507949400599,Eurostat hbs_exp_t133 PPS_HH; equal household income quintiles
MT,2015,First quintile,14285,0.102502834345087,102.502834345087,Eurostat hbs_exp_t133 PPS_HH; equal household income quintiles
MT,2015,Second quintile,18751,0.134548872719967,134.548872719967,Eurostat hbs_exp_t133 PPS_HH; equal household income quintiles
MT,2015,Third quintile,27021,0.193890730615232,193.890730615232,Eurostat hbs_exp_t133 PPS_HH; equal household income quintiles
MT,2015,Fourth quintile,33992,0.24391153973106,243.91153973106,Eurostat hbs_exp_t133 PPS_HH; equal household income quintiles
MT,2015,Fifth quintile,45313,0.325146022588654,325.146022588654,Eurostat hbs_exp_t133 PPS_HH; equal household income quintiles
MT,2020,First quintile,13598,0.102503411001138,102.503411001138,Eurostat hbs_exp_t133 PPS_HH; equal household income quintiles
MT,2020,Second quintile,17851,0.13456305263872,134.56305263872,Eurostat hbs_exp_t133 PPS_HH; equal household income quintiles
MT,2020,Third quintile,25723,0.193903165258294,193.903165258294,Eurostat hbs_exp_t133 PPS_HH; equal household income quintiles
MT,2020,Fourth quintile,32350,0.243858313420122,243.858313420122,Eurostat hbs_exp_t133 PPS_HH; equal household income quintiles
MT,2020,Fifth quintile,43137,0.325172057681725,325.172057681725,Eurostat hbs_exp_t133 PPS_HH; equal household income quintiles
NL,1988,First quintile,9906,0.120158658919712,120.158658919712,Eurostat hbs_exp_t133 PPS_HH; equal household income quintiles
NL,1988,Second quintile,13112,0.15904707609078,159.04707609078,Eurostat hbs_exp_t133 PPS_HH; equal household income quintiles
NL,1988,Third quintile,15953,0.193508084569571,193.508084569571,Eurostat hbs_exp_t133 PPS_HH; equal household income quintiles
NL,1988,Fourth quintile,19103,0.231717228078262,231.717228078262,Eurostat hbs_exp_t133 PPS_HH; equal household income quintiles
NL,1988,Fifth quintile,24367,0.295568952341675,295.568952341675,Eurostat hbs_exp_t133 PPS_HH; equal household income quintiles
NL,1994,First quintile,12449,0.122586235758668,122.586235758668,Eurostat hbs_exp_t133 PPS_HH; equal household income quintiles
NL,1994,Second quintile,15862,0.156194302482448,156.194302482448,Eurostat hbs_exp_t133 PPS_HH; equal household income quintiles
NL,1994,Third quintile,19524,0.192254290862899,192.254290862899,Eurostat hbs_exp_t133 PPS_HH; equal household income quintiles
NL,1994,Fourth quintile,24332,0.239599027108997,239.599027108997,Eurostat hbs_exp_t133 PPS_HH; equal household income quintiles
NL,1994,Fifth quintile,29386,0.289366143786988,289.366143786988,Eurostat hbs_exp_t133 PPS_HH; equal household income quintiles
NL,1999,First quintile,17522,0.136616325034891,136.616325034891,Eurostat hbs_exp_t133 PPS_HH; equal household income quintiles
NL,1999,Second quintile,20248,0.157870525585348,157.870525585348,Eurostat hbs_exp_t133 PPS_HH; equal household income quintiles
NL,1999,Third quintile,24537,0.191311195490305,191.311195490305,Eurostat hbs_exp_t133 PPS_HH; equal household income quintiles
NL,1999,Fourth quintile,29754,0.231987337923076,231.987337923076,Eurostat hbs_exp_t133 PPS_HH; equal household income quintiles
NL,1999,Fifth quintile,36196,0.28221461596638,282.21461596638,Eurostat hbs_exp_t133 PPS_HH; equal household income quintiles
NL,2005,First quintile,22694,0.154568116494803,154.568116494803,Eurostat hbs_exp_t133 PPS_HH; equal household income quintiles
NL,2005,Second quintile,22733,0.154833744261759,154.833744261759,Eurostat hbs_exp_t133 PPS_HH; equal household income quintiles
NL,2005,Third quintile,27257,0.185646565228644,185.646565228644,Eurostat hbs_exp_t133 PPS_HH; equal household income quintiles
NL,2005,Fourth quintile,33047,0.225082072169021,225.082072169021,Eurostat hbs_exp_t133 PPS_HH; equal household income quintiles
NL,2005,Fifth quintile,41091,0.279869501845772,279.869501845772,Eurostat hbs_exp_t133 PPS_HH; equal household income quintiles
NL,2010,First quintile,19224,0.127033635102095,127.033635102095,Eurostat hbs_exp_t133 PPS_HH; equal household income quintiles
NL,2010,Second quintile,21439,0.141670521377123,141.670521377123,Eurostat hbs_exp_t133 PPS_HH; equal household income quintiles
NL,2010,Third quintile,28078,0.185541531751801,185.541531751801,Eurostat hbs_exp_t133 PPS_HH; equal household income quintiles
NL,2010,Fourth quintile,34756,0.22967025705412,229.67025705412,Eurostat hbs_exp_t133 PPS_HH; equal household income quintiles
NL,2010,Fifth quintile,47833,0.316084054714862,316.084054714862,Eurostat hbs_exp_t133 PPS_HH; equal household income quintiles
NL,2015,First quintile,18434,0.11300605674211,113.00605674211,Eurostat hbs_exp_t133 PPS_HH; equal household income quintiles
NL,2015,Second quintile,24124,0.147887496628332,147.887496628332,Eurostat hbs_exp_t133 PPS_HH; equal household income quintiles
NL,2015,Third quintile,30730,0.188384296608715,188.384296608715,Eurostat hbs_exp_t133 PPS_HH; equal household income quintiles
NL,2015,Fourth quintile,37866,0.232130158652314,232.130158652314,Eurostat hbs_exp_t133 PPS_HH; equal household income quintiles
NL,2015,Fifth quintile,51970,0.318591991368529,318.591991368529,Eurostat hbs_exp_t133 PPS_HH; equal household income quintiles
NL,2020,First quintile,18966,0.114474375147122,114.474375147122,Eurostat hbs_exp_t133 PPS_HH; equal household income quintiles
NL,2020,Second quintile,24497,0.147858207739062,147.858207739062,Eurostat hbs_exp_t133 PPS_HH; equal household income quintiles
NL,2020,Third quintile,30946,0.186782875319141,186.782875319141,Eurostat hbs_exp_t133 PPS_HH; equal household income quintiles
NL,2020,Fourth quintile,39193,0.236559853692985,236.559853692985,Eurostat hbs_exp_t133 PPS_HH; equal household income quintiles
NL,2020,Fifth quintile,52077,0.314324688101691,314.324688101691,Eurostat hbs_exp_t133 PPS_HH; equal household income quintiles
NO,2005,First quintile,17463,0.12001566945693,120.01566945693,Eurostat hbs_exp_t133 PPS_HH; equal household income quintiles
NO,2005,Second quintile,24292,0.166948441988647,166.948441988647,Eurostat hbs_exp_t133 PPS_HH; equal household income quintiles
NO,2005,Third quintile,30487,0.209524005882919,209.524005882919,Eurostat hbs_exp_t133 PPS_HH; equal household income quintiles
NO,2005,Fourth quintile,33096,0.227454537957198,227.454537957198,Eurostat hbs_exp_t133 PPS_HH; equal household income quintiles
NO,2005,Fifth quintile,40168,0.276057344714307,276.057344714307,Eurostat hbs_exp_t133 PPS_HH; equal household income quintiles
NO,2010,First quintile,20408,0.118086817650531,118.086817650531,Eurostat hbs_exp_t133 PPS_HH; equal household income quintiles
NO,2010,Second quintile,29061,0.168155674624758,168.155674624758,Eurostat hbs_exp_t133 PPS_HH; equal household income quintiles
NO,2010,Third quintile,34626,0.200356436101885,200.356436101885,Eurostat hbs_exp_t133 PPS_HH; equal household income quintiles
NO,2010,Fourth quintile,38461,0.22254689796438,222.54689796438,Eurostat hbs_exp_t133 PPS_HH; equal household income quintiles
NO,2010,Fifth quintile,50266,0.290854173658446,290.854173658446,Eurostat hbs_exp_t133 PPS_HH; equal household income quintiles
NO,2015,First quintile,20222,0.108250182005053,108.250182005053,Eurostat hbs_exp_t133 PPS_HH; equal household income quintiles
NO,2015,Second quintile,25268,0.135261873153184,135.261873153184,Eurostat hbs_exp_t133 PPS_HH; equal household income quintiles
NO,2015,Third quintile,36389,0.19479358485718,194.79358485718,Eurostat hbs_exp_t133 PPS_HH; equal household income quintiles
NO,2015,Fourth quintile,42634,0.228223630679628,228.223630679628,Eurostat hbs_exp_t133 PPS_HH; equal household income quintiles
NO,2015,Fifth quintile,62295,0.333470729304955,333.470729304955,Eurostat hbs_exp_t133 PPS_HH; equal household income quintiles
NO,2020,First quintile,20307,0.118017981367723,118.017981367723,Eurostat hbs_exp_t133 PPS_HH; equal household income quintiles
NO,2020,Second quintile,24660,0.143316266338112,143.316266338113,Eurostat hbs_exp_t133 PPS_HH; equal household income quintiles
NO,2020,Third quintile,32450,0.188589328575497,188.589328575497,Eurostat hbs_exp_t133 PPS_HH; equal household income quintiles
NO,2020,Fourth quintile,40303,0.23422852725973,234.22852725973,Eurostat hbs_exp_t133 PPS_HH; equal household income quintiles
NO,2020,Fifth quintile,54347,0.315847896458938,315.847896458938,Eurostat hbs_exp_t133 PPS_HH; equal household income quintiles
PL,2005,First quintile,5315,0.100341709301667,100.341709301667,Eurostat hbs_exp_t133 PPS_HH; equal household income quintiles
PL,2005,Second quintile,7400,0.139704355377674,139.704355377674,Eurostat hbs_exp_t133 PPS_HH; equal household income quintiles
PL,2005,Third quintile,9450,0.178406237610678,178.406237610678,Eurostat hbs_exp_t133 PPS_HH; equal household income quintiles
PL,2005,Fourth quintile,12186,0.230059091166531,230.059091166531,Eurostat hbs_exp_t133 PPS_HH; equal household income quintiles
PL,2005,Fifth quintile,18618,0.35148860654345,351.48860654345,Eurostat hbs_exp_t133 PPS_HH; equal household income quintiles
PL,2010,First quintile,7864,0.103035782136446,103.035782136446,Eurostat hbs_exp_t133 PPS_HH; equal household income quintiles
PL,2010,Second quintile,10957,0.143560918726989,143.560918726989,Eurostat hbs_exp_t133 PPS_HH; equal household income quintiles
PL,2010,Third quintile,13934,0.182566198917757,182.566198917757,Eurostat hbs_exp_t133 PPS_HH; equal household income quintiles
PL,2010,Fourth quintile,17559,0.230061711410715,230.061711410715,Eurostat hbs_exp_t133 PPS_HH; equal household income quintiles
PL,2010,Fifth quintile,26009,0.340775388808092,340.775388808092,Eurostat hbs_exp_t133 PPS_HH; equal household income quintiles
PL,2015,First quintile,10004,0.108523263508456,108.523263508456,Eurostat hbs_exp_t133 PPS_HH; equal household income quintiles
PL,2015,Second quintile,13387,0.145222004057147,145.222004057147,Eurostat hbs_exp_t133 PPS_HH; equal household income quintiles
PL,2015,Third quintile,16860,0.182897063449877,182.897063449877,Eurostat hbs_exp_t133 PPS_HH; equal household income quintiles
PL,2015,Fourth quintile,21177,0.229727824002256,229.727824002256,Eurostat hbs_exp_t133 PPS_HH; equal household income quintiles
PL,2015,Fifth quintile,30755,0.333629844982264,333.629844982264,Eurostat hbs_exp_t133 PPS_HH; equal household income quintiles
PL,2020,First quintile,11275,0.131271029560722,131.271029560722,Eurostat hbs_exp_t133 PPS_HH; equal household income quintiles
PL,2020,Second quintile,12794,0.148956235228371,148.956235228371,Eurostat hbs_exp_t133 PPS_HH; equal household income quintiles
PL,2020,Third quintile,16001,0.186294256674157,186.294256674157,Eurostat hbs_exp_t133 PPS_HH; equal household income quintiles
PL,2020,Fourth quintile,19560,0.22773049562818,227.73049562818,Eurostat hbs_exp_t133 PPS_HH; equal household income quintiles
PL,2020,Fifth quintile,26261,0.30574798290857,305.74798290857,Eurostat hbs_exp_t133 PPS_HH; equal household income quintiles
PT,1988,First quintile,4598,0.0771153039832285,77.1153039832285,Eurostat hbs_exp_t133 PPS_HH; equal household income quintiles
PT,1988,Second quintile,7991,0.134020964360587,134.020964360587,Eurostat hbs_exp_t133 PPS_HH; equal household income quintiles
PT,1988,Third quintile,10474,0.175664570230608,175.664570230608,Eurostat hbs_exp_t133 PPS_HH; equal household income quintiles
PT,1988,Fourth quintile,13707,0.22988679245283,229.88679245283,Eurostat hbs_exp_t133 PPS_HH; equal household income quintiles
PT,1988,Fifth quintile,22855,0.383312368972746,383.312368972746,Eurostat hbs_exp_t133 PPS_HH; equal household income quintiles
PT,1994,First quintile,6049,0.0741835395690512,74.1835395690512,Eurostat hbs_exp_t133 PPS_HH; equal household income quintiles
PT,1994,Second quintile,10150,0.124477256840117,124.477256840117,Eurostat hbs_exp_t133 PPS_HH; equal household income quintiles
PT,1994,Third quintile,14432,0.176990716326756,176.990716326756,Eurostat hbs_exp_t133 PPS_HH; equal household income quintiles
PT,1994,Fourth quintile,19343,0.237218086606738,237.218086606738,Eurostat hbs_exp_t133 PPS_HH; equal household income quintiles
PT,1994,Fifth quintile,31567,0.387130400657338,387.130400657338,Eurostat hbs_exp_t133 PPS_HH; equal household income quintiles
PT,1999,First quintile,8195,0.0884664378090118,88.4664378090118,Eurostat hbs_exp_t133 PPS_HH; equal household income quintiles
PT,1999,Second quintile,12349,0.133309583954056,133.309583954056,Eurostat hbs_exp_t133 PPS_HH; equal household income quintiles
PT,1999,Third quintile,17600,0.189995034220697,189.995034220697,Eurostat hbs_exp_t133 PPS_HH; equal household income quintiles
PT,1999,Fourth quintile,21193,0.228782088649956,228.782088649956,Eurostat hbs_exp_t133 PPS_HH; equal household income quintiles
PT,1999,Fifth quintile,33297,0.35944685536628,359.44685536628,Eurostat hbs_exp_t133 PPS_HH; equal household income quintiles
PT,2005,First quintile,8375,0.0802572063784115,80.2572063784115,Eurostat hbs_exp_t133 PPS_HH; equal household income quintiles
PT,2005,Second quintile,13811,0.13235012266176,132.35012266176,Eurostat hbs_exp_t133 PPS_HH; equal household income quintiles
PT,2005,Third quintile,18521,0.177485817233977,177.485817233977,Eurostat hbs_exp_t133 PPS_HH; equal household income quintiles
PT,2005,Fourth quintile,24493,0.234715194725544,234.715194725544,Eurostat hbs_exp_t133 PPS_HH; equal household income quintiles
PT,2005,Fifth quintile,39152,0.375191659000307,375.191659000307,Eurostat hbs_exp_t133 PPS_HH; equal household income quintiles
PT,2010,First quintile,10083,0.0863137530175144,86.3137530175144,Eurostat hbs_exp_t133 PPS_HH; equal household income quintiles
PT,2010,Second quintile,15571,0.133292814463524,133.292814463524,Eurostat hbs_exp_t133 PPS_HH; equal household income quintiles
PT,2010,Third quintile,20614,0.176462531459193,176.462531459193,Eurostat hbs_exp_t133 PPS_HH; equal household income quintiles
PT,2010,Fourth quintile,26723,0.228757554486466,228.757554486466,Eurostat hbs_exp_t133 PPS_HH; equal household income quintiles
PT,2010,Fifth quintile,43827,0.375173346573302,375.173346573302,Eurostat hbs_exp_t133 PPS_HH; equal household income quintiles
PT,2015,First quintile,11389,0.0916885375239506,91.6885375239506,Eurostat hbs_exp_t133 PPS_HH; equal household income quintiles
PT,2015,Second quintile,17498,0.140869789234708,140.869789234708,Eurostat hbs_exp_t133 PPS_HH; equal household income quintiles
PT,2015,Third quintile,22310,0.179609383805368,179.609383805368,Eurostat hbs_exp_t133 PPS_HH; equal household income quintiles
PT,2015,Fourth quintile,28607,0.230304152510989,230.304152510989,Eurostat hbs_exp_t133 PPS_HH; equal household income quintiles
PT,2015,Fifth quintile,44410,0.357528136924984,357.528136924984,Eurostat hbs_exp_t133 PPS_HH; equal household income quintiles
PT,2020,First quintile,12612,0.102939135970747,102.939135970747,Eurostat hbs_exp_t133 PPS_HH; equal household income quintiles
PT,2020,Second quintile,17414,0.142133056913622,142.133056913622,Eurostat hbs_exp_t133 PPS_HH; equal household income quintiles
PT,2020,Third quintile,21967,0.179294640015018,179.294640015018,Eurostat hbs_exp_t133 PPS_HH; equal household income quintiles
PT,2020,Fourth quintile,28070,0.229107322129629,229.107322129629,Eurostat hbs_exp_t133 PPS_HH; equal household income quintiles
PT,2020,Fifth quintile,42456,0.346525844970984,346.525844970984,Eurostat hbs_exp_t133 PPS_HH; equal household income quintiles
RO,2005,First quintile,2828,0.10623192216671,106.231922166711,Eurostat hbs_exp_t133 PPS_HH; equal household income quintiles
RO,2005,Second quintile,3870,0.145373952894332,145.373952894332,Eurostat hbs_exp_t133 PPS_HH; equal household income quintiles
RO,2005,Third quintile,4859,0.18252507418955,182.52507418955,Eurostat hbs_exp_t133 PPS_HH; equal household income quintiles
RO,2005,Fourth quintile,6112,0.229593178317869,229.593178317869,Eurostat hbs_exp_t133 PPS_HH; equal household income quintiles
RO,2005,Fifth quintile,8952,0.336275872431539,336.275872431539,Eurostat hbs_exp_t133 PPS_HH; equal household income quintiles
RO,2010,First quintile,4293,0.0892126098792627,89.2126098792627,Eurostat hbs_exp_t133 PPS_HH; equal household income quintiles
RO,2010,Second quintile,6747,0.14020905633715,140.20905633715,Eurostat hbs_exp_t133 PPS_HH; equal household income quintiles
RO,2010,Third quintile,8889,0.184721847010661,184.721847010661,Eurostat hbs_exp_t133 PPS_HH; equal household income quintiles
RO,2010,Fourth quintile,11396,0.236819683713971,236.819683713971,Eurostat hbs_exp_t133 PPS_HH; equal household income quintiles
RO,2010,Fifth quintile,16796,0.349036803058956,349.036803058956,Eurostat hbs_exp_t133 PPS_HH; equal household income quintiles
RO,2015,First quintile,5164,0.0903998319445417,90.3998319445417,Eurostat hbs_exp_t133 PPS_HH; equal household income quintiles
RO,2015,Second quintile,8160,0.142847139556054,142.847139556054,Eurostat hbs_exp_t133 PPS_HH; equal household income quintiles
RO,2015,Third quintile,10645,0.186348995168406,186.348995168406,Eurostat hbs_exp_t133 PPS_HH; equal household income quintiles
RO,2015,Fourth quintile,13602,0.238113577480569,238.113577480569,Eurostat hbs_exp_t133 PPS_HH; equal household income quintiles
RO,2015,Fifth quintile,19553,0.342290455850431,342.290455850431,Eurostat hbs_exp_t133 PPS_HH; equal household income quintiles
RO,2020,First quintile,6578,0.0899580159457353,89.9580159457353,Eurostat hbs_exp_t133 PPS_HH; equal household income quintiles
RO,2020,Second quintile,10349,0.141528657194043,141.528657194043,Eurostat hbs_exp_t133 PPS_HH; equal household income quintiles
RO,2020,Third quintile,13788,0.188559003323168,188.559003323168,Eurostat hbs_exp_t133 PPS_HH; equal household income quintiles
RO,2020,Fourth quintile,17655,0.24144250099148,241.44250099148,Eurostat hbs_exp_t133 PPS_HH; equal household income quintiles
RO,2020,Fifth quintile,24753,0.338511822545574,338.511822545574,Eurostat hbs_exp_t133 PPS_HH; equal household income quintiles
RS,2015,First quintile,7009,0.0975572412833183,97.5572412833183,Eurostat hbs_exp_t133 PPS_HH; equal household income quintiles
RS,2015,Second quintile,10432,0.145201475398427,145.201475398427,Eurostat hbs_exp_t133 PPS_HH; equal household income quintiles
RS,2015,Third quintile,13582,0.18904586262092,189.04586262092,Eurostat hbs_exp_t133 PPS_HH; equal household income quintiles
RS,2015,Fourth quintile,17192,0.239292922263206,239.292922263206,Eurostat hbs_exp_t133 PPS_HH; equal household income quintiles
RS,2015,Fifth quintile,23630,0.328902498434129,328.902498434129,Eurostat hbs_exp_t133 PPS_HH; equal household income quintiles
RS,2020,First quintile,6348,0.0886109521350103,88.6109521350103,Eurostat hbs_exp_t133 PPS_HH; equal household income quintiles
RS,2020,Second quintile,9461,0.132064936696492,132.064936696492,Eurostat hbs_exp_t133 PPS_HH; equal household income quintiles
RS,2020,Third quintile,12535,0.174974525049205,174.974525049205,Eurostat hbs_exp_t133 PPS_HH; equal household income quintiles
RS,2020,Fourth quintile,16408,0.229037256243108,229.037256243108,Eurostat hbs_exp_t133 PPS_HH; equal household income quintiles
RS,2020,Fifth quintile,26887,0.375312329876185,375.312329876185,Eurostat hbs_exp_t133 PPS_HH; equal household income quintiles
SE,1994,First quintile,12329,0.13704675307352,137.04675307352,Eurostat hbs_exp_t133 PPS_HH; equal household income quintiles
SE,1994,Second quintile,15196,0.168915764433872,168.915764433872,Eurostat hbs_exp_t133 PPS_HH; equal household income quintiles
SE,1994,Third quintile,17744,0.197238834174429,197.238834174429,Eurostat hbs_exp_t133 PPS_HH; equal household income quintiles
SE,1994,Fourth quintile,20191,0.224439207665459,224.439207665459,Eurostat hbs_exp_t133 PPS_HH; equal household income quintiles
SE,1994,Fifth quintile,24502,0.27235944065272,272.35944065272,Eurostat hbs_exp_t133 PPS_HH; equal household income quintiles
SE,1999,First quintile,13980,0.129042977403633,129.042977403633,Eurostat hbs_exp_t133 PPS_HH; equal household income quintiles
SE,1999,Second quintile,19271,0.177881775217841,177.881775217841,Eurostat hbs_exp_t133 PPS_HH; equal household income quintiles
SE,1999,Third quintile,21943,0.202545783488406,202.545783488406,Eurostat hbs_exp_t133 PPS_HH; equal household income quintiles
SE,1999,Fourth quintile,24089,0.222354526657805,222.354526657805,Eurostat hbs_exp_t133 PPS_HH; equal household income quintiles
SE,1999,Fifth quintile,29053,0.268174937232314,268.174937232314,Eurostat hbs_exp_t133 PPS_HH; equal household income quintiles
SE,2005,First quintile,16571,0.12941442918951,129.41442918951,Eurostat hbs_exp_t133 PPS_HH; equal household income quintiles
SE,2005,Second quintile,20082,0.156834262686847,156.834262686847,Eurostat hbs_exp_t133 PPS_HH; equal household income quintiles
SE,2005,Third quintile,25100,0.19602330412508,196.02330412508,Eurostat hbs_exp_t133 PPS_HH; equal household income quintiles
SE,2005,Fourth quintile,29252,0.228449151086328,228.449151086328,Eurostat hbs_exp_t133 PPS_HH; equal household income quintiles
SE,2005,Fifth quintile,37041,0.289278852912235,289.278852912235,Eurostat hbs_exp_t133 PPS_HH; equal household income quintiles
SE,2010,First quintile,13880,0.105255973731506,105.255973731506,Eurostat hbs_exp_t133 PPS_HH; equal household income quintiles
SE,2010,Second quintile,18140,0.137560761058323,137.560761058323,Eurostat hbs_exp_t133 PPS_HH; equal household income quintiles
SE,2010,Third quintile,24412,0.185123114606162,185.123114606162,Eurostat hbs_exp_t133 PPS_HH; equal household income quintiles
SE,2010,Fourth quintile,32367,0.245448134133117,245.448134133117,Eurostat hbs_exp_t133 PPS_HH; equal household income quintiles
SE,2010,Fifth quintile,43070,0.326612016470892,326.612016470892,Eurostat hbs_exp_t133 PPS_HH; equal household income quintiles
SE,2015,First quintile,15754,0.110225642819661,110.225642819661,Eurostat hbs_exp_t133 PPS_HH; equal household income quintiles
SE,2015,Second quintile,20750,0.145181039006472,145.181039006472,Eurostat hbs_exp_t133 PPS_HH; equal household income quintiles
SE,2015,Third quintile,26874,0.188028686373972,188.028686373972,Eurostat hbs_exp_t133 PPS_HH; equal household income quintiles
SE,2015,Fourth quintile,33746,0.236109847822284,236.109847822284,Eurostat hbs_exp_t133 PPS_HH; equal household income quintiles
SE,2015,Fifth quintile,45801,0.320454783977611,320.454783977611,Eurostat hbs_exp_t133 PPS_HH; equal household income quintiles
SI,2005,First quintile,10588,0.0889770330344462,88.9770330344463,Eurostat hbs_exp_t133 PPS_HH; equal household income quintiles
SI,2005,Second quintile,18296,0.153751775254838,153.751775254838,Eurostat hbs_exp_t133 PPS_HH; equal household income quintiles
SI,2005,Third quintile,22857,0.192080472616957,192.080472616957,Eurostat hbs_exp_t133 PPS_HH; equal household income quintiles
SI,2005,Fourth quintile,28822,0.242207786750927,242.207786750927,Eurostat hbs_exp_t133 PPS_HH; equal household income quintiles
SI,2005,Fifth quintile,38434,0.322982932342832,322.982932342832,Eurostat hbs_exp_t133 PPS_HH; equal household income quintiles
SI,2010,First quintile,12649,0.0991666209340431,99.1666209340431,Eurostat hbs_exp_t133 PPS_HH; equal household income quintiles
SI,2010,Second quintile,19095,0.149702476617563,149.702476617563,Eurostat hbs_exp_t133 PPS_HH; equal household income quintiles
SI,2010,Third quintile,24283,0.190375765368121,190.375765368121,Eurostat hbs_exp_t133 PPS_HH; equal household income quintiles
SI,2010,Fourth quintile,30254,0.237187678847224,237.187678847224,Eurostat hbs_exp_t133 PPS_HH; equal household income quintiles
SI,2010,Fifth quintile,41272,0.323567458233048,323.567458233048,Eurostat hbs_exp_t133 PPS_HH; equal household income quintiles
SI,2015,First quintile,13775,0.106932983488461,106.932983488461,Eurostat hbs_exp_t133 PPS_HH; equal household income quintiles
SI,2015,Second quintile,19369,0.150358254605299,150.358254605299,Eurostat hbs_exp_t133 PPS_HH; equal household income quintiles
SI,2015,Third quintile,24795,0.192479370279229,192.479370279229,Eurostat hbs_exp_t133 PPS_HH; equal household income quintiles
SI,2015,Fourth quintile,30211,0.234522857652986,234.522857652986,Eurostat hbs_exp_t133 PPS_HH; equal household income quintiles
SI,2015,Fifth quintile,40669,0.315706533974026,315.706533974026,Eurostat hbs_exp_t133 PPS_HH; equal household income quintiles
SI,2020,First quintile,13283,0.101564411548813,101.564411548813,Eurostat hbs_exp_t133 PPS_HH; equal household income quintiles
SI,2020,Second quintile,19060,0.145736481526792,145.736481526792,Eurostat hbs_exp_t133 PPS_HH; equal household income quintiles
SI,2020,Third quintile,25474,0.194779177881086,194.779177881086,Eurostat hbs_exp_t133 PPS_HH; equal household income quintiles
SI,2020,Fourth quintile,31251,0.238951247859065,238.951247859065,Eurostat hbs_exp_t133 PPS_HH; equal household income quintiles
SI,2020,Fifth quintile,41716,0.318968681184243,318.968681184243,Eurostat hbs_exp_t133 PPS_HH; equal household income quintiles
SK,2005,First quintile,7610,0.12840197749169,128.40197749169,Eurostat hbs_exp_t133 PPS_HH; equal household income quintiles
SK,2005,Second quintile,9558,0.161270184082204,161.270184082204,Eurostat hbs_exp_t133 PPS_HH; equal household income quintiles
SK,2005,Third quintile,11316,0.190932559434424,190.932559434424,Eurostat hbs_exp_t133 PPS_HH; equal household income quintiles
SK,2005,Fourth quintile,12890,0.217490340324295,217.490340324295,Eurostat hbs_exp_t133 PPS_HH; equal household income quintiles
SK,2005,Fifth quintile,17893,0.301904938667387,301.904938667387,Eurostat hbs_exp_t133 PPS_HH; equal household income quintiles
SK,2010,First quintile,7583,0.100821677391906,100.821677391906,Eurostat hbs_exp_t133 PPS_HH; equal household income quintiles
SK,2010,Second quintile,11353,0.15094665744828,150.94665744828,Eurostat hbs_exp_t133 PPS_HH; equal household income quintiles
SK,2010,Third quintile,14355,0.190860500983886,190.860500983886,Eurostat hbs_exp_t133 PPS_HH; equal household income quintiles
SK,2010,Fourth quintile,17631,0.234417380205286,234.417380205286,Eurostat hbs_exp_t133 PPS_HH; equal household income quintiles
SK,2010,Fifth quintile,24290,0.322953783970643,322.953783970643,Eurostat hbs_exp_t133 PPS_HH; equal household income quintiles
SK,2015,First quintile,10608,0.109693297210101,109.693297210101,Eurostat hbs_exp_t133 PPS_HH; equal household income quintiles
SK,2015,Second quintile,15175,0.156918908857775,156.918908857775,Eurostat hbs_exp_t133 PPS_HH; equal household income quintiles
SK,2015,Third quintile,19219,0.198736376233119,198.736376233119,Eurostat hbs_exp_t133 PPS_HH; equal household income quintiles
SK,2015,Fourth quintile,22402,0.231650569768163,231.650569768163,Eurostat hbs_exp_t133 PPS_HH; equal household income quintiles
SK,2015,Fifth quintile,29302,0.303000847930842,303.000847930842,Eurostat hbs_exp_t133 PPS_HH; equal household income quintiles
SK,2020,First quintile,8879,0.113155848955612,113.155848955612,Eurostat hbs_exp_t133 PPS_HH; equal household income quintiles
SK,2020,Second quintile,13308,0.169599959218525,169.599959218525,Eurostat hbs_exp_t133 PPS_HH; equal household income quintiles
SK,2020,Third quintile,16050,0.204544585621981,204.544585621981,Eurostat hbs_exp_t133 PPS_HH; equal household income quintiles
SK,2020,Fourth quintile,18333,0.233639619202977,233.639619202977,Eurostat hbs_exp_t133 PPS_HH; equal household income quintiles
SK,2020,Fifth quintile,21897,0.279059987000905,279.059987000905,Eurostat hbs_exp_t133 PPS_HH; equal household income quintiles
TR,2005,First quintile,5183,0.100740539174717,100.740539174717,Eurostat hbs_exp_t133 PPS_HH; equal household income quintiles
TR,2005,Second quintile,7113,0.138253416004198,138.253416004198,Eurostat hbs_exp_t133 PPS_HH; equal household income quintiles
TR,2005,Third quintile,9001,0.174949950436354,174.949950436354,Eurostat hbs_exp_t133 PPS_HH; equal household income quintiles
TR,2005,Fourth quintile,11264,0.218935256273203,218.935256273203,Eurostat hbs_exp_t133 PPS_HH; equal household income quintiles
TR,2005,Fifth quintile,18888,0.367120838111528,367.120838111528,Eurostat hbs_exp_t133 PPS_HH; equal household income quintiles
TR,2010,First quintile,7143,0.0897485833469449,89.7485833469449,Eurostat hbs_exp_t133 PPS_HH; equal household income quintiles
TR,2010,Second quintile,10908,0.137054115518476,137.054115518476,Eurostat hbs_exp_t133 PPS_HH; equal household income quintiles
TR,2010,Third quintile,14102,0.177185289424418,177.185289424418,Eurostat hbs_exp_t133 PPS_HH; equal household income quintiles
TR,2010,Fourth quintile,18300,0.229931271909435,229.931271909435,Eurostat hbs_exp_t133 PPS_HH; equal household income quintiles
TR,2010,Fifth quintile,29136,0.366080739800726,366.080739800726,Eurostat hbs_exp_t133 PPS_HH; equal household income quintiles
TR,2015,First quintile,9186,0.0849438700967247,84.9438700967247,Eurostat hbs_exp_t133 PPS_HH; equal household income quintiles
TR,2015,Second quintile,14707,0.135997114904477,135.997114904477,Eurostat hbs_exp_t133 PPS_HH; equal household income quintiles
TR,2015,Third quintile,18968,0.17539901240961,175.39901240961,Eurostat hbs_exp_t133 PPS_HH; equal household income quintiles
TR,2015,Fourth quintile,24396,0.225592276821217,225.592276821217,Eurostat hbs_exp_t133 PPS_HH; equal household income quintiles
TR,2015,Fifth quintile,40885,0.378067725767972,378.067725767972,Eurostat hbs_exp_t133 PPS_HH; equal household income quintiles
TR,2020,First quintile,8440,0.0890633573931029,89.0633573931029,Eurostat hbs_exp_t133 PPS_HH; equal household income quintiles
TR,2020,Second quintile,13145,0.138713013380609,138.713013380609,Eurostat hbs_exp_t133 PPS_HH; equal household income quintiles
TR,2020,Third quintile,16840,0.177704613566333,177.704613566333,Eurostat hbs_exp_t133 PPS_HH; equal household income quintiles
TR,2020,Fourth quintile,21547,0.227375374614833,227.375374614833,Eurostat hbs_exp_t133 PPS_HH; equal household income quintiles
TR,2020,Fifth quintile,34792,0.367143641045123,367.143641045123,Eurostat hbs_exp_t133 PPS_HH; equal household income quintiles
UK,1988,First quintile,9359,0.107644000736106,107.644000736106,Eurostat hbs_exp_t133 PPS_HH; equal household income quintiles
UK,1988,Second quintile,11840,0.13617960986382,136.17960986382,Eurostat hbs_exp_t133 PPS_HH; equal household income quintiles
UK,1988,Third quintile,16269,0.18712044534413,187.12044534413,Eurostat hbs_exp_t133 PPS_HH; equal household income quintiles
UK,1988,Fourth quintile,20605,0.236991626794258,236.991626794258,Eurostat hbs_exp_t133 PPS_HH; equal household income quintiles
UK,1988,Fifth quintile,28871,0.332064317261686,332.064317261686,Eurostat hbs_exp_t133 PPS_HH; equal household income quintiles
UK,1994,First quintile,11906,0.116384324382448,116.384324382448,Eurostat hbs_exp_t133 PPS_HH; equal household income quintiles
UK,1994,Second quintile,15494,0.151457981016432,151.457981016432,Eurostat hbs_exp_t133 PPS_HH; equal household income quintiles
UK,1994,Third quintile,19667,0.192250168623349,192.250168623349,Eurostat hbs_exp_t133 PPS_HH; equal household income quintiles
UK,1994,Fourth quintile,24328,0.23781268634102,237.81268634102,Eurostat hbs_exp_t133 PPS_HH; equal household income quintiles
UK,1994,Fifth quintile,30904,0.302094839636751,302.094839636751,Eurostat hbs_exp_t133 PPS_HH; equal household income quintiles
UK,1999,First quintile,14347,0.103798292577051,103.798292577051,Eurostat hbs_exp_t133 PPS_HH; equal household income quintiles
UK,1999,Second quintile,20095,0.145384170163507,145.384170163507,Eurostat hbs_exp_t133 PPS_HH; equal household income quintiles
UK,1999,Third quintile,26870,0.194400231514976,194.400231514976,Eurostat hbs_exp_t133 PPS_HH; equal household income quintiles
UK,1999,Fourth quintile,32114,0.232339748227464,232.339748227464,Eurostat hbs_exp_t133 PPS_HH; equal household income quintiles
UK,1999,Fifth quintile,44794,0.324077557517002,324.077557517002,Eurostat hbs_exp_t133 PPS_HH; equal household income quintiles
UK,2005,First quintile,18941,0.118547216102544,118.547216102544,Eurostat hbs_exp_t133 PPS_HH; equal household income quintiles
UK,2005,Second quintile,24341,0.152344532345283,152.344532345283,Eurostat hbs_exp_t133 PPS_HH; equal household income quintiles
UK,2005,Third quintile,29455,0.184351842579611,184.351842579611,Eurostat hbs_exp_t133 PPS_HH; equal household income quintiles
UK,2005,Fourth quintile,36638,0.229308531944723,229.308531944723,Eurostat hbs_exp_t133 PPS_HH; equal household income quintiles
UK,2005,Fifth quintile,50401,0.315447877027839,315.447877027839,Eurostat hbs_exp_t133 PPS_HH; equal household income quintiles
UK,2010,First quintile,12893,0.108829239469908,108.829239469908,Eurostat hbs_exp_t133 PPS_HH; equal household income quintiles
UK,2010,Second quintile,16094,0.13584873807715,135.84873807715,Eurostat hbs_exp_t133 PPS_HH; equal household income quintiles
UK,2010,Third quintile,21556,0.18195323710644,181.95323710644,Eurostat hbs_exp_t133 PPS_HH; equal household income quintiles
UK,2010,Fourth quintile,26749,0.225787119101882,225.787119101882,Eurostat hbs_exp_t133 PPS_HH; equal household income quintiles
UK,2010,Fifth quintile,41178,0.347581666244619,347.581666244619,Eurostat hbs_exp_t133 PPS_HH; equal household income quintiles
UK,2015,First quintile,13365,0.105572889924563,105.572889924563,Eurostat hbs_exp_t133 PPS_HH; equal household income quintiles
UK,2015,Second quintile,17381,0.137296101741775,137.296101741775,Eurostat hbs_exp_t133 PPS_HH; equal household income quintiles
UK,2015,Third quintile,23715,0.187329673367827,187.329673367827,Eurostat hbs_exp_t133 PPS_HH; equal household income quintiles
UK,2015,Fourth quintile,28915,0.228405545242703,228.405545242703,Eurostat hbs_exp_t133 PPS_HH; equal household income quintiles
UK,2015,Fifth quintile,43219,0.341395789723133,341.395789723133,Eurostat hbs_exp_t133 PPS_HH; equal household income quintiles
XK,2015,First quintile,8832,0.117289279026839,117.289279026839,Eurostat hbs_exp_t133 PPS_HH; equal household income quintiles
XK,2015,Second quintile,12118,0.160927477722739,160.927477722739,Eurostat hbs_exp_t133 PPS_HH; equal household income quintiles
XK,2015,Third quintile,14576,0.193569806509874,193.569806509874,Eurostat hbs_exp_t133 PPS_HH; equal household income quintiles
XK,2015,Fourth quintile,17207,0.228509581546062,228.509581546062,Eurostat hbs_exp_t133 PPS_HH; equal household income quintiles
XK,2015,Fifth quintile,22568,0.299703855194486,299.703855194486,Eurostat hbs_exp_t133 PPS_HH; equal household income quintiles
